/****************************************************************************
** Resource object code
**
** Created by: The Resource Compiler for Qt version 6.8.1
**
** WARNING! All changes made in this file will be lost!
*****************************************************************************/

#ifdef _MSC_VER
// disable informational message "function ... selected for automatic inline expansion"
#pragma warning (disable: 4711)
#endif

static const unsigned char qt_resource_data[] = {
  // Main.qml
  0x0,0x0,0x2,0x81,
  0x0,
  0x0,0x9,0x5,0x78,0xda,0xcd,0x55,0xcf,0x8b,0xd3,0x40,0x14,0xbe,0x17,0xfa,0x3f,
  0xc,0x39,0xb5,0x28,0xd9,0xa2,0xa8,0x50,0xf0,0xe2,0x42,0xd9,0x43,0x17,0xba,0x96,
  0xd2,0xa3,0x8c,0xc9,0x34,0x79,0x6c,0x32,0xb3,0xce,0x4c,0x8c,0xab,0x5b,0xf0,0x22,
  0x7b,0x51,0xe8,0x41,0x44,0xf0,0xa0,0x20,0x8a,0x20,0xe8,0x6d,0x41,0x44,0xfc,0x67,
  0xb6,0xdd,0x7f,0xc3,0x49,0xa6,0xd9,0x4c,0x9a,0x64,0x5b,0xeb,0xc5,0xa1,0x90,0xcc,
  0xf4,0x7b,0xef,0x7d,0xf3,0xbd,0x1f,0x81,0xf0,0x88,0x71,0x89,0xe,0xe4,0x41,0x4,
  0xce,0x61,0xb3,0x1,0x85,0xbd,0xbd,0xcb,0xa8,0xe4,0x2c,0x10,0xcd,0x46,0xb3,0xd1,
  0xe3,0x38,0x24,0x1,0x11,0x62,0xc,0xd4,0x65,0x31,0x7a,0xd6,0x6c,0x20,0xb5,0xc0,
  0xed,0xa2,0x38,0x3d,0xd1,0xfb,0xc7,0x20,0xe0,0x61,0x40,0xba,0x48,0xf2,0x88,0xe8,
  0x23,0x46,0xc7,0xe0,0x4a,0x7f,0xd7,0xc7,0xd4,0x23,0xa,0xbe,0xb4,0x4c,0xd1,0x98,
  0x23,0xc1,0x22,0xee,0x90,0x1,0x96,0x3e,0xba,0x8b,0x2,0x86,0x5d,0xc2,0x6d,0x7d,
  0x66,0x4b,0x36,0x94,0x1c,0xa8,0xd7,0x6a,0xe7,0x26,0x30,0x69,0xe5,0x16,0x36,0x50,
  0x27,0x88,0x5c,0x22,0x5a,0xd6,0x3e,0x6,0xaa,0xa9,0xd9,0x8f,0xc2,0xc0,0x6a,0xb7,
  0xcd,0x38,0xc9,0x5a,0xba,0x6,0x49,0x42,0x3b,0x4e,0x8,0xa9,0x70,0xe9,0x33,0x87,
  0x4d,0xf5,0xeb,0x34,0xb9,0xaf,0x66,0xbe,0x47,0xc0,0xf3,0xe5,0xff,0x44,0xdd,0x4f,
  0x19,0xa9,0x78,0xfa,0xa5,0x8a,0x7c,0xf2,0xe8,0xa7,0x26,0xa6,0x23,0x95,0x29,0xed,
  0x27,0x3f,0x3a,0xee,0xde,0xec,0xe4,0x3b,0xcd,0xad,0x8b,0xac,0x3e,0xf3,0x80,0xe,
  0xb0,0x47,0x52,0x3a,0x39,0x40,0x95,0x3,0x25,0x8e,0x4,0x46,0xc5,0x2a,0x43,0x89,
  0xb9,0x47,0x64,0xd7,0x64,0x5a,0x4,0x80,0x47,0x19,0x27,0x23,0x7a,0x48,0x59,0x4c,
  0x87,0x6a,0x87,0x3,0x61,0x16,0x49,0xb6,0x26,0x11,0x4d,0x23,0x28,0xed,0x87,0x31,
  0x48,0xc7,0xbf,0x4f,0x3c,0x10,0x92,0xf0,0x56,0x49,0x15,0x43,0x19,0x4d,0x5d,0x89,
  0x62,0x65,0xf0,0xa,0xfa,0x85,0xd4,0xd6,0xc6,0x4b,0x2f,0xbf,0x61,0xb0,0x3a,0xa1,
  0x8c,0x3c,0xd4,0xc6,0xe9,0xb1,0x44,0xb1,0x1,0x16,0x22,0x66,0xdc,0xdd,0x30,0x60,
  0xd1,0x68,0x8b,0x3b,0xfe,0xcd,0xed,0x56,0xca,0xb2,0x6c,0xb1,0xb3,0x83,0x46,0x82,
  0xf0,0x7d,0x8f,0xdb,0xa3,0x23,0x17,0x4b,0xd2,0xe3,0x40,0xa8,0xdb,0x57,0x9,0x30,
  0xcb,0xde,0x80,0xab,0x46,0x92,0x39,0x3c,0xd9,0x55,0x81,0xa7,0xa5,0xa2,0xd6,0xcd,
  0x98,0xd6,0x74,0xb1,0xb,0x97,0x7e,0xcf,0x7f,0xfd,0xbe,0x78,0xfd,0x5,0xe5,0x4d,
  0x87,0xe6,0x3f,0xce,0x16,0x1f,0x9f,0x2f,0xde,0x7f,0x5a,0xbc,0xfd,0x3e,0x9f,0x7d,
  0x9e,0xbf,0x7c,0x31,0x9f,0x7d,0xbd,0x78,0xf7,0x6d,0xf1,0xe1,0x74,0xf1,0xe6,0xf4,
  0xfc,0xe7,0xd9,0x7c,0xf6,0xaa,0xe8,0x66,0x8b,0x86,0xbe,0xaa,0xa9,0x8b,0xb5,0xd1,
  0x46,0x27,0x27,0xa8,0x12,0x57,0x2a,0xd8,0x4,0x5a,0x16,0x2f,0x6f,0xd0,0x15,0xfb,
  0x9a,0x92,0x68,0x57,0xe6,0x58,0x4f,0x6a,0x1b,0xc4,0x3,0x4e,0x4,0x3c,0x4d,0xd2,
  0x3c,0x51,0x8d,0x48,0x6a,0x91,0x21,0xd0,0x7b,0x54,0xe,0x7d,0x35,0xf0,0xd7,0x42,
  0xf1,0x93,0x4d,0xa1,0xd9,0xf8,0x2d,0x8d,0xe4,0x5a,0x8b,0xcb,0xa9,0x57,0x31,0xa,
  0xaf,0x21,0x73,0x8a,0x65,0xcb,0x51,0x53,0x8a,0x5,0xc4,0xe,0x98,0xd7,0xb2,0x8c,
  0xbc,0x82,0x40,0xd6,0x75,0x43,0xca,0xd5,0xda,0x43,0x44,0x31,0xdf,0x7e,0x54,0xd7,
  0xa8,0x5c,0x1e,0x74,0x75,0x22,0x5f,0x8d,0x34,0x35,0x5e,0xe7,0x13,0xc2,0x28,0x1c,
  0x2f,0x95,0xbe,0x7d,0xa7,0xb3,0xe,0xba,0x97,0x49,0x7c,0xeb,0x46,0xa7,0x76,0x3a,
  0x1c,0xab,0xff,0x3b,0x95,0xad,0x5d,0xfd,0x79,0xcd,0xd3,0xbd,0xd6,0xe8,0x32,0xc5,
  0x85,0x94,0xff,0x53,0x62,0xd7,0x8d,0x15,0xf5,0x50,0xbf,0x3f,0x12,0x4,0x87,0xe8,
  
    // ChatList.qml
  0x0,0x0,0xe,0x8f,
  0x69,
  0x6d,0x70,0x6f,0x72,0x74,0x20,0x51,0x74,0x51,0x75,0x69,0x63,0x6b,0xd,0xa,0x69,
  0x6d,0x70,0x6f,0x72,0x74,0x20,0x51,0x74,0x51,0x75,0x69,0x63,0x6b,0x2e,0x43,0x6f,
  0x6e,0x74,0x72,0x6f,0x6c,0x73,0xd,0xa,0x69,0x6d,0x70,0x6f,0x72,0x74,0x20,0x51,
  0x74,0x51,0x75,0x69,0x63,0x6b,0x2e,0x44,0x69,0x61,0x6c,0x6f,0x67,0x73,0xd,0xa,
  0x69,0x6d,0x70,0x6f,0x72,0x74,0x20,0x51,0x74,0x51,0x75,0x69,0x63,0x6b,0x2e,0x43,
  0x6f,0x6e,0x74,0x72,0x6f,0x6c,0x73,0x2e,0x4d,0x61,0x74,0x65,0x72,0x69,0x61,0x6c,
  0xd,0xa,0x2f,0x2a,0x2a,0x2a,0x2a,0x2a,0x2a,0x2a,0x2a,0x2a,0x2a,0x2a,0x2a,0x2a,
  0x2a,0x2a,0x2a,0x2a,0x2a,0x2a,0x2a,0x2a,0x2a,0x2a,0x2a,0x2a,0x2a,0x2a,0x2a,0x2a,
  0x2a,0x2a,0x2a,0x2a,0x2a,0x2a,0x2a,0x2a,0x2a,0x2a,0x2a,0x2a,0x2a,0x2a,0x2a,0x2a,
  0x2a,0x2a,0x2a,0x2a,0x2a,0x2a,0x2a,0x2a,0x2a,0x2a,0x2a,0x2a,0x2a,0x2a,0x2a,0x2a,
  0x2a,0x2a,0x2a,0x2a,0x2a,0x2a,0x2a,0x2a,0x2a,0x2a,0x2a,0x2a,0x2a,0x2a,0x2a,0x2a,
  0x2a,0xd,0xa,0x20,0x2a,0xd,0xa,0x20,0x2a,0x20,0x40,0x66,0x69,0x6c,0x65,0x20,
  0x20,0x20,0x20,0x20,0x20,0x20,0x43,0x68,0x61,0x74,0x4c,0x69,0x73,0x74,0x2e,0x71,
  0x6d,0x6c,0xd,0xa,0x20,0x2a,0x20,0x20,0x20,0x20,0x20,0x20,0x20,0x20,0x20,0x20,
  0x20,0x20,0x20,0x20,0xe8,0x81,0x8a,0xe5,0xa4,0xa9,0xe5,0x88,0x97,0xe8,0xa1,0xa8,
  0xd,0xa,0x20,0x2a,0x20,0x40,0x61,0x75,0x74,0x68,0x6f,0x72,0x20,0x20,0x20,0x20,
  0x20,0x78,0x75,0x6f,0x72,0x7a,0xd,0xa,0x20,0x2a,0x20,0x40,0x64,0x61,0x74,0x65,
  0x20,0x20,0x20,0x20,0x20,0x20,0x20,0x32,0x30,0x32,0x35,0x2f,0x30,0x33,0x2f,0x31,
  0x36,0xd,0xa,0x20,0x2a,0x20,0x40,0x68,0x69,0x73,0x74,0x6f,0x72,0x79,0xd,0xa,
  0x20,0x2a,0x2a,0x2a,0x2a,0x2a,0x2a,0x2a,0x2a,0x2a,0x2a,0x2a,0x2a,0x2a,0x2a,0x2a,
  0x2a,0x2a,0x2a,0x2a,0x2a,0x2a,0x2a,0x2a,0x2a,0x2a,0x2a,0x2a,0x2a,0x2a,0x2a,0x2a,
  0x2a,0x2a,0x2a,0x2a,0x2a,0x2a,0x2a,0x2a,0x2a,0x2a,0x2a,0x2a,0x2a,0x2a,0x2a,0x2a,
  0x2a,0x2a,0x2a,0x2a,0x2a,0x2a,0x2a,0x2a,0x2a,0x2a,0x2a,0x2a,0x2a,0x2a,0x2a,0x2a,
  0x2a,0x2a,0x2a,0x2a,0x2a,0x2a,0x2a,0x2a,0x2a,0x2a,0x2a,0x2a,0x2a,0x2a,0x2f,0xd,
  0xa,0x4c,0x69,0x73,0x74,0x56,0x69,0x65,0x77,0x20,0x7b,0xd,0xa,0x20,0x20,0x20,
  0x20,0x69,0x64,0x3a,0x63,0x68,0x61,0x74,0x4c,0x69,0x73,0x74,0xd,0xa,0x20,0x20,
  0x20,0x20,0x63,0x6c,0x69,0x70,0x3a,0x20,0x74,0x72,0x75,0x65,0x20,0x20,0x2f,0x2f,
  0x20,0xe9,0x98,0xb2,0xe6,0xad,0xa2,0xe5,0x86,0x85,0xe5,0xae,0xb9,0xe6,0xba,0xa2,
  0xe5,0x87,0xba,0xd,0xa,0x20,0x20,0x20,0x20,0x62,0x6f,0x75,0x6e,0x64,0x73,0x42,
  0x65,0x68,0x61,0x76,0x69,0x6f,0x72,0x3a,0x46,0x6c,0x69,0x63,0x6b,0x61,0x62,0x6c,
  0x65,0x2e,0x53,0x74,0x6f,0x70,0x41,0x74,0x42,0x6f,0x75,0x6e,0x64,0x73,0xd,0xa,
  0x20,0x20,0x20,0x20,0x77,0x69,0x64,0x74,0x68,0x3a,0x20,0x70,0x61,0x72,0x65,0x6e,
  0x74,0x2e,0x77,0x69,0x64,0x74,0x68,0x20,0x2d,0x20,0x32,0x30,0xd,0xa,0x20,0x20,
  0x20,0x20,0x70,0x72,0x6f,0x70,0x65,0x72,0x74,0x79,0x20,0x69,0x6e,0x74,0x20,0x61,
  0x63,0x74,0x69,0x76,0x65,0x49,0x6e,0x64,0x65,0x78,0x3a,0x20,0x30,0xd,0xa,0xd,
  0xa,0x20,0x20,0x20,0x20,0x70,0x72,0x6f,0x70,0x65,0x72,0x74,0x79,0x20,0x76,0x61,
  0x72,0x20,0x6c,0x61,0x73,0x74,0x6d,0x65,0x73,0x73,0x61,0x67,0x65,0x73,0x20,0x3a,
  0x20,0x5b,0xd,0xa,0x20,0x20,0x20,0x20,0x20,0x20,0x20,0x20,0x22,0x68,0x65,0x6c,
  0x6c,0x6f,0x20,0x77,0x6f,0x72,0x6c,0x64,0x20,0x21,0x22,0x2c,0xd,0xa,0x20,0x20,
  0x20,0x20,0x20,0x20,0x20,0x20,0x22,0x6e,0x69,0x63,0x65,0x20,0x74,0x6f,0x20,0x6d,
  0x65,0x65,0x74,0x20,0x75,0x22,0x2c,0xd,0xa,0x20,0x20,0x20,0x20,0x20,0x20,0x20,
  0x20,0x22,0x4e,0x65,0x77,0x20,0x79,0x65,0x61,0x72,0xef,0xbc,0x8c,0x6e,0x65,0x77,
  0x20,0x6c,0x69,0x66,0x65,0x22,0x2c,0xd,0xa,0x20,0x20,0x20,0x20,0x20,0x20,0x20,
  0x20,0x22,0x59,0x6f,0x75,0x20,0x68,0x61,0x76,0x65,0x20,0x74,0x6f,0x20,0x6c,0x6f,
  0x76,0x65,0x20,0x79,0x6f,0x75,0x72,0x73,0x65,0x6c,0x66,0x22,0x2c,0xd,0xa,0x20,
  0x20,0x20,0x20,0x20,0x20,0x20,0x20,0x22,0x4d,0x79,0x20,0x6c,0x6f,0x76,0x65,0x20,
  0x69,0x73,0x20,0x77,0x72,0x69,0x74,0x74,0x65,0x6e,0x20,0x69,0x6e,0x20,0x74,0x68,
  0x65,0x20,0x77,0x69,0x6e,0x64,0x20,0x65,0x76,0x65,0x72,0x20,0x73,0x69,0x6e,0x63,
  0x65,0x20,0x74,0x68,0x65,0x20,0x77,0x68,0x6f,0x6c,0x65,0x20,0x77,0x6f,0x72,0x6c,
  0x64,0x20,0x69,0x73,0x20,0x79,0x6f,0x75,0x22,0xd,0xa,0x20,0x20,0x20,0x20,0x5d,
  0xd,0xa,0x20,0x20,0x20,0x20,0x70,0x72,0x6f,0x70,0x65,0x72,0x74,0x79,0x20,0x76,
  0x61,0x72,0x20,0x6e,0x61,0x6d,0x65,0x73,0x20,0x3a,0x20,0x5b,0xd,0xa,0x20,0x20,
  0x20,0x20,0x20,0x20,0x20,0x20,0x22,0x43,0x79,0x62,0x65,0x72,0x50,0x75,0x6e,0x6b,
  0x34,0x32,0x22,0x2c,0xd,0xa,0x20,0x20,0x20,0x20,0x20,0x20,0x20,0x20,0x22,0x5a,
  0x61,0x63,0x6b,0x54,0x68,0x65,0x48,0x61,0x63,0x6b,0x65,0x72,0x22,0x2c,0xd,0xa,
  0x20,0x20,0x20,0x20,0x20,0x20,0x20,0x20,0x22,0x43,0x6f,0x64,0x65,0x57,0x69,0x7a,
  0x61,0x72,0x64,0x32,0x30,0x37,0x37,0x22,0x2c,0xd,0xa,0x20,0x20,0x20,0x20,0x20,
  0x20,0x20,0x20,0x22,0x50,0x69,0x78,0x65,0x6c,0x50,0x69,0x6f,0x6e,0x65,0x65,0x72,
  0x22,0x2c,0xd,0xa,0x20,0x20,0x20,0x20,0x20,0x20,0x20,0x20,0x22,0x4a,0x61,0x76,
  0x61,0x4a,0x75,0x6e,0x6b,0x69,0x65,0x5f,0x39,0x39,0x22,0x2c,0xd,0xa,0x20,0x20,
  0x20,0x20,0x20,0x20,0x20,0x20,0x22,0x4e,0x6f,0x64,0x65,0x4e,0x69,0x6e,0x6a,0x61,
  0x58,0x22,0x2c,0xd,0xa,0x20,0x20,0x20,0x20,0x20,0x20,0x20,0x20,0x22,0x50,0x79,
  0x72,0x6f,0x50,0x61,0x6e,0x64,0x61,0x22,0x2c,0xd,0xa,0x20,0x20,0x20,0x20,0x20,
  0x20,0x20,0x20,0x22,0x52,0x75,0x73,0x74,0x79,0x52,0x65,0x62,0x65,0x6c,0x22,0x2c,
  0xd,0xa,0x20,0x20,0x20,0x20,0x20,0x20,0x20,0x20,0x22,0x43,0x79,0x62,0x65,0x72,
  0x4c,0x6c,0x61,0x6d,0x61,0x22,0x2c,0xd,0xa,0x20,0x20,0x20,0x20,0x20,0x20,0x20,
  0x20,0x22,0x5a,0x61,0x63,0x6b,0x41,0x74,0x74,0x61,0x63,0x6b,0x5f,0x37,0x22,0x2c,
  0xd,0xa,0x20,0x20,0x20,0x20,0x20,0x20,0x20,0x20,0x22,0x47,0x69,0x67,0x61,0x47,
  0x6f,0x6c,0x61,0x6e,0x67,0x22,0x2c,0xd,0xa,0x20,0x20,0x20,0x20,0x20,0x20,0x20,
  0x20,0x22,0x43,0x70,0x70,0x43,0x72,0x75,0x73,0x61,0x64,0x65,0x72,0x22,0x2c,0xd,
  0xa,0x20,0x20,0x20,0x20,0x20,0x20,0x20,0x20,0x22,0x4a,0x61,0x76,0x61,0x4a,0x65,
  0x64,0x69,0x22,0x2c,0xd,0xa,0x20,0x20,0x20,0x20,0x5d,0xd,0xa,0x20,0x20,0x20,
  0x20,0x70,0x72,0x6f,0x70,0x65,0x72,0x74,0x79,0x20,0x62,0x6f,0x6f,0x6c,0x20,0x69,
  0x73,0x4c,0x6f,0x61,0x64,0x69,0x6e,0x67,0x4d,0x6f,0x72,0x65,0x3a,0x20,0x66,0x61,
  0x6c,0x73,0x65,0xd,0xa,0xd,0xa,0x20,0x20,0x20,0x20,0x2f,0x2f,0x20,0xe6,0xb7,
  0xbb,0xe5,0x8a,0xa0,0xe6,0xbb,0x9a,0xe5,0x8a,0xa8,0xe6,0x9d,0xa1,0xd,0xa,0x20,
  0x20,0x20,0x20,0x53,0x63,0x72,0x6f,0x6c,0x6c,0x42,0x61,0x72,0x2e,0x76,0x65,0x72,
  0x74,0x69,0x63,0x61,0x6c,0x3a,0x20,0x53,0x63,0x72,0x6f,0x6c,0x6c,0x42,0x61,0x72,
  0x20,0x7b,0xd,0xa,0x20,0x20,0x20,0x20,0x20,0x20,0x20,0x20,0x70,0x61,0x64,0x64,
  0x69,0x6e,0x67,0x3a,0x20,0x32,0x20,0x20,0x2f,0x2f,0x20,0xe6,0xb7,0xbb,0xe5,0x8a,
  0xa0,0xe5,0x86,0x85,0xe8,0xbe,0xb9,0xe8,0xb7,0x9d,0xd,0xa,0x20,0x20,0x20,0x20,
  0x20,0x20,0x20,0x20,0x70,0x6f,0x6c,0x69,0x63,0x79,0x3a,0x20,0x53,0x63,0x72,0x6f,
  0x6c,0x6c,0x42,0x61,0x72,0x2e,0x41,0x73,0x4e,0x65,0x65,0x64,0x65,0x64,0x20,0x20,
  0x2f,0x2f,0x20,0xe9,0x9c,0x80,0xe8,0xa6,0x81,0xe6,0x97,0xb6,0xe6,0x89,0x8d,0xe6,
  0x98,0xbe,0xe7,0xa4,0xba,0xd,0xa,0x20,0x20,0x20,0x20,0x20,0x20,0x20,0x20,0x69,
  0x6e,0x74,0x65,0x72,0x61,0x63,0x74,0x69,0x76,0x65,0x3a,0x20,0x74,0x72,0x75,0x65,
  0x20,0x20,0x2f,0x2f,0x20,0xe5,0x8f,0xaf,0xe4,0xbb,0xa5,0xe4,0xba,0xa4,0xe4,0xba,
  0x92,0xd,0xa,0x20,0x20,0x20,0x20,0x7d,0xd,0xa,0x20,0x20,0x20,0x20,0x4c,0x69,
  0x73,0x74,0x4d,0x6f,0x64,0x65,0x6c,0x20,0x7b,0xd,0xa,0x20,0x20,0x20,0x20,0x20,
  0x20,0x20,0x20,0x69,0x64,0x3a,0x20,0x64,0x61,0x74,0x61,0x4d,0x6f,0x64,0x65,0x6c,
  0xd,0xa,0x20,0x20,0x20,0x20,0x7d,0xd,0xa,0x20,0x20,0x20,0x20,0x6d,0x6f,0x64,
  0x65,0x6c,0x3a,0x20,0x64,0x61,0x74,0x61,0x4d,0x6f,0x64,0x65,0x6c,0xd,0xa,0x20,
  0x20,0x20,0x20,0x64,0x65,0x6c,0x65,0x67,0x61,0x74,0x65,0x3a,0x20,0x43,0x68,0x61,
  0x74,0x49,0x74,0x65,0x6d,0x20,0x7b,0xd,0xa,0x20,0x20,0x20,0x20,0x20,0x20,0x20,
  0x20,0x69,0x64,0x3a,0x63,0x68,0x61,0x74,0x49,0x74,0x65,0x6d,0xd,0xa,0x20,0x20,
  0x20,0x20,0x20,0x20,0x20,0x20,0x77,0x69,0x64,0x74,0x68,0x3a,0x20,0x63,0x68,0x61,
  0x74,0x4c,0x69,0x73,0x74,0x2e,0x77,0x69,0x64,0x74,0x68,0xd,0xa,0x20,0x20,0x20,
  0x20,0x20,0x20,0x20,0x20,0x69,0x73,0x41,0x63,0x74,0x69,0x76,0x65,0x3a,0x20,0x69,
  0x6e,0x64,0x65,0x78,0x20,0x3d,0x3d,0x3d,0x20,0x63,0x68,0x61,0x74,0x4c,0x69,0x73,
  0x74,0x2e,0x61,0x63,0x74,0x69,0x76,0x65,0x49,0x6e,0x64,0x65,0x78,0xd,0xa,0xd,
  0xa,0x20,0x20,0x20,0x20,0x20,0x20,0x20,0x20,0x6f,0x6e,0x43,0x6c,0x69,0x63,0x6b,
  0x65,0x64,0x3a,0x20,0x7b,0xd,0xa,0x20,0x20,0x20,0x20,0x20,0x20,0x20,0x20,0x20,
  0x20,0x20,0x20,0x69,0x66,0x28,0x61,0x63,0x74,0x69,0x76,0x65,0x49,0x6e,0x64,0x65,
  0x78,0x20,0x3d,0x3d,0x3d,0x20,0x69,0x6e,0x64,0x65,0x78,0x29,0xd,0xa,0x20,0x20,
  0x20,0x20,0x20,0x20,0x20,0x20,0x20,0x20,0x20,0x20,0x20,0x20,0x20,0x20,0x72,0x65,
  0x74,0x75,0x72,0x6e,0xd,0xa,0x20,0x20,0x20,0x20,0x20,0x20,0x20,0x20,0x20,0x20,
  0x20,0x20,0x61,0x63,0x74,0x69,0x76,0x65,0x49,0x6e,0x64,0x65,0x78,0x20,0x3d,0x20,
  0x69,0x6e,0x64,0x65,0x78,0xd,0xa,0x20,0x20,0x20,0x20,0x20,0x20,0x20,0x20,0x20,
  0x20,0x20,0x20,0x70,0x5f,0x6f,0x62,0x6a,0x65,0x63,0x74,0x2e,0x6e,0x61,0x6d,0x65,
  0x20,0x3d,0x20,0x64,0x61,0x74,0x61,0x4d,0x6f,0x64,0x65,0x6c,0x2e,0x67,0x65,0x74,
  0x28,0x69,0x6e,0x64,0x65,0x78,0x29,0x2e,0x6e,0x61,0x6d,0x65,0xd,0xa,0x20,0x20,
  0x20,0x20,0x20,0x20,0x20,0x20,0x7d,0xd,0xa,0x20,0x20,0x20,0x20,0x7d,0xd,0xa,
  0x20,0x20,0x20,0x20,0x43,0x6f,0x6d,0x70,0x6f,0x6e,0x65,0x6e,0x74,0x2e,0x6f,0x6e,
  0x43,0x6f,0x6d,0x70,0x6c,0x65,0x74,0x65,0x64,0x3a,0x20,0x7b,0xd,0xa,0x20,0x20,
  0x20,0x20,0x20,0x20,0x20,0x20,0x6c,0x6f,0x61,0x64,0x49,0x6e,0x69,0x74,0x69,0x61,
  0x6c,0x44,0x61,0x74,0x61,0x28,0x29,0xd,0xa,0x20,0x20,0x20,0x20,0x20,0x20,0x20,
  0x20,0x70,0x5f,0x6f,0x62,0x6a,0x65,0x63,0x74,0x2e,0x6e,0x61,0x6d,0x65,0x20,0x3d,
  0x20,0x64,0x61,0x74,0x61,0x4d,0x6f,0x64,0x65,0x6c,0x2e,0x67,0x65,0x74,0x28,0x61,
  0x63,0x74,0x69,0x76,0x65,0x49,0x6e,0x64,0x65,0x78,0x29,0x2e,0x6e,0x61,0x6d,0x65,
  0xd,0xa,0x20,0x20,0x20,0x20,0x7d,0xd,0xa,0x20,0x20,0x20,0x20,0x6f,0x6e,0x43,
  0x6f,0x6e,0x74,0x65,0x6e,0x74,0x59,0x43,0x68,0x61,0x6e,0x67,0x65,0x64,0x3a,0x20,
  0x7b,0xd,0xa,0x20,0x20,0x20,0x20,0x20,0x20,0x20,0x20,0x69,0x66,0x20,0x28,0x63,
  0x6f,0x6e,0x74,0x65,0x6e,0x74,0x59,0x20,0x2b,0x20,0x68,0x65,0x69,0x67,0x68,0x74,
  0x20,0x3e,0x3d,0x20,0x63,0x6f,0x6e,0x74,0x65,0x6e,0x74,0x48,0x65,0x69,0x67,0x68,
  0x74,0x20,0x26,0x26,0x20,0x21,0x69,0x73,0x4c,0x6f,0x61,0x64,0x69,0x6e,0x67,0x4d,
  0x6f,0x72,0x65,0x29,0x20,0x7b,0x20,0x20,0x2f,0x2f,0x20,0xe8,0xb7,0x9d,0xe7,0xa6,
  0xbb,0xe5,0xba,0x95,0xe9,0x83,0xa8,0x20,0x31,0x30,0x20,0xe5,0x83,0x8f,0xe7,0xb4,
  0xa0,0xe6,0x97,0xb6,0xe5,0x8a,0xa0,0xe8,0xbd,0xbd,0xe6,0x9b,0xb4,0xe5,0xa4,0x9a,
  0xd,0xa,0x20,0x20,0x20,0x20,0x20,0x20,0x20,0x20,0x20,0x20,0x20,0x20,0x6c,0x6f,
  0x61,0x64,0x4d,0x6f,0x72,0x65,0x44,0x61,0x74,0x61,0x28,0x29,0xd,0xa,0x20,0x20,
  0x20,0x20,0x20,0x20,0x20,0x20,0x7d,0xd,0xa,0x20,0x20,0x20,0x20,0x7d,0xd,0xa,
  0x20,0x20,0x20,0x20,0x6f,0x6e,0x48,0x65,0x69,0x67,0x68,0x74,0x43,0x68,0x61,0x6e,
  0x67,0x65,0x64,0x3a,0x20,0x7b,0xd,0xa,0x20,0x20,0x20,0x20,0x20,0x20,0x20,0x20,
  0x63,0x6f,0x6e,0x73,0x6f,0x6c,0x65,0x2e,0x6c,0x6f,0x67,0x28,0x68,0x65,0x69,0x67,
  0x68,0x74,0x29,0xd,0xa,0x20,0x20,0x20,0x20,0x7d,0xd,0xa,0xd,0xa,0x20,0x20,
  0x20,0x20,0x66,0x75,0x6e,0x63,0x74,0x69,0x6f,0x6e,0x20,0x6c,0x6f,0x61,0x64,0x49,
  0x6e,0x69,0x74,0x69,0x61,0x6c,0x44,0x61,0x74,0x61,0x28,0x29,0x20,0x7b,0xd,0xa,
  0x20,0x20,0x20,0x20,0x20,0x20,0x20,0x20,0x66,0x6f,0x72,0x28,0x6c,0x65,0x74,0x20,
  0x69,0x20,0x3d,0x20,0x30,0x3b,0x20,0x69,0x20,0x3c,0x20,0x6e,0x61,0x6d,0x65,0x73,
  0x2e,0x6c,0x65,0x6e,0x67,0x74,0x68,0x3b,0x20,0x2b,0x2b,0x69,0x29,0x20,0x7b,0xd,
  0xa,0x20,0x20,0x20,0x20,0x20,0x20,0x20,0x20,0x20,0x20,0x20,0x20,0x76,0x61,0x72,
  0x20,0x72,0x61,0x6e,0x64,0x6f,0x6d,0x6c,0x61,0x73,0x74,0x6d,0x65,0x73,0x73,0x61,
  0x67,0x65,0x49,0x6e,0x64,0x65,0x78,0x20,0x3d,0x20,0x4d,0x61,0x74,0x68,0x2e,0x66,
  0x6c,0x6f,0x6f,0x72,0x28,0x4d,0x61,0x74,0x68,0x2e,0x72,0x61,0x6e,0x64,0x6f,0x6d,
  0x28,0x29,0x20,0x2a,0x20,0x6c,0x61,0x73,0x74,0x6d,0x65,0x73,0x73,0x61,0x67,0x65,
  0x73,0x2e,0x6c,0x65,0x6e,0x67,0x74,0x68,0x29,0x3b,0xd,0xa,0x20,0x20,0x20,0x20,
  0x20,0x20,0x20,0x20,0x20,0x20,0x20,0x20,0x76,0x61,0x72,0x20,0x72,0x61,0x6e,0x64,
  0x6f,0x6d,0x61,0x76,0x61,0x74,0x6f,0x72,0x49,0x6e,0x64,0x65,0x78,0x20,0x3d,0x20,
  0x4d,0x61,0x74,0x68,0x2e,0x66,0x6c,0x6f,0x6f,0x72,0x28,0x4d,0x61,0x74,0x68,0x2e,
  0x72,0x61,0x6e,0x64,0x6f,0x6d,0x28,0x29,0x20,0x2a,0x20,0x32,0x30,0x29,0x20,0x2b,
  0x20,0x31,0x3b,0xd,0xa,0x20,0x20,0x20,0x20,0x20,0x20,0x20,0x20,0x20,0x20,0x20,
  0x20,0x64,0x61,0x74,0x61,0x4d,0x6f,0x64,0x65,0x6c,0x2e,0x61,0x70,0x70,0x65,0x6e,
  0x64,0x28,0x7b,0xd,0xa,0x20,0x20,0x20,0x20,0x20,0x20,0x20,0x20,0x20,0x20,0x20,
  0x20,0x20,0x20,0x20,0x20,0x22,0x6e,0x61,0x6d,0x65,0x22,0x20,0x3a,0x20,0x6e,0x61,
  0x6d,0x65,0x73,0x5b,0x69,0x5d,0x2c,0xd,0xa,0x20,0x20,0x20,0x20,0x20,0x20,0x20,
  0x20,0x20,0x20,0x20,0x20,0x20,0x20,0x20,0x20,0x22,0x61,0x76,0x61,0x74,0x61,0x72,
  0x22,0x20,0x3a,0x20,0x22,0x71,0x72,0x63,0x3a,0x2f,0x73,0x74,0x61,0x74,0x65,0x73,
  0x2f,0x22,0x2b,0x20,0x72,0x61,0x6e,0x64,0x6f,0x6d,0x61,0x76,0x61,0x74,0x6f,0x72,
  0x49,0x6e,0x64,0x65,0x78,0x20,0x2b,0x20,0x22,0x2e,0x6a,0x70,0x67,0x22,0x2c,0xd,
  0xa,0x20,0x20,0x20,0x20,0x20,0x20,0x20,0x20,0x20,0x20,0x20,0x20,0x20,0x20,0x20,
  0x20,0x22,0x6c,0x61,0x73,0x74,0x6d,0x65,0x73,0x73,0x61,0x67,0x65,0x22,0x3a,0x20,
  0x6c,0x61,0x73,0x74,0x6d,0x65,0x73,0x73,0x61,0x67,0x65,0x73,0x5b,0x72,0x61,0x6e,
  0x64,0x6f,0x6d,0x6c,0x61,0x73,0x74,0x6d,0x65,0x73,0x73,0x61,0x67,0x65,0x49,0x6e,
  0x64,0x65,0x78,0x5d,0x2c,0xd,0xa,0x20,0x20,0x20,0x20,0x20,0x20,0x20,0x20,0x20,
  0x20,0x20,0x20,0x20,0x20,0x20,0x20,0x22,0x6c,0x61,0x73,0x74,0x74,0x69,0x6d,0x65,
  0x22,0x3a,0x20,0x22,0x30,0x30,0x3a,0x31,0x32,0x22,0xd,0xa,0x20,0x20,0x20,0x20,
  0x20,0x20,0x20,0x20,0x20,0x20,0x20,0x20,0x7d,0x29,0xd,0xa,0x20,0x20,0x20,0x20,
  0x20,0x20,0x20,0x20,0x7d,0xd,0xa,0x20,0x20,0x20,0x20,0x7d,0xd,0xa,0x20,0x20,
  0x20,0x20,0x66,0x75,0x6e,0x63,0x74,0x69,0x6f,0x6e,0x20,0x6c,0x6f,0x61,0x64,0x4d,
  0x6f,0x72,0x65,0x44,0x61,0x74,0x61,0x28,0x29,0x20,0x7b,0xd,0xa,0x20,0x20,0x20,
  0x20,0x20,0x20,0x20,0x20,0x69,0x66,0x20,0x28,0x69,0x73,0x4c,0x6f,0x61,0x64,0x69,
  0x6e,0x67,0x4d,0x6f,0x72,0x65,0x29,0x20,0x72,0x65,0x74,0x75,0x72,0x6e,0xd,0xa,
  0x20,0x20,0x20,0x20,0x20,0x20,0x20,0x20,0x69,0x73,0x4c,0x6f,0x61,0x64,0x69,0x6e,
  0x67,0x4d,0x6f,0x72,0x65,0x20,0x3d,0x20,0x74,0x72,0x75,0x65,0xd,0xa,0x20,0x20,
  0x20,0x20,0x20,0x20,0x20,0x20,0x63,0x6f,0x6e,0x73,0x6f,0x6c,0x65,0x2e,0x6c,0x6f,
  0x67,0x28,0x22,0x4c,0x6f,0x61,0x64,0x69,0x6e,0x67,0x20,0x6d,0x6f,0x72,0x65,0x20,
  0x64,0x61,0x74,0x61,0x2e,0x2e,0x2e,0x22,0x29,0xd,0xa,0xd,0xa,0x20,0x20,0x20,
  0x20,0x20,0x20,0x20,0x20,0x2f,0x2f,0x20,0xe6,0xa8,0xa1,0xe6,0x8b,0x9f,0xe5,0xbb,
  0xb6,0xe8,0xbf,0x9f,0xe5,0x8a,0xa0,0xe8,0xbd,0xbd,0xef,0xbc,0x88,0xe4,0xbe,0x8b,
  0xe5,0xa6,0x82,0xe4,0xbb,0x8e,0xe6,0x9c,0x8d,0xe5,0x8a,0xa1,0xe5,0x99,0xa8,0xe8,
  0x8e,0xb7,0xe5,0x8f,0x96,0xe6,0x95,0xb0,0xe6,0x8d,0xae,0xef,0xbc,0x89,0xd,0xa,
  0x20,0x20,0x20,0x20,0x20,0x20,0x20,0x20,0x51,0x74,0x2e,0x63,0x61,0x6c,0x6c,0x4c,
  0x61,0x74,0x65,0x72,0x28,0x28,0x29,0x20,0x3d,0x3e,0x20,0x7b,0xd,0xa,0x20,0x20,
  0x20,0x20,0x20,0x20,0x20,0x20,0x20,0x20,0x20,0x20,0x66,0x6f,0x72,0x20,0x28,0x6c,
  0x65,0x74,0x20,0x69,0x20,0x3d,0x20,0x30,0x3b,0x20,0x69,0x20,0x3c,0x20,0x35,0x3b,
  0x20,0x2b,0x2b,0x69,0x29,0x20,0x7b,0x20,0x20,0x2f,0x2f,0x20,0xe6,0xaf,0x8f,0xe6,
  0xac,0xa1,0xe5,0x8a,0xa0,0xe8,0xbd,0xbd,0x20,0x35,0x20,0xe6,0x9d,0xa1,0xe6,0x95,
  0xb0,0xe6,0x8d,0xae,0xd,0xa,0x20,0x20,0x20,0x20,0x20,0x20,0x20,0x20,0x20,0x20,
  0x20,0x20,0x20,0x20,0x20,0x20,0x61,0x70,0x70,0x65,0x6e,0x64,0x52,0x61,0x6e,0x64,
  0x6f,0x6d,0x44,0x61,0x74,0x61,0x28,0x29,0xd,0xa,0x20,0x20,0x20,0x20,0x20,0x20,
  0x20,0x20,0x20,0x20,0x20,0x20,0x7d,0xd,0xa,0x20,0x20,0x20,0x20,0x20,0x20,0x20,
  0x20,0x20,0x20,0x20,0x20,0x69,0x73,0x4c,0x6f,0x61,0x64,0x69,0x6e,0x67,0x4d,0x6f,
  0x72,0x65,0x20,0x3d,0x20,0x66,0x61,0x6c,0x73,0x65,0xd,0xa,0x20,0x20,0x20,0x20,
  0x20,0x20,0x20,0x20,0x20,0x20,0x20,0x20,0x63,0x6f,0x6e,0x73,0x6f,0x6c,0x65,0x2e,
  0x6c,0x6f,0x67,0x28,0x22,0x46,0x69,0x6e,0x69,0x73,0x68,0x65,0x64,0x20,0x6c,0x6f,
  0x61,0x64,0x69,0x6e,0x67,0x20,0x6d,0x6f,0x72,0x65,0x20,0x64,0x61,0x74,0x61,0x2e,
  0x22,0x29,0xd,0xa,0x20,0x20,0x20,0x20,0x20,0x20,0x20,0x20,0x7d,0x29,0xd,0xa,
  0x20,0x20,0x20,0x20,0x7d,0xd,0xa,0x20,0x20,0x20,0x20,0x66,0x75,0x6e,0x63,0x74,
  0x69,0x6f,0x6e,0x20,0x61,0x70,0x70,0x65,0x6e,0x64,0x52,0x61,0x6e,0x64,0x6f,0x6d,
  0x44,0x61,0x74,0x61,0x28,0x29,0x20,0x7b,0xd,0xa,0x20,0x20,0x20,0x20,0x20,0x20,
  0x20,0x20,0x69,0x66,0x20,0x28,0x6e,0x61,0x6d,0x65,0x73,0x2e,0x6c,0x65,0x6e,0x67,
  0x74,0x68,0x20,0x3d,0x3d,0x3d,0x20,0x30,0x29,0x20,0x72,0x65,0x74,0x75,0x72,0x6e,
  0xd,0xa,0x20,0x20,0x20,0x20,0x20,0x20,0x20,0x20,0x6c,0x65,0x74,0x20,0x72,0x61,
  0x6e,0x64,0x6f,0x6d,0x4e,0x61,0x6d,0x65,0x49,0x6e,0x64,0x65,0x78,0x20,0x3d,0x20,
  0x4d,0x61,0x74,0x68,0x2e,0x66,0x6c,0x6f,0x6f,0x72,0x28,0x4d,0x61,0x74,0x68,0x2e,
  0x72,0x61,0x6e,0x64,0x6f,0x6d,0x28,0x29,0x20,0x2a,0x20,0x6e,0x61,0x6d,0x65,0x73,
  0x2e,0x6c,0x65,0x6e,0x67,0x74,0x68,0x29,0xd,0xa,0x20,0x20,0x20,0x20,0x20,0x20,
  0x20,0x20,0x6c,0x65,0x74,0x20,0x72,0x61,0x6e,0x64,0x6f,0x6d,0x4c,0x61,0x73,0x74,
  0x4d,0x65,0x73,0x73,0x61,0x67,0x65,0x49,0x6e,0x64,0x65,0x78,0x20,0x3d,0x20,0x4d,
  0x61,0x74,0x68,0x2e,0x66,0x6c,0x6f,0x6f,0x72,0x28,0x4d,0x61,0x74,0x68,0x2e,0x72,
  0x61,0x6e,0x64,0x6f,0x6d,0x28,0x29,0x20,0x2a,0x20,0x6c,0x61,0x73,0x74,0x6d,0x65,
  0x73,0x73,0x61,0x67,0x65,0x73,0x2e,0x6c,0x65,0x6e,0x67,0x74,0x68,0x29,0xd,0xa,
  0x20,0x20,0x20,0x20,0x20,0x20,0x20,0x20,0x6c,0x65,0x74,0x20,0x72,0x61,0x6e,0x64,
  0x6f,0x6d,0x41,0x76,0x61,0x74,0x61,0x72,0x49,0x6e,0x64,0x65,0x78,0x20,0x3d,0x20,
  0x4d,0x61,0x74,0x68,0x2e,0x66,0x6c,0x6f,0x6f,0x72,0x28,0x4d,0x61,0x74,0x68,0x2e,
  0x72,0x61,0x6e,0x64,0x6f,0x6d,0x28,0x29,0x20,0x2a,0x20,0x32,0x30,0x29,0x20,0x2b,
  0x20,0x31,0xd,0xa,0xd,0xa,0x20,0x20,0x20,0x20,0x20,0x20,0x20,0x20,0x64,0x61,
  0x74,0x61,0x4d,0x6f,0x64,0x65,0x6c,0x2e,0x61,0x70,0x70,0x65,0x6e,0x64,0x28,0x7b,
  0xd,0xa,0x20,0x20,0x20,0x20,0x20,0x20,0x20,0x20,0x20,0x20,0x20,0x20,0x22,0x6e,
  0x61,0x6d,0x65,0x22,0x3a,0x20,0x6e,0x61,0x6d,0x65,0x73,0x5b,0x72,0x61,0x6e,0x64,
  0x6f,0x6d,0x4e,0x61,0x6d,0x65,0x49,0x6e,0x64,0x65,0x78,0x5d,0x2c,0xd,0xa,0x20,
  0x20,0x20,0x20,0x20,0x20,0x20,0x20,0x20,0x20,0x20,0x20,0x22,0x61,0x76,0x61,0x74,
  0x61,0x72,0x22,0x3a,0x20,0x22,0x71,0x72,0x63,0x3a,0x2f,0x73,0x74,0x61,0x74,0x65,
  0x73,0x2f,0x22,0x20,0x2b,0x20,0x72,0x61,0x6e,0x64,0x6f,0x6d,0x41,0x76,0x61,0x74,
  0x61,0x72,0x49,0x6e,0x64,0x65,0x78,0x20,0x2b,0x20,0x22,0x2e,0x6a,0x70,0x67,0x22,
  0x2c,0xd,0xa,0x20,0x20,0x20,0x20,0x20,0x20,0x20,0x20,0x20,0x20,0x20,0x20,0x22,
  0x6c,0x61,0x73,0x74,0x6d,0x65,0x73,0x73,0x61,0x67,0x65,0x22,0x3a,0x20,0x6c,0x61,
  0x73,0x74,0x6d,0x65,0x73,0x73,0x61,0x67,0x65,0x73,0x5b,0x72,0x61,0x6e,0x64,0x6f,
  0x6d,0x4c,0x61,0x73,0x74,0x4d,0x65,0x73,0x73,0x61,0x67,0x65,0x49,0x6e,0x64,0x65,
  0x78,0x5d,0x2c,0xd,0xa,0x20,0x20,0x20,0x20,0x20,0x20,0x20,0x20,0x20,0x20,0x20,
  0x20,0x22,0x6c,0x61,0x73,0x74,0x74,0x69,0x6d,0x65,0x22,0x3a,0x20,0x22,0x30,0x30,
  0x3a,0x31,0x32,0x22,0xd,0xa,0x20,0x20,0x20,0x20,0x20,0x20,0x20,0x20,0x7d,0x29,
  0xd,0xa,0x20,0x20,0x20,0x20,0x7d,0xd,0xa,0xd,0xa,0x7d,0xd,0xa,
    // ChatTools.qml
  0x0,0x0,0x6,0xc1,
  0x69,
  0x6d,0x70,0x6f,0x72,0x74,0x20,0x51,0x74,0x51,0x75,0x69,0x63,0x6b,0xd,0xa,0x69,
  0x6d,0x70,0x6f,0x72,0x74,0x20,0x51,0x74,0x51,0x75,0x69,0x63,0x6b,0x2e,0x4c,0x61,
  0x79,0x6f,0x75,0x74,0x73,0xd,0xa,0x69,0x6d,0x70,0x6f,0x72,0x74,0x20,0x51,0x74,
  0x51,0x75,0x69,0x63,0x6b,0x2e,0x43,0x6f,0x6e,0x74,0x72,0x6f,0x6c,0x73,0xd,0xa,
  0x69,0x6d,0x70,0x6f,0x72,0x74,0x20,0x51,0x74,0x51,0x75,0x69,0x63,0x6b,0x2e,0x43,
  0x6f,0x6e,0x74,0x72,0x6f,0x6c,0x73,0x2e,0x4d,0x61,0x74,0x65,0x72,0x69,0x61,0x6c,
  0xd,0xa,0x69,0x6d,0x70,0x6f,0x72,0x74,0x20,0x51,0x74,0x51,0x75,0x69,0x63,0x6b,
  0x2e,0x44,0x69,0x61,0x6c,0x6f,0x67,0x73,0xd,0xa,0x69,0x6d,0x70,0x6f,0x72,0x74,
  0x20,0x67,0x6c,0x6f,0x62,0x61,0x6c,0xd,0xa,0x52,0x65,0x63,0x74,0x61,0x6e,0x67,
  0x6c,0x65,0x20,0x7b,0xd,0xa,0x20,0x20,0x20,0x20,0x68,0x65,0x69,0x67,0x68,0x74,
  0x3a,0x20,0x33,0x30,0xd,0xa,0x20,0x20,0x20,0x20,0x4c,0x61,0x79,0x6f,0x75,0x74,
  0x2e,0x66,0x69,0x6c,0x6c,0x57,0x69,0x64,0x74,0x68,0x3a,0x20,0x74,0x72,0x75,0x65,
  0xd,0xa,0x20,0x20,0x20,0x20,0x63,0x6f,0x6c,0x6f,0x72,0x3a,0x20,0x22,0x23,0x46,
  0x35,0x46,0x35,0x46,0x35,0x22,0xd,0xa,0xd,0xa,0x20,0x20,0x20,0x20,0x73,0x69,
  0x67,0x6e,0x61,0x6c,0x20,0x73,0x65,0x6e,0x64,0x4d,0x65,0x73,0x73,0x61,0x67,0x65,
  0x28,0x76,0x61,0x72,0x20,0x6d,0x65,0x73,0x73,0x61,0x67,0x65,0x29,0xd,0xa,0xd,
  0xa,0x20,0x20,0x20,0x20,0x52,0x6f,0x77,0x4c,0x61,0x79,0x6f,0x75,0x74,0x20,0x7b,
  0xd,0xa,0x20,0x20,0x20,0x20,0x20,0x20,0x20,0x20,0x61,0x6e,0x63,0x68,0x6f,0x72,
  0x73,0x2e,0x6c,0x65,0x66,0x74,0x4d,0x61,0x72,0x67,0x69,0x6e,0x3a,0x20,0x31,0x30,
  0xd,0xa,0x20,0x20,0x20,0x20,0x20,0x20,0x20,0x20,0x73,0x70,0x61,0x63,0x69,0x6e,
  0x67,0x3a,0x20,0x31,0x30,0xd,0xa,0x20,0x20,0x20,0x20,0x20,0x20,0x20,0x20,0x61,
  0x6e,0x63,0x68,0x6f,0x72,0x73,0x2e,0x66,0x69,0x6c,0x6c,0x3a,0x20,0x70,0x61,0x72,
  0x65,0x6e,0x74,0xd,0xa,0x20,0x20,0x20,0x20,0x20,0x20,0x20,0x20,0x2f,0x2f,0x20,
  0xe8,0xa1,0xa8,0xe6,0x83,0x85,0xe6,0x8c,0x89,0xe9,0x92,0xae,0xd,0xa,0x20,0x20,
  0x20,0x20,0x20,0x20,0x20,0x20,0x48,0x6f,0x76,0x65,0x72,0x49,0x6d,0x61,0x67,0x65,
  0x20,0x7b,0xd,0xa,0x20,0x20,0x20,0x20,0x20,0x20,0x20,0x20,0x20,0x20,0x20,0x20,
  0x77,0x69,0x64,0x74,0x68,0x3a,0x20,0x32,0x30,0xd,0xa,0x20,0x20,0x20,0x20,0x20,
  0x20,0x20,0x20,0x20,0x20,0x20,0x20,0x68,0x65,0x69,0x67,0x68,0x74,0x3a,0x20,0x32,
  0x30,0xd,0xa,0x20,0x20,0x20,0x20,0x20,0x20,0x20,0x20,0x20,0x20,0x20,0x20,0x63,
  0x6f,0x6c,0x6f,0x72,0x3a,0x20,0x22,0x23,0x46,0x35,0x46,0x35,0x46,0x35,0x22,0xd,
  0xa,0x20,0x20,0x20,0x20,0x20,0x20,0x20,0x20,0x20,0x20,0x20,0x20,0x64,0x65,0x66,
  0x61,0x75,0x6c,0x74,0x53,0x6f,0x75,0x72,0x63,0x65,0x3a,0x20,0x22,0x71,0x72,0x63,
  0x3a,0x2f,0x73,0x72,0x63,0x2f,0x65,0x6d,0x6f,0x6a,0x69,0x2e,0x70,0x6e,0x67,0x22,
  0xd,0xa,0x20,0x20,0x20,0x20,0x20,0x20,0x20,0x20,0x20,0x20,0x20,0x20,0x2f,0x2f,
  0x20,0x68,0x6f,0x76,0x65,0x72,0x53,0x6f,0x75,0x72,0x63,0x65,0x3a,0xd,0xa,0x20,
  0x20,0x20,0x20,0x20,0x20,0x20,0x20,0x7d,0xd,0xa,0xd,0xa,0x20,0x20,0x20,0x20,
  0x20,0x20,0x20,0x20,0x2f,0x2f,0x20,0xe6,0x96,0x87,0xe4,0xbb,0xb6,0xe6,0x8c,0x89,
  0xe9,0x92,0xae,0xd,0xa,0x20,0x20,0x20,0x20,0x20,0x20,0x20,0x20,0x48,0x6f,0x76,
  0x65,0x72,0x49,0x6d,0x61,0x67,0x65,0x20,0x7b,0xd,0xa,0x20,0x20,0x20,0x20,0x20,
  0x20,0x20,0x20,0x20,0x20,0x20,0x20,0x77,0x69,0x64,0x74,0x68,0x3a,0x20,0x32,0x30,
  0xd,0xa,0x20,0x20,0x20,0x20,0x20,0x20,0x20,0x20,0x20,0x20,0x20,0x20,0x68,0x65,
  0x69,0x67,0x68,0x74,0x3a,0x20,0x32,0x30,0xd,0xa,0x20,0x20,0x20,0x20,0x20,0x20,
  0x20,0x20,0x20,0x20,0x20,0x20,0x63,0x6f,0x6c,0x6f,0x72,0x3a,0x20,0x22,0x23,0x46,
  0x35,0x46,0x35,0x46,0x35,0x22,0xd,0xa,0x20,0x20,0x20,0x20,0x20,0x20,0x20,0x20,
  0x20,0x20,0x20,0x20,0x64,0x65,0x66,0x61,0x75,0x6c,0x74,0x53,0x6f,0x75,0x72,0x63,
  0x65,0x3a,0x20,0x22,0x71,0x72,0x63,0x3a,0x2f,0x73,0x72,0x63,0x2f,0x66,0x6f,0x6c,
  0x64,0x65,0x72,0x5f,0x62,0x6c,0x61,0x63,0x6b,0x2e,0x70,0x6e,0x67,0x22,0xd,0xa,
  0x20,0x20,0x20,0x20,0x20,0x20,0x20,0x20,0x20,0x20,0x20,0x20,0x6f,0x6e,0x43,0x6c,
  0x69,0x63,0x6b,0x65,0x64,0x3a,0x20,0x7b,0xd,0xa,0x20,0x20,0x20,0x20,0x20,0x20,
  0x20,0x20,0x20,0x20,0x20,0x20,0x20,0x20,0x20,0x20,0x66,0x69,0x6c,0x65,0x44,0x69,
  0x61,0x6c,0x6f,0x67,0x2e,0x6f,0x70,0x65,0x6e,0x28,0x29,0xd,0xa,0x20,0x20,0x20,
  0x20,0x20,0x20,0x20,0x20,0x20,0x20,0x20,0x20,0x7d,0xd,0xa,0x20,0x20,0x20,0x20,
  0x20,0x20,0x20,0x20,0x7d,0xd,0xa,0x20,0x20,0x20,0x20,0x20,0x20,0x20,0x20,0x49,
  0x74,0x65,0x6d,0x20,0x7b,0xd,0xa,0x20,0x20,0x20,0x20,0x20,0x20,0x20,0x20,0x20,
  0x20,0x20,0x20,0x4c,0x61,0x79,0x6f,0x75,0x74,0x2e,0x66,0x69,0x6c,0x6c,0x57,0x69,
  0x64,0x74,0x68,0x3a,0x20,0x74,0x72,0x75,0x65,0xd,0xa,0x20,0x20,0x20,0x20,0x20,
  0x20,0x20,0x20,0x20,0x20,0x20,0x20,0x4c,0x61,0x79,0x6f,0x75,0x74,0x2e,0x66,0x69,
  0x6c,0x6c,0x48,0x65,0x69,0x67,0x68,0x74,0x3a,0x20,0x74,0x72,0x75,0x65,0xd,0xa,
  0x20,0x20,0x20,0x20,0x20,0x20,0x20,0x20,0x7d,0xd,0xa,0x20,0x20,0x20,0x20,0x7d,
  0xd,0xa,0x20,0x20,0x20,0x20,0x46,0x69,0x6c,0x65,0x44,0x69,0x61,0x6c,0x6f,0x67,
  0x20,0x7b,0xd,0xa,0x20,0x20,0x20,0x20,0x20,0x20,0x20,0x20,0x69,0x64,0x3a,0x20,
  0x66,0x69,0x6c,0x65,0x44,0x69,0x61,0x6c,0x6f,0x67,0xd,0xa,0x20,0x20,0x20,0x20,
  0x20,0x20,0x20,0x20,0x74,0x69,0x74,0x6c,0x65,0x3a,0x20,0x22,0xe9,0x80,0x89,0xe6,
  0x8b,0xa9,0xe6,0x96,0x87,0xe4,0xbb,0xb6,0x22,0xd,0xa,0x20,0x20,0x20,0x20,0x20,
  0x20,0x20,0x20,0x6e,0x61,0x6d,0x65,0x46,0x69,0x6c,0x74,0x65,0x72,0x73,0x3a,0x20,
  0x5b,0xd,0xa,0x20,0x20,0x20,0x20,0x20,0x20,0x20,0x20,0x20,0x20,0x20,0x20,0x22,
  0xe6,0x89,0x80,0xe6,0x9c,0x89,0xe6,0x96,0x87,0xe4,0xbb,0xb6,0x20,0x28,0x2a,0x2e,
  0x2a,0x29,0x22,0x2c,0xd,0xa,0x20,0x20,0x20,0x20,0x20,0x20,0x20,0x20,0x20,0x20,
  0x20,0x20,0x22,0xe5,0x9b,0xbe,0xe7,0x89,0x87,0xe6,0x96,0x87,0xe4,0xbb,0xb6,0x20,
  0x28,0x2a,0x2e,0x6a,0x70,0x67,0x20,0x2a,0x2e,0x6a,0x70,0x65,0x67,0x20,0x2a,0x2e,
  0x70,0x6e,0x67,0x20,0x2a,0x2e,0x67,0x69,0x66,0x20,0x2a,0x2e,0x62,0x6d,0x70,0x20,
  0x2a,0x2e,0x77,0x65,0x62,0x70,0x29,0x22,0xd,0xa,0x20,0x20,0x20,0x20,0x20,0x20,
  0x20,0x20,0x5d,0xd,0xa,0x20,0x20,0x20,0x20,0x20,0x20,0x20,0x20,0x6f,0x6e,0x41,
  0x63,0x63,0x65,0x70,0x74,0x65,0x64,0x3a,0x20,0x7b,0xd,0xa,0x20,0x20,0x20,0x20,
  0x20,0x20,0x20,0x20,0x20,0x20,0x20,0x20,0x63,0x6f,0x6e,0x73,0x6f,0x6c,0x65,0x2e,
  0x6c,0x6f,0x67,0x28,0x22,0xe9,0x80,0x89,0xe6,0x8b,0xa9,0xe7,0x9a,0x84,0xe6,0x96,
  0x87,0xe4,0xbb,0xb6,0x3a,0x22,0x2c,0x20,0x66,0x69,0x6c,0x65,0x44,0x69,0x61,0x6c,
  0x6f,0x67,0x2e,0x73,0x65,0x6c,0x65,0x63,0x74,0x65,0x64,0x46,0x69,0x6c,0x65,0x29,
  0xd,0xa,0x20,0x20,0x20,0x20,0x20,0x20,0x20,0x20,0x20,0x20,0x20,0x20,0x73,0x65,
  0x6e,0x64,0x46,0x69,0x6c,0x65,0x44,0x69,0x61,0x6c,0x6f,0x67,0x2e,0x73,0x68,0x6f,
  0x77,0x28,0x29,0xd,0xa,0x20,0x20,0x20,0x20,0x20,0x20,0x20,0x20,0x7d,0xd,0xa,
  0x20,0x20,0x20,0x20,0x7d,0xd,0xa,0x20,0x20,0x20,0x20,0x53,0x65,0x6e,0x64,0x46,
  0x69,0x6c,0x65,0x44,0x69,0x61,0x6c,0x6f,0x67,0x20,0x7b,0xd,0xa,0x20,0x20,0x20,
  0x20,0x20,0x20,0x20,0x20,0x69,0x64,0x3a,0x73,0x65,0x6e,0x64,0x46,0x69,0x6c,0x65,
  0x44,0x69,0x61,0x6c,0x6f,0x67,0xd,0xa,0xd,0xa,0x20,0x20,0x20,0x20,0x20,0x20,
  0x20,0x20,0x2f,0x2f,0x20,0x6f,0x6e,0x41,0x63,0x63,0x65,0x70,0x74,0x65,0x64,0x3a,
  0x20,0x7b,0xd,0xa,0x20,0x20,0x20,0x20,0x20,0x20,0x20,0x20,0x2f,0x2f,0x20,0x20,
  0x20,0x20,0x20,0x76,0x61,0x72,0x20,0x6d,0x65,0x73,0x73,0x61,0x67,0x65,0x20,0x3d,
  0x20,0x7b,0xd,0xa,0x20,0x20,0x20,0x20,0x20,0x20,0x20,0x20,0x2f,0x2f,0x20,0x20,
  0x20,0x20,0x20,0x20,0x20,0x20,0x20,0x22,0x75,0x73,0x65,0x72,0x4e,0x61,0x6d,0x65,
  0x22,0x3a,0x20,0x22,0x78,0x6d,0x79,0x22,0x2c,0xd,0xa,0x20,0x20,0x20,0x20,0x20,
  0x20,0x20,0x20,0x2f,0x2f,0x20,0x20,0x20,0x20,0x20,0x20,0x20,0x20,0x20,0x22,0x61,
  0x76,0x61,0x74,0x61,0x72,0x22,0x3a,0x20,0x22,0x71,0x72,0x63,0x3a,0x2f,0x73,0x72,
  0x63,0x2f,0x61,0x76,0x61,0x74,0x61,0x72,0x2e,0x6a,0x70,0x67,0x22,0x2c,0xd,0xa,
  0x20,0x20,0x20,0x20,0x20,0x20,0x20,0x20,0x2f,0x2f,0x20,0x20,0x20,0x20,0x20,0x20,
  0x20,0x20,0x20,0x22,0x6d,0x65,0x73,0x73,0x61,0x67,0x65,0x22,0x3a,0x20,0x53,0x74,
  0x72,0x69,0x6e,0x67,0x28,0x66,0x69,0x6c,0x65,0x44,0x69,0x61,0x6c,0x6f,0x67,0x2e,
  0x73,0x65,0x6c,0x65,0x63,0x74,0x65,0x64,0x46,0x69,0x6c,0x65,0x29,0x2c,0xd,0xa,
  0x20,0x20,0x20,0x20,0x20,0x20,0x20,0x20,0x2f,0x2f,0x20,0x20,0x20,0x20,0x20,0x20,
  0x20,0x20,0x20,0x22,0x69,0x73,0x53,0x65,0x6c,0x66,0x22,0x3a,0x20,0x74,0x72,0x75,
  0x65,0x2c,0xd,0xa,0x20,0x20,0x20,0x20,0x20,0x20,0x20,0x20,0x2f,0x2f,0x20,0x20,
  0x20,0x20,0x20,0x20,0x20,0x20,0x20,0x22,0x74,0x79,0x70,0x65,0x22,0x3a,0x20,0x47,
  0x6c,0x6f,0x62,0x61,0x6c,0x2e,0x49,0x6d,0x61,0x67,0x65,0xd,0xa,0x20,0x20,0x20,
  0x20,0x20,0x20,0x20,0x20,0x2f,0x2f,0x20,0x20,0x20,0x20,0x20,0x7d,0xd,0xa,0x20,
  0x20,0x20,0x20,0x20,0x20,0x20,0x20,0x2f,0x2f,0x20,0x20,0x20,0x20,0x20,0x73,0x65,
  0x6e,0x64,0x4d,0x65,0x73,0x73,0x61,0x67,0x65,0x28,0x6d,0x65,0x73,0x73,0x61,0x67,
  0x65,0x29,0xd,0xa,0x20,0x20,0x20,0x20,0x20,0x20,0x20,0x20,0x2f,0x2f,0x20,0x7d,
  0xd,0xa,0x20,0x20,0x20,0x20,0x7d,0xd,0xa,0xd,0xa,0xd,0xa,0x7d,0xd,0xa,
  
    // SendFileDialog.qml
  0x0,0x0,0x2,0x83,
  0x0,
  0x0,0x9,0xa7,0x78,0xda,0xed,0x56,0xbd,0x6e,0x13,0x41,0x10,0xee,0x23,0xe5,0x1d,
  0x4e,0xae,0x92,0xe6,0xd6,0x26,0x86,0x62,0xbb,0xc4,0x51,0x84,0x25,0x2c,0x11,0x62,
  0x29,0xf5,0xe6,0x6e,0x6c,0x2f,0xd9,0xdb,0x3d,0xef,0xee,0xd9,0xe,0xc8,0x52,0x22,
  0x84,0x52,0x45,0x88,0x6,0x9,0x2a,0xd2,0x20,0xa,0x24,0xba,0x34,0x1,0xf1,0x32,
  0x4e,0x82,0x2b,0x5e,0x81,0xbd,0x9c,0x1d,0xdf,0x6f,0x6c,0x83,0xe8,0x98,0xb3,0x7c,
  0xde,0x99,0xf1,0xcc,0x37,0x33,0xdf,0xed,0x1e,0xf5,0x7c,0x21,0xb5,0xb5,0xab,0x77,
  0x3,0xea,0x1c,0xae,0xae,0xd0,0xc4,0xda,0xae,0x9,0xae,0xa5,0x60,0x2a,0x63,0xd8,
  0xa6,0x84,0x89,0x76,0x56,0xff,0x84,0x1c,0x89,0x40,0x1b,0x7d,0x78,0xed,0x48,0xe2,
  0x1,0x3,0xa5,0xf6,0x29,0x77,0x45,0xdf,0x7a,0xb9,0xba,0x62,0x19,0xa1,0x2e,0x56,
  0xc0,0xdd,0x16,0x65,0x10,0x85,0x89,0xd4,0x7d,0xea,0xea,0xe,0xb6,0x36,0xca,0xe5,
  0x68,0xdd,0x1,0xda,0xee,0x68,0x5c,0xad,0x4e,0xd6,0x9a,0xfa,0x4d,0xe1,0x6f,0x69,
  0xbe,0xd7,0x11,0x7d,0x6c,0xb5,0x8,0x53,0x10,0x59,0x3c,0xca,0xb7,0xb8,0xce,0xaa,
  0xc9,0x20,0x4f,0xdd,0xd,0xa8,0xbe,0xd3,0x6b,0x19,0x4c,0xd4,0x3d,0xaa,0xe8,0x1,
  0x3,0x1c,0xf3,0xac,0x9,0x16,0x78,0x3c,0x2a,0x69,0xa,0x3e,0x14,0xc2,0x9d,0x8e,
  0x90,0xca,0x36,0x15,0x30,0xec,0x13,0x9,0x5c,0x67,0x8d,0xc,0x5a,0xba,0x41,0x64,
  0x9b,0x72,0x5c,0x29,0x67,0xcd,0x32,0x2c,0x2e,0x66,0x9f,0x79,0x20,0x34,0x3e,0xbf,
  0x18,0xbf,0xfa,0x7c,0x75,0xf6,0x71,0xf4,0xfd,0xec,0xe6,0xcb,0xa7,0x99,0xa9,0xae,
  0xc1,0x8b,0x3,0x9,0x25,0x82,0x77,0x8b,0x65,0xff,0xb6,0x83,0xb3,0x92,0xa6,0x32,
  0xe9,0xe4,0x46,0xc,0xc6,0x70,0xf6,0xb3,0x9,0x3,0x9d,0xe,0xaa,0x8d,0xe,0x77,
  0x55,0x53,0xae,0x95,0xae,0xde,0xbc,0x1d,0x1f,0x9f,0xdc,0x5c,0xbe,0xff,0xf5,0xed,
  0x43,0x69,0x3d,0xe9,0xd6,0x32,0xf4,0xb0,0x7d,0x3a,0x0,0xb6,0x47,0x5f,0x0,0xb6,
  0x2a,0x8f,0x72,0x33,0x20,0x14,0x5,0xf9,0x79,0xfc,0x7a,0xf4,0xe3,0xfc,0xfa,0xe4,
  0xeb,0xcc,0xf4,0x4c,0xf4,0xb3,0xfd,0x5d,0xae,0xac,0x6a,0x39,0xa9,0xae,0x7b,0xa4,
  0xd,0xe9,0x70,0xa1,0x28,0x11,0x48,0xc7,0xa0,0x2c,0x85,0xcc,0xc3,0x8,0xa1,0x6d,
  0xf3,0xe5,0x8,0x17,0x50,0x57,0x23,0x14,0x70,0x4d,0x35,0x3,0xb7,0x82,0x10,0xe9,
  0x11,0x4d,0xa4,0xfd,0xdc,0x6f,0x97,0xb2,0x51,0x26,0xc0,0x7c,0x9,0x2d,0x90,0x12,
  0xdc,0x8,0x9d,0x95,0x46,0x91,0xe7,0xfa,0x38,0x2,0x9c,0xeb,0x1b,0x16,0xda,0x30,
  0x58,0x70,0x84,0xdf,0x7e,0x2a,0x41,0x81,0xec,0xc1,0xa6,0xf2,0xc1,0xd1,0x3b,0x54,
  0x27,0xff,0x32,0x4c,0x2e,0xf3,0x66,0x98,0x9a,0xe3,0xc0,0x3b,0x4a,0x8f,0x2f,0x67,
  0x84,0x95,0x6a,0x61,0x9e,0x9c,0x81,0x5e,0xbf,0x3b,0x1d,0x5d,0x5e,0xfc,0x9f,0xe9,
  0x3f,0x99,0x69,0xd1,0xee,0x33,0x95,0xbb,0xfd,0xb2,0x10,0x64,0x98,0x7f,0x82,0x2f,
  0xdb,0xe9,0x98,0x5f,0x7a,0x2f,0x4a,0xbb,0x15,0xb1,0x2b,0xc5,0xb0,0x58,0x8b,0xd7,
  0xf3,0x9d,0xe7,0x90,0x2d,0xa7,0x9,0x4b,0xa4,0x7f,0x58,0x3e,0x3c,0xf8,0xbb,0xc4,
  0x99,0x71,0xa4,0x48,0x98,0xb3,0xfb,0x2e,0x48,0xeb,0x7b,0xa8,0x3d,0x5c,0x90,0xe9,
  0xe6,0xd4,0x74,0xcd,0x61,0xaa,0xa1,0xee,0xb5,0xb,0x9f,0x83,0x52,0x57,0x3a,0x18,
  0x29,0xe9,0xa0,0xc8,0xd7,0xf6,0xf9,0x12,0x7c,0x7f,0x50,0x5d,0x9c,0xef,0x79,0xbe,
  0x39,0x47,0x68,0x5c,0x1a,0x22,0x50,0xb0,0x29,0x81,0x14,0xd,0xf3,0xde,0x73,0x35,
  0x2e,0x82,0xd7,0x98,0x79,0xdb,0x0,0x17,0x17,0x85,0xa,0xc5,0x11,0x5c,0x9,0x6,
  0xb6,0x79,0xc3,0x58,0x2b,0x45,0xfd,0x28,0xe2,0xc7,0x70,0x2e,0x11,0x13,0x6c,0x48,
  0x2c,0xfe,0xf0,0x50,0x9e,0xf7,0x8c,0x4e,0xf2,0x9b,0x9b,0xf9,0xfc,0x6,0xd2,0xf7,
  0x71,0xa9,
    // FriendAuthList.qml
  0x0,0x0,0x5,0xdc,
  0x69,
  0x6d,0x70,0x6f,0x72,0x74,0x20,0x51,0x74,0x51,0x75,0x69,0x63,0x6b,0xd,0xa,0x69,
  0x6d,0x70,0x6f,0x72,0x74,0x20,0x51,0x74,0x51,0x75,0x69,0x63,0x6b,0x2e,0x43,0x6f,
  0x6e,0x74,0x72,0x6f,0x6c,0x73,0xd,0xa,0x69,0x6d,0x70,0x6f,0x72,0x74,0x20,0x51,
  0x74,0x51,0x75,0x69,0x63,0x6b,0x2e,0x44,0x69,0x61,0x6c,0x6f,0x67,0x73,0xd,0xa,
  0x69,0x6d,0x70,0x6f,0x72,0x74,0x20,0x51,0x74,0x51,0x75,0x69,0x63,0x6b,0x2e,0x43,
  0x6f,0x6e,0x74,0x72,0x6f,0x6c,0x73,0x2e,0x4d,0x61,0x74,0x65,0x72,0x69,0x61,0x6c,
  0xd,0xa,0xd,0xa,0xd,0xa,0x2f,0x2a,0x2a,0x2a,0x2a,0x2a,0x2a,0x2a,0x2a,0x2a,
  0x2a,0x2a,0x2a,0x2a,0x2a,0x2a,0x2a,0x2a,0x2a,0x2a,0x2a,0x2a,0x2a,0x2a,0x2a,0x2a,
  0x2a,0x2a,0x2a,0x2a,0x2a,0x2a,0x2a,0x2a,0x2a,0x2a,0x2a,0x2a,0x2a,0x2a,0x2a,0x2a,
  0x2a,0x2a,0x2a,0x2a,0x2a,0x2a,0x2a,0x2a,0x2a,0x2a,0x2a,0x2a,0x2a,0x2a,0x2a,0x2a,
  0x2a,0x2a,0x2a,0x2a,0x2a,0x2a,0x2a,0x2a,0x2a,0x2a,0x2a,0x2a,0x2a,0x2a,0x2a,0x2a,
  0x2a,0x2a,0x2a,0x2a,0x2a,0xd,0xa,0x20,0x2a,0xd,0xa,0x20,0x2a,0x20,0x40,0x66,
  0x69,0x6c,0x65,0x20,0x20,0x20,0x20,0x20,0x20,0x20,0x46,0x72,0x69,0x65,0x6e,0x64,
  0x41,0x75,0x74,0x68,0x4c,0x69,0x73,0x74,0x2e,0x71,0x6d,0x6c,0xd,0xa,0x20,0x2a,
  0x20,0x40,0x62,0x72,0x69,0x65,0x66,0x20,0x20,0x20,0x20,0x20,0x20,0xe5,0xa5,0xbd,
  0xe5,0x8f,0x8b,0xe8,0xae,0xa4,0xe8,0xaf,0x81,0xe5,0x88,0x97,0xe8,0xa1,0xa8,0xd,
  0xa,0x20,0x2a,0xd,0xa,0x20,0x2a,0x20,0x40,0x61,0x75,0x74,0x68,0x6f,0x72,0x20,
  0x20,0x20,0x20,0x20,0x78,0x75,0x6f,0x72,0x7a,0xd,0xa,0x20,0x2a,0x20,0x40,0x64,
  0x61,0x74,0x65,0x20,0x20,0x20,0x20,0x20,0x20,0x20,0x32,0x30,0x32,0x35,0x2f,0x30,
  0x34,0x2f,0x32,0x34,0xd,0xa,0x20,0x2a,0x20,0x40,0x68,0x69,0x73,0x74,0x6f,0x72,
  0x79,0xd,0xa,0x20,0x2a,0x2a,0x2a,0x2a,0x2a,0x2a,0x2a,0x2a,0x2a,0x2a,0x2a,0x2a,
  0x2a,0x2a,0x2a,0x2a,0x2a,0x2a,0x2a,0x2a,0x2a,0x2a,0x2a,0x2a,0x2a,0x2a,0x2a,0x2a,
  0x2a,0x2a,0x2a,0x2a,0x2a,0x2a,0x2a,0x2a,0x2a,0x2a,0x2a,0x2a,0x2a,0x2a,0x2a,0x2a,
  0x2a,0x2a,0x2a,0x2a,0x2a,0x2a,0x2a,0x2a,0x2a,0x2a,0x2a,0x2a,0x2a,0x2a,0x2a,0x2a,
  0x2a,0x2a,0x2a,0x2a,0x2a,0x2a,0x2a,0x2a,0x2a,0x2a,0x2a,0x2a,0x2a,0x2a,0x2a,0x2a,
  0x2a,0x2f,0xd,0xa,0xd,0xa,0xd,0xa,0x4c,0x69,0x73,0x74,0x56,0x69,0x65,0x77,
  0x20,0x7b,0xd,0xa,0x20,0x20,0x20,0x20,0x69,0x64,0x3a,0x66,0x72,0x69,0x65,0x6e,
  0x64,0x41,0x75,0x74,0x68,0x4c,0x69,0x73,0x74,0xd,0xa,0x20,0x20,0x20,0x20,0x62,
  0x6f,0x75,0x6e,0x64,0x73,0x42,0x65,0x68,0x61,0x76,0x69,0x6f,0x72,0x3a,0x46,0x6c,
  0x69,0x63,0x6b,0x61,0x62,0x6c,0x65,0x2e,0x53,0x74,0x6f,0x70,0x41,0x74,0x42,0x6f,
  0x75,0x6e,0x64,0x73,0xd,0xa,0x20,0x20,0x20,0x20,0x77,0x69,0x64,0x74,0x68,0x3a,
  0x20,0x70,0x61,0x72,0x65,0x6e,0x74,0x2e,0x77,0x69,0x64,0x74,0x68,0x20,0x2d,0x20,
  0x32,0x30,0xd,0xa,0xd,0xa,0x20,0x20,0x20,0x20,0x70,0x72,0x6f,0x70,0x65,0x72,
  0x74,0x79,0x20,0x76,0x61,0x72,0x20,0x6e,0x61,0x6d,0x65,0x73,0x20,0x3a,0x20,0x5b,
  0xd,0xa,0x20,0x20,0x20,0x20,0x20,0x20,0x20,0x20,0x22,0x43,0x79,0x62,0x65,0x72,
  0x50,0x75,0x6e,0x6b,0x34,0x32,0x22,0x2c,0xd,0xa,0x20,0x20,0x20,0x20,0x20,0x20,
  0x20,0x20,0x22,0x5a,0x61,0x63,0x6b,0x54,0x68,0x65,0x48,0x61,0x63,0x6b,0x65,0x72,
  0x22,0x2c,0xd,0xa,0x20,0x20,0x20,0x20,0x20,0x20,0x20,0x20,0x22,0x43,0x6f,0x64,
  0x65,0x57,0x69,0x7a,0x61,0x72,0x64,0x32,0x30,0x37,0x37,0x22,0x2c,0xd,0xa,0x20,
  0x20,0x20,0x20,0x20,0x20,0x20,0x20,0x22,0x50,0x69,0x78,0x65,0x6c,0x50,0x69,0x6f,
  0x6e,0x65,0x65,0x72,0x22,0x2c,0xd,0xa,0x20,0x20,0x20,0x20,0x20,0x20,0x20,0x20,
  0x22,0x4a,0x61,0x76,0x61,0x4a,0x75,0x6e,0x6b,0x69,0x65,0x5f,0x39,0x39,0x22,0x2c,
  0xd,0xa,0x20,0x20,0x20,0x20,0x20,0x20,0x20,0x20,0x22,0x4e,0x6f,0x64,0x65,0x4e,
  0x69,0x6e,0x6a,0x61,0x58,0x22,0x2c,0xd,0xa,0x20,0x20,0x20,0x20,0x20,0x20,0x20,
  0x20,0x22,0x50,0x79,0x72,0x6f,0x50,0x61,0x6e,0x64,0x61,0x22,0x2c,0xd,0xa,0x20,
  0x20,0x20,0x20,0x20,0x20,0x20,0x20,0x22,0x52,0x75,0x73,0x74,0x79,0x52,0x65,0x62,
  0x65,0x6c,0x22,0x2c,0xd,0xa,0x20,0x20,0x20,0x20,0x20,0x20,0x20,0x20,0x22,0x43,
  0x79,0x62,0x65,0x72,0x4c,0x6c,0x61,0x6d,0x61,0x22,0x2c,0xd,0xa,0x20,0x20,0x20,
  0x20,0x20,0x20,0x20,0x20,0x22,0x5a,0x61,0x63,0x6b,0x41,0x74,0x74,0x61,0x63,0x6b,
  0x5f,0x37,0x22,0x2c,0xd,0xa,0x20,0x20,0x20,0x20,0x20,0x20,0x20,0x20,0x22,0x47,
  0x69,0x67,0x61,0x47,0x6f,0x6c,0x61,0x6e,0x67,0x22,0x2c,0xd,0xa,0x20,0x20,0x20,
  0x20,0x20,0x20,0x20,0x20,0x22,0x43,0x70,0x70,0x43,0x72,0x75,0x73,0x61,0x64,0x65,
  0x72,0x22,0x2c,0xd,0xa,0x20,0x20,0x20,0x20,0x20,0x20,0x20,0x20,0x22,0x4a,0x61,
  0x76,0x61,0x4a,0x65,0x64,0x69,0x22,0x2c,0xd,0xa,0x20,0x20,0x20,0x20,0x5d,0xd,
  0xa,0x20,0x20,0x20,0x20,0x53,0x63,0x72,0x6f,0x6c,0x6c,0x42,0x61,0x72,0x2e,0x76,
  0x65,0x72,0x74,0x69,0x63,0x61,0x6c,0x3a,0x20,0x53,0x63,0x72,0x6f,0x6c,0x6c,0x42,
  0x61,0x72,0x20,0x7b,0xd,0xa,0x20,0x20,0x20,0x20,0x20,0x20,0x20,0x20,0x70,0x61,
  0x64,0x64,0x69,0x6e,0x67,0x3a,0x20,0x32,0x20,0x20,0x2f,0x2f,0x20,0xe6,0xb7,0xbb,
  0xe5,0x8a,0xa0,0xe5,0x86,0x85,0xe8,0xbe,0xb9,0xe8,0xb7,0x9d,0xd,0xa,0x20,0x20,
  0x20,0x20,0x20,0x20,0x20,0x20,0x70,0x6f,0x6c,0x69,0x63,0x79,0x3a,0x20,0x53,0x63,
  0x72,0x6f,0x6c,0x6c,0x42,0x61,0x72,0x2e,0x41,0x73,0x4e,0x65,0x65,0x64,0x65,0x64,
  0x20,0x20,0x2f,0x2f,0x20,0xe9,0x9c,0x80,0xe8,0xa6,0x81,0xe6,0x97,0xb6,0xe6,0x89,
  0x8d,0xe6,0x98,0xbe,0xe7,0xa4,0xba,0xd,0xa,0x20,0x20,0x20,0x20,0x20,0x20,0x20,
  0x20,0x69,0x6e,0x74,0x65,0x72,0x61,0x63,0x74,0x69,0x76,0x65,0x3a,0x20,0x74,0x72,
  0x75,0x65,0x20,0x20,0x2f,0x2f,0x20,0xe5,0x8f,0xaf,0xe4,0xbb,0xa5,0xe4,0xba,0xa4,
  0xe4,0xba,0x92,0xd,0xa,0x20,0x20,0x20,0x20,0x7d,0xd,0xa,0x20,0x20,0x20,0x20,
  0x4c,0x69,0x73,0x74,0x4d,0x6f,0x64,0x65,0x6c,0x20,0x7b,0xd,0xa,0x20,0x20,0x20,
  0x20,0x20,0x20,0x20,0x20,0x69,0x64,0x3a,0x20,0x64,0x61,0x74,0x61,0x4d,0x6f,0x64,
  0x65,0x6c,0xd,0xa,0x20,0x20,0x20,0x20,0x7d,0xd,0xa,0x20,0x20,0x20,0x20,0x6d,
  0x6f,0x64,0x65,0x6c,0x3a,0x64,0x61,0x74,0x61,0x4d,0x6f,0x64,0x65,0x6c,0xd,0xa,
  0x20,0x20,0x20,0x20,0x64,0x65,0x6c,0x65,0x67,0x61,0x74,0x65,0x3a,0x20,0x46,0x72,
  0x69,0x65,0x6e,0x64,0x41,0x75,0x74,0x68,0x49,0x74,0x65,0x6d,0x20,0x7b,0xd,0xa,
  0x20,0x20,0x20,0x20,0x20,0x20,0x20,0x20,0x69,0x64,0x3a,0x66,0x72,0x69,0x65,0x6e,
  0x64,0x41,0x75,0x74,0x68,0x49,0x74,0x65,0x6d,0xd,0xa,0x20,0x20,0x20,0x20,0x20,
  0x20,0x20,0x20,0x77,0x69,0x64,0x74,0x68,0x3a,0x20,0x66,0x72,0x69,0x65,0x6e,0x64,
  0x41,0x75,0x74,0x68,0x4c,0x69,0x73,0x74,0x2e,0x77,0x69,0x64,0x74,0x68,0xd,0xa,
  0x20,0x20,0x20,0x20,0x7d,0xd,0xa,0xd,0xa,0x20,0x20,0x20,0x20,0x43,0x6f,0x6d,
  0x70,0x6f,0x6e,0x65,0x6e,0x74,0x2e,0x6f,0x6e,0x43,0x6f,0x6d,0x70,0x6c,0x65,0x74,
  0x65,0x64,0x3a,0x20,0x7b,0xd,0xa,0x20,0x20,0x20,0x20,0x20,0x20,0x20,0x20,0x66,
  0x6f,0x72,0x28,0x6c,0x65,0x74,0x20,0x69,0x20,0x3d,0x20,0x30,0x3b,0x20,0x69,0x20,
  0x3c,0x20,0x6e,0x61,0x6d,0x65,0x73,0x2e,0x6c,0x65,0x6e,0x67,0x74,0x68,0x3b,0x20,
  0x2b,0x2b,0x69,0x29,0x7b,0xd,0xa,0x20,0x20,0x20,0x20,0x20,0x20,0x20,0x20,0x20,
  0x20,0x20,0x20,0x64,0x61,0x74,0x61,0x4d,0x6f,0x64,0x65,0x6c,0x2e,0x61,0x70,0x70,
  0x65,0x6e,0x64,0x28,0x7b,0xd,0xa,0x20,0x20,0x20,0x20,0x20,0x20,0x20,0x20,0x20,
  0x20,0x20,0x20,0x20,0x20,0x20,0x20,0x22,0x6e,0x61,0x6d,0x65,0x22,0x3a,0x6e,0x61,
  0x6d,0x65,0x73,0x5b,0x69,0x5d,0x2c,0xd,0xa,0x20,0x20,0x20,0x20,0x20,0x20,0x20,
  0x20,0x20,0x20,0x20,0x20,0x20,0x20,0x20,0x20,0x22,0x61,0x76,0x61,0x74,0x61,0x72,
  0x22,0x3a,0x22,0x71,0x72,0x63,0x3a,0x2f,0x73,0x74,0x61,0x74,0x65,0x73,0x2f,0x22,
  0x20,0x2b,0x20,0x28,0x69,0x20,0x2b,0x20,0x31,0x29,0x20,0x2b,0x20,0x22,0x2e,0x6a,
  0x70,0x67,0x22,0x2c,0xd,0xa,0x20,0x20,0x20,0x20,0x20,0x20,0x20,0x20,0x20,0x20,
  0x20,0x20,0x20,0x20,0x20,0x20,0x22,0x64,0x65,0x73,0x63,0x22,0x3a,0x22,0x6e,0x69,
  0x68,0x61,0x6f,0x22,0xd,0xa,0x20,0x20,0x20,0x20,0x20,0x20,0x20,0x20,0x20,0x20,
  0x20,0x20,0x7d,0x29,0xd,0xa,0x20,0x20,0x20,0x20,0x20,0x20,0x20,0x20,0x7d,0xd,
  0xa,0x20,0x20,0x20,0x20,0x7d,0xd,0xa,0x7d,0xd,0xa,
    // BubbleChatBox.qml
  0x0,0x0,0xe,0x1b,
  0x69,
  0x6d,0x70,0x6f,0x72,0x74,0x20,0x51,0x74,0x51,0x75,0x69,0x63,0x6b,0xd,0xa,0x69,
  0x6d,0x70,0x6f,0x72,0x74,0x20,0x51,0x74,0x51,0x75,0x69,0x63,0x6b,0x2e,0x4c,0x61,
  0x79,0x6f,0x75,0x74,0x73,0xd,0xa,0x69,0x6d,0x70,0x6f,0x72,0x74,0x20,0x67,0x6c,
  0x6f,0x62,0x61,0x6c,0x20,0x31,0x2e,0x30,0xd,0xa,0x2f,0x2a,0x2a,0x2a,0x2a,0x2a,
  0x2a,0x2a,0x2a,0x2a,0x2a,0x2a,0x2a,0x2a,0x2a,0x2a,0x2a,0x2a,0x2a,0x2a,0x2a,0x2a,
  0x2a,0x2a,0x2a,0x2a,0x2a,0x2a,0x2a,0x2a,0x2a,0x2a,0x2a,0x2a,0x2a,0x2a,0x2a,0x2a,
  0x2a,0x2a,0x2a,0x2a,0x2a,0x2a,0x2a,0x2a,0x2a,0x2a,0x2a,0x2a,0x2a,0x2a,0x2a,0x2a,
  0x2a,0x2a,0x2a,0x2a,0x2a,0x2a,0x2a,0x2a,0x2a,0x2a,0x2a,0x2a,0x2a,0x2a,0x2a,0x2a,
  0x2a,0x2a,0x2a,0x2a,0x2a,0x2a,0x2a,0x2a,0x2a,0xd,0xa,0x20,0x2a,0xd,0xa,0x20,
  0x2a,0x20,0x40,0x66,0x69,0x6c,0x65,0x20,0x20,0x20,0x20,0x20,0x20,0x20,0x42,0x75,
  0x62,0x62,0x6c,0x65,0x43,0x68,0x61,0x74,0x42,0x6f,0x78,0x2e,0x71,0x6d,0x6c,0xd,
  0xa,0x20,0x2a,0x20,0x20,0x20,0x20,0x20,0x20,0x20,0x20,0x20,0x20,0x20,0x20,0x20,
  0x20,0xe8,0x81,0x8a,0xe5,0xa4,0xa9,0xe6,0xb0,0x94,0xe6,0xb3,0xa1,0xe6,0xa1,0x86,
  0xd,0xa,0x20,0x2a,0x20,0x40,0x61,0x75,0x74,0x68,0x6f,0x72,0x20,0x20,0x20,0x20,
  0x20,0x78,0x75,0x6f,0x72,0x7a,0xd,0xa,0x20,0x2a,0x20,0x40,0x64,0x61,0x74,0x65,
  0x20,0x20,0x20,0x20,0x20,0x20,0x20,0x32,0x30,0x32,0x35,0x2f,0x30,0x33,0x2f,0x31,
  0x38,0xd,0xa,0x20,0x2a,0x20,0x40,0x68,0x69,0x73,0x74,0x6f,0x72,0x79,0xd,0xa,
  0x20,0x2a,0x2a,0x2a,0x2a,0x2a,0x2a,0x2a,0x2a,0x2a,0x2a,0x2a,0x2a,0x2a,0x2a,0x2a,
  0x2a,0x2a,0x2a,0x2a,0x2a,0x2a,0x2a,0x2a,0x2a,0x2a,0x2a,0x2a,0x2a,0x2a,0x2a,0x2a,
  0x2a,0x2a,0x2a,0x2a,0x2a,0x2a,0x2a,0x2a,0x2a,0x2a,0x2a,0x2a,0x2a,0x2a,0x2a,0x2a,
  0x2a,0x2a,0x2a,0x2a,0x2a,0x2a,0x2a,0x2a,0x2a,0x2a,0x2a,0x2a,0x2a,0x2a,0x2a,0x2a,
  0x2a,0x2a,0x2a,0x2a,0x2a,0x2a,0x2a,0x2a,0x2a,0x2a,0x2a,0x2a,0x2a,0x2a,0x2f,0xd,
  0xa,0x52,0x65,0x63,0x74,0x61,0x6e,0x67,0x6c,0x65,0x20,0x7b,0xd,0xa,0x20,0x20,
  0x20,0x20,0x69,0x64,0x3a,0x20,0x62,0x75,0x62,0x62,0x6c,0x65,0xd,0xa,0x20,0x20,
  0x20,0x20,0x70,0x72,0x6f,0x70,0x65,0x72,0x74,0x79,0x20,0x73,0x74,0x72,0x69,0x6e,
  0x67,0x20,0x61,0x76,0x61,0x74,0x61,0x72,0x3a,0x20,0x22,0x22,0xd,0xa,0x20,0x20,
  0x20,0x20,0x70,0x72,0x6f,0x70,0x65,0x72,0x74,0x79,0x20,0x73,0x74,0x72,0x69,0x6e,
  0x67,0x20,0x75,0x73,0x65,0x72,0x4e,0x61,0x6d,0x65,0x3a,0x20,0x22,0x22,0xd,0xa,
  0x20,0x20,0x20,0x20,0x70,0x72,0x6f,0x70,0x65,0x72,0x74,0x79,0x20,0x73,0x74,0x72,
  0x69,0x6e,0x67,0x20,0x6d,0x65,0x73,0x73,0x61,0x67,0x65,0xd,0xa,0x20,0x20,0x20,
  0x20,0x70,0x72,0x6f,0x70,0x65,0x72,0x74,0x79,0x20,0x62,0x6f,0x6f,0x6c,0x20,0x69,
  0x73,0x53,0x65,0x6c,0x66,0x3a,0x20,0x66,0x61,0x6c,0x73,0x65,0xd,0xa,0x20,0x20,
  0x20,0x20,0x70,0x72,0x6f,0x70,0x65,0x72,0x74,0x79,0x20,0x69,0x6e,0x74,0x20,0x74,
  0x79,0x70,0x65,0x3a,0x20,0x47,0x6c,0x6f,0x62,0x61,0x6c,0x2e,0x54,0x65,0x78,0x74,
  0xd,0xa,0xd,0xa,0x20,0x20,0x20,0x20,0x2f,0x2f,0x20,0xe6,0x95,0xb4,0xe4,0xbd,
  0x93,0xe9,0xab,0x98,0xe5,0xba,0xa6,0xe6,0xa0,0xb9,0xe6,0x8d,0xae,0xe5,0x86,0x85,
  0xe5,0xae,0xb9,0xe8,0x87,0xaa,0xe9,0x80,0x82,0xe5,0xba,0x94,0xd,0xa,0x20,0x20,
  0x20,0x20,0x68,0x65,0x69,0x67,0x68,0x74,0x3a,0x20,0x72,0x6f,0x77,0x4c,0x61,0x79,
  0x6f,0x75,0x74,0x2e,0x69,0x6d,0x70,0x6c,0x69,0x63,0x69,0x74,0x48,0x65,0x69,0x67,
  0x68,0x74,0x20,0x2b,0x20,0x32,0x30,0xd,0xa,0x20,0x20,0x20,0x20,0x63,0x6f,0x6c,
  0x6f,0x72,0x3a,0x20,0x22,0x23,0x46,0x35,0x46,0x35,0x46,0x35,0x22,0xd,0xa,0x20,
  0x20,0x20,0x20,0x52,0x6f,0x77,0x4c,0x61,0x79,0x6f,0x75,0x74,0x20,0x7b,0xd,0xa,
  0x20,0x20,0x20,0x20,0x20,0x20,0x20,0x20,0x69,0x64,0x3a,0x20,0x72,0x6f,0x77,0x4c,
  0x61,0x79,0x6f,0x75,0x74,0xd,0xa,0x20,0x20,0x20,0x20,0x20,0x20,0x20,0x20,0x6c,
  0x61,0x79,0x6f,0x75,0x74,0x44,0x69,0x72,0x65,0x63,0x74,0x69,0x6f,0x6e,0x3a,0x69,
  0x73,0x53,0x65,0x6c,0x66,0x20,0x3f,0x20,0x51,0x74,0x2e,0x4c,0x65,0x66,0x74,0x54,
  0x6f,0x52,0x69,0x67,0x68,0x74,0x20,0x3a,0x20,0x51,0x74,0x2e,0x52,0x69,0x67,0x68,
  0x74,0x54,0x6f,0x4c,0x65,0x66,0x74,0xd,0xa,0x20,0x20,0x20,0x20,0x20,0x20,0x20,
  0x20,0x73,0x70,0x61,0x63,0x69,0x6e,0x67,0x3a,0x20,0x38,0xd,0xa,0x20,0x20,0x20,
  0x20,0x20,0x20,0x20,0x20,0x61,0x6e,0x63,0x68,0x6f,0x72,0x73,0x20,0x7b,0xd,0xa,
  0x20,0x20,0x20,0x20,0x20,0x20,0x20,0x20,0x20,0x20,0x20,0x20,0x66,0x69,0x6c,0x6c,
  0x3a,0x20,0x70,0x61,0x72,0x65,0x6e,0x74,0xd,0xa,0x20,0x20,0x20,0x20,0x20,0x20,
  0x20,0x20,0x20,0x20,0x20,0x20,0x72,0x69,0x67,0x68,0x74,0x4d,0x61,0x72,0x67,0x69,
  0x6e,0x3a,0x20,0x62,0x75,0x62,0x62,0x6c,0x65,0x2e,0x69,0x73,0x53,0x65,0x6c,0x66,
  0x20,0x3f,0x20,0x32,0x30,0x20,0x3a,0x20,0x30,0xd,0xa,0x20,0x20,0x20,0x20,0x20,
  0x20,0x20,0x20,0x20,0x20,0x20,0x20,0x6c,0x65,0x66,0x74,0x4d,0x61,0x72,0x67,0x69,
  0x6e,0x3a,0x20,0x69,0x73,0x53,0x65,0x6c,0x66,0x20,0x3f,0x20,0x30,0x20,0x3a,0x20,
  0x32,0x30,0xd,0xa,0x20,0x20,0x20,0x20,0x20,0x20,0x20,0x20,0x7d,0xd,0xa,0x20,
  0x20,0x20,0x20,0x20,0x20,0x20,0x20,0x49,0x74,0x65,0x6d,0x20,0x7b,0xd,0xa,0x20,
  0x20,0x20,0x20,0x20,0x20,0x20,0x20,0x20,0x20,0x20,0x20,0x4c,0x61,0x79,0x6f,0x75,
  0x74,0x2e,0x66,0x69,0x6c,0x6c,0x48,0x65,0x69,0x67,0x68,0x74,0x3a,0x20,0x74,0x72,
  0x75,0x65,0xd,0xa,0x20,0x20,0x20,0x20,0x20,0x20,0x20,0x20,0x20,0x20,0x20,0x20,
  0x4c,0x61,0x79,0x6f,0x75,0x74,0x2e,0x66,0x69,0x6c,0x6c,0x57,0x69,0x64,0x74,0x68,
  0x3a,0x20,0x74,0x72,0x75,0x65,0xd,0xa,0x20,0x20,0x20,0x20,0x20,0x20,0x20,0x20,
  0x7d,0xd,0xa,0xd,0xa,0x20,0x20,0x20,0x20,0x20,0x20,0x20,0x20,0x43,0x6f,0x6c,
  0x75,0x6d,0x6e,0x4c,0x61,0x79,0x6f,0x75,0x74,0x20,0x7b,0xd,0xa,0x20,0x20,0x20,
  0x20,0x20,0x20,0x20,0x20,0x20,0x20,0x20,0x20,0x69,0x64,0x3a,0x20,0x6d,0x65,0x73,
  0x73,0x61,0x67,0x65,0x4c,0x61,0x79,0x6f,0x75,0x74,0xd,0xa,0x20,0x20,0x20,0x20,
  0x20,0x20,0x20,0x20,0x20,0x20,0x20,0x20,0x4c,0x61,0x79,0x6f,0x75,0x74,0x2e,0x61,
  0x6c,0x69,0x67,0x6e,0x6d,0x65,0x6e,0x74,0x3a,0x20,0x51,0x74,0x2e,0x41,0x6c,0x69,
  0x67,0x6e,0x54,0x6f,0x70,0x20,0x20,0x2f,0x2f,0x20,0xe6,0x94,0xb9,0xe4,0xb8,0xba,
  0xe9,0xa1,0xb6,0xe9,0x83,0xa8,0xe5,0xaf,0xb9,0xe9,0xbd,0x90,0xd,0xa,0x20,0x20,
  0x20,0x20,0x20,0x20,0x20,0x20,0x20,0x20,0x20,0x20,0x2f,0x2f,0x20,0x73,0x70,0x61,
  0x63,0x69,0x6e,0x67,0x3a,0x20,0x34,0xd,0xa,0xd,0xa,0x20,0x20,0x20,0x20,0x20,
  0x20,0x20,0x20,0x20,0x20,0x20,0x20,0x54,0x65,0x78,0x74,0x20,0x7b,0xd,0xa,0x20,
  0x20,0x20,0x20,0x20,0x20,0x20,0x20,0x20,0x20,0x20,0x20,0x20,0x20,0x20,0x20,0x69,
  0x64,0x3a,0x20,0x6e,0x61,0x6d,0x65,0x54,0x65,0x78,0x74,0xd,0xa,0x20,0x20,0x20,
  0x20,0x20,0x20,0x20,0x20,0x20,0x20,0x20,0x20,0x20,0x20,0x20,0x20,0x74,0x65,0x78,
  0x74,0x3a,0x20,0x75,0x73,0x65,0x72,0x4e,0x61,0x6d,0x65,0xd,0xa,0x20,0x20,0x20,
  0x20,0x20,0x20,0x20,0x20,0x20,0x20,0x20,0x20,0x20,0x20,0x20,0x20,0x66,0x6f,0x6e,
  0x74,0x2e,0x70,0x69,0x78,0x65,0x6c,0x53,0x69,0x7a,0x65,0x3a,0x20,0x31,0x32,0xd,
  0xa,0x20,0x20,0x20,0x20,0x20,0x20,0x20,0x20,0x20,0x20,0x20,0x20,0x20,0x20,0x20,
  0x20,0x63,0x6f,0x6c,0x6f,0x72,0x3a,0x20,0x22,0x23,0x36,0x36,0x36,0x36,0x36,0x36,
  0x22,0xd,0xa,0x20,0x20,0x20,0x20,0x20,0x20,0x20,0x20,0x20,0x20,0x20,0x20,0x20,
  0x20,0x20,0x20,0x4c,0x61,0x79,0x6f,0x75,0x74,0x2e,0x61,0x6c,0x69,0x67,0x6e,0x6d,
  0x65,0x6e,0x74,0x3a,0x20,0x69,0x73,0x53,0x65,0x6c,0x66,0x3f,0x20,0x20,0x51,0x74,
  0x2e,0x41,0x6c,0x69,0x67,0x6e,0x52,0x69,0x67,0x68,0x74,0x20,0x3a,0x20,0x51,0x74,
  0x2e,0x41,0x6c,0x69,0x67,0x6e,0x4c,0x65,0x66,0x74,0xd,0xa,0x20,0x20,0x20,0x20,
  0x20,0x20,0x20,0x20,0x20,0x20,0x20,0x20,0x7d,0xd,0xa,0x20,0x20,0x20,0x20,0x20,
  0x20,0x20,0x20,0x20,0x20,0x20,0x20,0x52,0x65,0x63,0x74,0x61,0x6e,0x67,0x6c,0x65,
  0x20,0x7b,0xd,0xa,0x20,0x20,0x20,0x20,0x20,0x20,0x20,0x20,0x20,0x20,0x20,0x20,
  0x20,0x20,0x20,0x20,0x69,0x64,0x3a,0x20,0x6d,0x65,0x73,0x73,0x61,0x67,0x65,0x42,
  0x75,0x62,0x62,0x6c,0x65,0xd,0xa,0x20,0x20,0x20,0x20,0x20,0x20,0x20,0x20,0x20,
  0x20,0x20,0x20,0x20,0x20,0x20,0x20,0x4c,0x61,0x79,0x6f,0x75,0x74,0x2e,0x70,0x72,
  0x65,0x66,0x65,0x72,0x72,0x65,0x64,0x57,0x69,0x64,0x74,0x68,0x3a,0x20,0x7b,0xd,
  0xa,0x20,0x20,0x20,0x20,0x20,0x20,0x20,0x20,0x20,0x20,0x20,0x20,0x20,0x20,0x20,
  0x20,0x20,0x20,0x20,0x20,0x69,0x66,0x20,0x28,0x74,0x79,0x70,0x65,0x20,0x3d,0x3d,
  0x3d,0x20,0x47,0x6c,0x6f,0x62,0x61,0x6c,0x2e,0x54,0x65,0x78,0x74,0x29,0x20,0x7b,
  0xd,0xa,0x20,0x20,0x20,0x20,0x20,0x20,0x20,0x20,0x20,0x20,0x20,0x20,0x20,0x20,
  0x20,0x20,0x20,0x20,0x20,0x20,0x20,0x20,0x20,0x20,0x72,0x65,0x74,0x75,0x72,0x6e,
  0x20,0x4d,0x61,0x74,0x68,0x2e,0x6d,0x69,0x6e,0x28,0x63,0x6f,0x6e,0x74,0x65,0x6e,
  0x74,0x4c,0x6f,0x61,0x64,0x65,0x72,0x2e,0x69,0x6d,0x70,0x6c,0x69,0x63,0x69,0x74,
  0x57,0x69,0x64,0x74,0x68,0x20,0x2b,0x20,0x31,0x36,0x2c,0x20,0x70,0x61,0x72,0x65,
  0x6e,0x74,0x2e,0x70,0x61,0x72,0x65,0x6e,0x74,0x2e,0x77,0x69,0x64,0x74,0x68,0x20,
  0x2a,0x20,0x30,0x2e,0x37,0x29,0xd,0xa,0x20,0x20,0x20,0x20,0x20,0x20,0x20,0x20,
  0x20,0x20,0x20,0x20,0x20,0x20,0x20,0x20,0x20,0x20,0x20,0x20,0x7d,0x20,0x65,0x6c,
  0x73,0x65,0x20,0x69,0x66,0x20,0x28,0x74,0x79,0x70,0x65,0x20,0x3d,0x3d,0x3d,0x20,
  0x47,0x6c,0x6f,0x62,0x61,0x6c,0x2e,0x49,0x6d,0x61,0x67,0x65,0x29,0x20,0x7b,0xd,
  0xa,0x20,0x20,0x20,0x20,0x20,0x20,0x20,0x20,0x20,0x20,0x20,0x20,0x20,0x20,0x20,
  0x20,0x20,0x20,0x20,0x20,0x20,0x20,0x20,0x20,0x72,0x65,0x74,0x75,0x72,0x6e,0x20,
  0x4d,0x61,0x74,0x68,0x2e,0x6d,0x69,0x6e,0x28,0x31,0x30,0x30,0x2c,0x20,0x70,0x61,
  0x72,0x65,0x6e,0x74,0x2e,0x70,0x61,0x72,0x65,0x6e,0x74,0x2e,0x77,0x69,0x64,0x74,
  0x68,0x20,0x2a,0x20,0x30,0x2e,0x37,0x29,0x20,0x2f,0x2f,0x20,0xe8,0xb0,0x83,0xe6,
  0x95,0xb4,0xe5,0x9b,0xbe,0xe7,0x89,0x87,0xe5,0xae,0xbd,0xe5,0xba,0xa6,0xd,0xa,
  0x20,0x20,0x20,0x20,0x20,0x20,0x20,0x20,0x20,0x20,0x20,0x20,0x20,0x20,0x20,0x20,
  0x20,0x20,0x20,0x20,0x7d,0xd,0xa,0x20,0x20,0x20,0x20,0x20,0x20,0x20,0x20,0x20,
  0x20,0x20,0x20,0x20,0x20,0x20,0x20,0x7d,0xd,0xa,0x20,0x20,0x20,0x20,0x20,0x20,
  0x20,0x20,0x20,0x20,0x20,0x20,0x20,0x20,0x20,0x20,0x69,0x6d,0x70,0x6c,0x69,0x63,
  0x69,0x74,0x48,0x65,0x69,0x67,0x68,0x74,0x3a,0x20,0x74,0x79,0x70,0x65,0x20,0x3d,
  0x3d,0x3d,0x20,0x47,0x6c,0x6f,0x62,0x61,0x6c,0x2e,0x54,0x65,0x78,0x74,0x20,0x3f,
  0x20,0x63,0x6f,0x6e,0x74,0x65,0x6e,0x74,0x4c,0x6f,0x61,0x64,0x65,0x72,0x2e,0x69,
  0x6d,0x70,0x6c,0x69,0x63,0x69,0x74,0x48,0x65,0x69,0x67,0x68,0x74,0x20,0x2b,0x20,
  0x31,0x36,0x20,0x3a,0x20,0x6d,0x65,0x73,0x73,0x61,0x67,0x65,0x42,0x75,0x62,0x62,
  0x6c,0x65,0x2e,0x77,0x69,0x64,0x74,0x68,0xd,0xa,0x20,0x20,0x20,0x20,0x20,0x20,
  0x20,0x20,0x20,0x20,0x20,0x20,0x20,0x20,0x20,0x20,0x72,0x61,0x64,0x69,0x75,0x73,
  0x3a,0x20,0x38,0xd,0xa,0x20,0x20,0x20,0x20,0x20,0x20,0x20,0x20,0x20,0x20,0x20,
  0x20,0x20,0x20,0x20,0x20,0x63,0x6f,0x6c,0x6f,0x72,0x3a,0x20,0x22,0x23,0x39,0x35,
  0x45,0x43,0x36,0x39,0x22,0x20,0x20,0x2f,0x2f,0x20,0xe4,0xbf,0x9d,0xe6,0x8c,0x81,
  0xe8,0x83,0x8c,0xe6,0x99,0xaf,0xe8,0x89,0xb2,0xe4,0xb8,0x80,0xe8,0x87,0xb4,0xd,
  0xa,0xd,0xa,0x20,0x20,0x20,0x20,0x20,0x20,0x20,0x20,0x20,0x20,0x20,0x20,0x20,
  0x20,0x20,0x20,0x4c,0x6f,0x61,0x64,0x65,0x72,0x20,0x7b,0xd,0xa,0x20,0x20,0x20,
  0x20,0x20,0x20,0x20,0x20,0x20,0x20,0x20,0x20,0x20,0x20,0x20,0x20,0x20,0x20,0x20,
  0x20,0x69,0x64,0x3a,0x20,0x63,0x6f,0x6e,0x74,0x65,0x6e,0x74,0x4c,0x6f,0x61,0x64,
  0x65,0x72,0xd,0xa,0x20,0x20,0x20,0x20,0x20,0x20,0x20,0x20,0x20,0x20,0x20,0x20,
  0x20,0x20,0x20,0x20,0x20,0x20,0x20,0x20,0x61,0x6e,0x63,0x68,0x6f,0x72,0x73,0x2e,
  0x66,0x69,0x6c,0x6c,0x3a,0x20,0x70,0x61,0x72,0x65,0x6e,0x74,0xd,0xa,0x20,0x20,
  0x20,0x20,0x20,0x20,0x20,0x20,0x20,0x20,0x20,0x20,0x20,0x20,0x20,0x20,0x20,0x20,
  0x20,0x20,0x73,0x6f,0x75,0x72,0x63,0x65,0x43,0x6f,0x6d,0x70,0x6f,0x6e,0x65,0x6e,
  0x74,0x3a,0x20,0x7b,0xd,0xa,0x20,0x20,0x20,0x20,0x20,0x20,0x20,0x20,0x20,0x20,
  0x20,0x20,0x20,0x20,0x20,0x20,0x20,0x20,0x20,0x20,0x20,0x20,0x20,0x20,0x69,0x66,
  0x20,0x28,0x74,0x79,0x70,0x65,0x20,0x3d,0x3d,0x3d,0x20,0x47,0x6c,0x6f,0x62,0x61,
  0x6c,0x2e,0x54,0x65,0x78,0x74,0x29,0x20,0x7b,0xd,0xa,0x20,0x20,0x20,0x20,0x20,
  0x20,0x20,0x20,0x20,0x20,0x20,0x20,0x20,0x20,0x20,0x20,0x20,0x20,0x20,0x20,0x20,
  0x20,0x20,0x20,0x20,0x20,0x20,0x20,0x72,0x65,0x74,0x75,0x72,0x6e,0x20,0x74,0x65,
  0x78,0x74,0x43,0x6f,0x6d,0x70,0x6f,0x6e,0x65,0x6e,0x74,0xd,0xa,0x20,0x20,0x20,
  0x20,0x20,0x20,0x20,0x20,0x20,0x20,0x20,0x20,0x20,0x20,0x20,0x20,0x20,0x20,0x20,
  0x20,0x20,0x20,0x20,0x20,0x7d,0x20,0x65,0x6c,0x73,0x65,0x20,0x69,0x66,0x20,0x28,
  0x74,0x79,0x70,0x65,0x20,0x3d,0x3d,0x3d,0x20,0x47,0x6c,0x6f,0x62,0x61,0x6c,0x2e,
  0x49,0x6d,0x61,0x67,0x65,0x29,0x20,0x7b,0xd,0xa,0x20,0x20,0x20,0x20,0x20,0x20,
  0x20,0x20,0x20,0x20,0x20,0x20,0x20,0x20,0x20,0x20,0x20,0x20,0x20,0x20,0x20,0x20,
  0x20,0x20,0x20,0x20,0x20,0x20,0x72,0x65,0x74,0x75,0x72,0x6e,0x20,0x69,0x6d,0x61,
  0x67,0x65,0x43,0x6f,0x6d,0x70,0x6f,0x6e,0x65,0x6e,0x74,0xd,0xa,0x20,0x20,0x20,
  0x20,0x20,0x20,0x20,0x20,0x20,0x20,0x20,0x20,0x20,0x20,0x20,0x20,0x20,0x20,0x20,
  0x20,0x20,0x20,0x20,0x20,0x7d,0xd,0xa,0x20,0x20,0x20,0x20,0x20,0x20,0x20,0x20,
  0x20,0x20,0x20,0x20,0x20,0x20,0x20,0x20,0x20,0x20,0x20,0x20,0x7d,0xd,0xa,0x20,
  0x20,0x20,0x20,0x20,0x20,0x20,0x20,0x20,0x20,0x20,0x20,0x20,0x20,0x20,0x20,0x7d,
  0xd,0xa,0x20,0x20,0x20,0x20,0x20,0x20,0x20,0x20,0x20,0x20,0x20,0x20,0x7d,0xd,
  0xa,0x20,0x20,0x20,0x20,0x20,0x20,0x20,0x20,0x7d,0xd,0xa,0xd,0xa,0x20,0x20,
  0x20,0x20,0x20,0x20,0x20,0x20,0x49,0x6d,0x61,0x67,0x65,0x20,0x7b,0xd,0xa,0x20,
  0x20,0x20,0x20,0x20,0x20,0x20,0x20,0x20,0x20,0x20,0x20,0x4c,0x61,0x79,0x6f,0x75,
  0x74,0x2e,0x70,0x72,0x65,0x66,0x65,0x72,0x72,0x65,0x64,0x57,0x69,0x64,0x74,0x68,
  0x3a,0x20,0x34,0x30,0xd,0xa,0x20,0x20,0x20,0x20,0x20,0x20,0x20,0x20,0x20,0x20,
  0x20,0x20,0x4c,0x61,0x79,0x6f,0x75,0x74,0x2e,0x70,0x72,0x65,0x66,0x65,0x72,0x72,
  0x65,0x64,0x48,0x65,0x69,0x67,0x68,0x74,0x3a,0x20,0x34,0x30,0xd,0xa,0x20,0x20,
  0x20,0x20,0x20,0x20,0x20,0x20,0x20,0x20,0x20,0x20,0x4c,0x61,0x79,0x6f,0x75,0x74,
  0x2e,0x61,0x6c,0x69,0x67,0x6e,0x6d,0x65,0x6e,0x74,0x3a,0x20,0x51,0x74,0x2e,0x41,
  0x6c,0x69,0x67,0x6e,0x54,0x6f,0x70,0x20,0x20,0x2f,0x2f,0x20,0xe6,0x94,0xb9,0xe4,
  0xb8,0xba,0xe9,0xa1,0xb6,0xe9,0x83,0xa8,0xe5,0xaf,0xb9,0xe9,0xbd,0x90,0xd,0xa,
  0x20,0x20,0x20,0x20,0x20,0x20,0x20,0x20,0x20,0x20,0x20,0x20,0x2f,0x2f,0x20,0x72,
  0x61,0x64,0x69,0x75,0x73,0x3a,0x20,0x77,0x69,0x64,0x74,0x68,0x2f,0x32,0xd,0xa,
  0x20,0x20,0x20,0x20,0x20,0x20,0x20,0x20,0x20,0x20,0x20,0x20,0x63,0x6c,0x69,0x70,
  0x3a,0x20,0x74,0x72,0x75,0x65,0xd,0xa,0x20,0x20,0x20,0x20,0x20,0x20,0x20,0x20,
  0x20,0x20,0x20,0x20,0x73,0x6f,0x75,0x72,0x63,0x65,0x3a,0x20,0x61,0x76,0x61,0x74,
  0x61,0x72,0xd,0xa,0x20,0x20,0x20,0x20,0x20,0x20,0x20,0x20,0x20,0x20,0x20,0x20,
  0x66,0x69,0x6c,0x6c,0x4d,0x6f,0x64,0x65,0x3a,0x20,0x49,0x6d,0x61,0x67,0x65,0x2e,
  0x50,0x72,0x65,0x73,0x65,0x72,0x76,0x65,0x41,0x73,0x70,0x65,0x63,0x74,0x43,0x72,
  0x6f,0x70,0xd,0xa,0x20,0x20,0x20,0x20,0x20,0x20,0x20,0x20,0x7d,0xd,0xa,0x20,
  0x20,0x20,0x20,0x7d,0xd,0xa,0xd,0xa,0xd,0xa,0x20,0x20,0x20,0x20,0x43,0x6f,
  0x6d,0x70,0x6f,0x6e,0x65,0x6e,0x74,0x20,0x7b,0xd,0xa,0x20,0x20,0x20,0x20,0x20,
  0x20,0x20,0x20,0x69,0x64,0x3a,0x20,0x74,0x65,0x78,0x74,0x43,0x6f,0x6d,0x70,0x6f,
  0x6e,0x65,0x6e,0x74,0xd,0xa,0x20,0x20,0x20,0x20,0x20,0x20,0x20,0x20,0x54,0x65,
  0x78,0x74,0x20,0x7b,0xd,0xa,0x20,0x20,0x20,0x20,0x20,0x20,0x20,0x20,0x20,0x20,
  0x20,0x20,0x61,0x6e,0x63,0x68,0x6f,0x72,0x73,0x2e,0x63,0x65,0x6e,0x74,0x65,0x72,
  0x49,0x6e,0x3a,0x20,0x70,0x61,0x72,0x65,0x6e,0x74,0x20,0x20,0x2f,0x2f,0x20,0xe6,
  0xb7,0xbb,0xe5,0x8a,0xa0,0xe5,0xb1,0x85,0xe4,0xb8,0xad,0xe5,0xb8,0x83,0xe5,0xb1,
  0x80,0xd,0xa,0x20,0x20,0x20,0x20,0x20,0x20,0x20,0x20,0x20,0x20,0x20,0x20,0x74,
  0x65,0x78,0x74,0x3a,0x20,0x6d,0x65,0x73,0x73,0x61,0x67,0x65,0xd,0xa,0x20,0x20,
  0x20,0x20,0x20,0x20,0x20,0x20,0x20,0x20,0x20,0x20,0x77,0x72,0x61,0x70,0x4d,0x6f,
  0x64,0x65,0x3a,0x20,0x54,0x65,0x78,0x74,0x2e,0x57,0x72,0x61,0x70,0x41,0x74,0x57,
  0x6f,0x72,0x64,0x42,0x6f,0x75,0x6e,0x64,0x61,0x72,0x79,0x4f,0x72,0x41,0x6e,0x79,
  0x77,0x68,0x65,0x72,0x65,0xd,0xa,0x20,0x20,0x20,0x20,0x20,0x20,0x20,0x20,0x20,
  0x20,0x20,0x20,0x77,0x69,0x64,0x74,0x68,0x3a,0x20,0x70,0x61,0x72,0x65,0x6e,0x74,
  0x2e,0x77,0x69,0x64,0x74,0x68,0x20,0x2d,0x20,0x31,0x36,0x20,0x20,0x2f,0x2f,0x20,
  0xe5,0x87,0x8f,0xe5,0x8e,0xbb,0xe8,0xbe,0xb9,0xe8,0xb7,0x9d,0xd,0xa,0x20,0x20,
  0x20,0x20,0x20,0x20,0x20,0x20,0x20,0x20,0x20,0x20,0x66,0x6f,0x6e,0x74,0x2e,0x70,
  0x69,0x78,0x65,0x6c,0x53,0x69,0x7a,0x65,0x3a,0x20,0x31,0x34,0xd,0xa,0x20,0x20,
  0x20,0x20,0x20,0x20,0x20,0x20,0x20,0x20,0x20,0x20,0x63,0x6f,0x6c,0x6f,0x72,0x3a,
  0x20,0x22,0x23,0x30,0x30,0x30,0x30,0x30,0x30,0x22,0xd,0xa,0x20,0x20,0x20,0x20,
  0x20,0x20,0x20,0x20,0x20,0x20,0x20,0x20,0x68,0x6f,0x72,0x69,0x7a,0x6f,0x6e,0x74,
  0x61,0x6c,0x41,0x6c,0x69,0x67,0x6e,0x6d,0x65,0x6e,0x74,0x3a,0x20,0x54,0x65,0x78,
  0x74,0x2e,0x41,0x6c,0x69,0x67,0x6e,0x48,0x43,0x65,0x6e,0x74,0x65,0x72,0x20,0x20,
  0x2f,0x2f,0x20,0xe6,0x96,0x87,0xe5,0xad,0x97,0xe6,0xb0,0xb4,0xe5,0xb9,0xb3,0xe5,
  0xb1,0x85,0xe4,0xb8,0xad,0xd,0xa,0x20,0x20,0x20,0x20,0x20,0x20,0x20,0x20,0x20,
  0x20,0x20,0x20,0x76,0x65,0x72,0x74,0x69,0x63,0x61,0x6c,0x41,0x6c,0x69,0x67,0x6e,
  0x6d,0x65,0x6e,0x74,0x3a,0x20,0x54,0x65,0x78,0x74,0x2e,0x41,0x6c,0x69,0x67,0x6e,
  0x56,0x43,0x65,0x6e,0x74,0x65,0x72,0x20,0x20,0x20,0x20,0x2f,0x2f,0x20,0xe6,0x96,
  0x87,0xe5,0xad,0x97,0xe5,0x9e,0x82,0xe7,0x9b,0xb4,0xe5,0xb1,0x85,0xe4,0xb8,0xad,
  0xd,0xa,0x20,0x20,0x20,0x20,0x20,0x20,0x20,0x20,0x7d,0xd,0xa,0x20,0x20,0x20,
  0x20,0x7d,0xd,0xa,0xd,0xa,0x20,0x20,0x20,0x20,0x43,0x6f,0x6d,0x70,0x6f,0x6e,
  0x65,0x6e,0x74,0x20,0x7b,0xd,0xa,0x20,0x20,0x20,0x20,0x20,0x20,0x20,0x20,0x69,
  0x64,0x3a,0x20,0x69,0x6d,0x61,0x67,0x65,0x43,0x6f,0x6d,0x70,0x6f,0x6e,0x65,0x6e,
  0x74,0xd,0xa,0x20,0x20,0x20,0x20,0x20,0x20,0x20,0x20,0x49,0x6d,0x61,0x67,0x65,
  0x20,0x7b,0xd,0xa,0x20,0x20,0x20,0x20,0x20,0x20,0x20,0x20,0x20,0x20,0x20,0x20,
  0x73,0x6f,0x75,0x72,0x63,0x65,0x3a,0x20,0x51,0x74,0x2e,0x72,0x65,0x73,0x6f,0x6c,
  0x76,0x65,0x64,0x55,0x72,0x6c,0x28,0x6d,0x65,0x73,0x73,0x61,0x67,0x65,0x29,0xd,
  0xa,0x20,0x20,0x20,0x20,0x20,0x20,0x20,0x20,0x20,0x20,0x20,0x20,0x66,0x69,0x6c,
  0x6c,0x4d,0x6f,0x64,0x65,0x3a,0x20,0x49,0x6d,0x61,0x67,0x65,0x2e,0x50,0x72,0x65,
  0x73,0x65,0x72,0x76,0x65,0x41,0x73,0x70,0x65,0x63,0x74,0x46,0x69,0x74,0xd,0xa,
  0x20,0x20,0x20,0x20,0x20,0x20,0x20,0x20,0x20,0x20,0x20,0x20,0x77,0x69,0x64,0x74,
  0x68,0x3a,0x20,0x70,0x61,0x72,0x65,0x6e,0x74,0x2e,0x77,0x69,0x64,0x74,0x68,0xd,
  0xa,0x20,0x20,0x20,0x20,0x20,0x20,0x20,0x20,0x20,0x20,0x20,0x20,0x68,0x65,0x69,
  0x67,0x68,0x74,0x3a,0x20,0x73,0x6f,0x75,0x72,0x63,0x65,0x53,0x69,0x7a,0x65,0x2e,
  0x68,0x65,0x69,0x67,0x68,0x74,0x20,0x2a,0x20,0x28,0x77,0x69,0x64,0x74,0x68,0x20,
  0x2f,0x20,0x73,0x6f,0x75,0x72,0x63,0x65,0x53,0x69,0x7a,0x65,0x2e,0x77,0x69,0x64,
  0x74,0x68,0x29,0xd,0xa,0x20,0x20,0x20,0x20,0x20,0x20,0x20,0x20,0x7d,0xd,0xa,
  0x20,0x20,0x20,0x20,0x7d,0xd,0xa,0x7d,0xd,0xa,
    // HoverImage.qml
  0x0,0x0,0x4,0x3a,
  0x69,
  0x6d,0x70,0x6f,0x72,0x74,0x20,0x51,0x74,0x51,0x75,0x69,0x63,0x6b,0xd,0xa,0x2f,
  0x2a,0x2a,0x2a,0x2a,0x2a,0x2a,0x2a,0x2a,0x2a,0x2a,0x2a,0x2a,0x2a,0x2a,0x2a,0x2a,
  0x2a,0x2a,0x2a,0x2a,0x2a,0x2a,0x2a,0x2a,0x2a,0x2a,0x2a,0x2a,0x2a,0x2a,0x2a,0x2a,
  0x2a,0x2a,0x2a,0x2a,0x2a,0x2a,0x2a,0x2a,0x2a,0x2a,0x2a,0x2a,0x2a,0x2a,0x2a,0x2a,
  0x2a,0x2a,0x2a,0x2a,0x2a,0x2a,0x2a,0x2a,0x2a,0x2a,0x2a,0x2a,0x2a,0x2a,0x2a,0x2a,
  0x2a,0x2a,0x2a,0x2a,0x2a,0x2a,0x2a,0x2a,0x2a,0x2a,0x2a,0x2a,0x2a,0x2a,0xd,0xa,
  0x20,0x2a,0xd,0xa,0x20,0x2a,0x20,0x40,0x66,0x69,0x6c,0x65,0x20,0x20,0x20,0x20,
  0x20,0x20,0x20,0x48,0x6f,0x76,0x65,0x72,0x49,0x6d,0x61,0x67,0x65,0x2e,0x71,0x6d,
  0x6c,0xd,0xa,0x20,0x2a,0x20,0x20,0x20,0x20,0x20,0x20,0x20,0x20,0x20,0x20,0x20,
  0x20,0x20,0x20,0xe8,0x87,0xaa,0xe5,0xae,0x9a,0xe4,0xb9,0x89,0xe5,0x9b,0xbe,0xe7,
  0x89,0x87,0xd,0xa,0x20,0x2a,0x20,0x40,0x61,0x75,0x74,0x68,0x6f,0x72,0x20,0x20,
  0x20,0x20,0x20,0x78,0x75,0x6f,0x72,0x7a,0xd,0xa,0x20,0x2a,0x20,0x40,0x64,0x61,
  0x74,0x65,0x20,0x20,0x20,0x20,0x20,0x20,0x20,0x32,0x30,0x32,0x35,0x2f,0x30,0x33,
  0x2f,0x31,0x38,0xd,0xa,0x20,0x2a,0x20,0x40,0x68,0x69,0x73,0x74,0x6f,0x72,0x79,
  0xd,0xa,0x20,0x2a,0x2a,0x2a,0x2a,0x2a,0x2a,0x2a,0x2a,0x2a,0x2a,0x2a,0x2a,0x2a,
  0x2a,0x2a,0x2a,0x2a,0x2a,0x2a,0x2a,0x2a,0x2a,0x2a,0x2a,0x2a,0x2a,0x2a,0x2a,0x2a,
  0x2a,0x2a,0x2a,0x2a,0x2a,0x2a,0x2a,0x2a,0x2a,0x2a,0x2a,0x2a,0x2a,0x2a,0x2a,0x2a,
  0x2a,0x2a,0x2a,0x2a,0x2a,0x2a,0x2a,0x2a,0x2a,0x2a,0x2a,0x2a,0x2a,0x2a,0x2a,0x2a,
  0x2a,0x2a,0x2a,0x2a,0x2a,0x2a,0x2a,0x2a,0x2a,0x2a,0x2a,0x2a,0x2a,0x2a,0x2a,0x2a,
  0x2f,0xd,0xa,0x52,0x65,0x63,0x74,0x61,0x6e,0x67,0x6c,0x65,0x20,0x7b,0xd,0xa,
  0x20,0x20,0x20,0x20,0x69,0x64,0x3a,0x20,0x68,0x6f,0x76,0x65,0x72,0x49,0x6d,0x61,
  0x67,0x65,0xd,0xa,0x20,0x20,0x20,0x20,0x70,0x72,0x6f,0x70,0x65,0x72,0x74,0x79,
  0x20,0x62,0x6f,0x6f,0x6c,0x20,0x69,0x73,0x48,0x6f,0x76,0x65,0x72,0x65,0x64,0x3a,
  0x20,0x66,0x61,0x6c,0x73,0x65,0xd,0xa,0x20,0x20,0x20,0x20,0x70,0x72,0x6f,0x70,
  0x65,0x72,0x74,0x79,0x20,0x75,0x72,0x6c,0x20,0x64,0x65,0x66,0x61,0x75,0x6c,0x74,
  0x53,0x6f,0x75,0x72,0x63,0x65,0x3a,0x20,0x22,0x22,0xd,0xa,0x20,0x20,0x20,0x20,
  0x70,0x72,0x6f,0x70,0x65,0x72,0x74,0x79,0x20,0x75,0x72,0x6c,0x20,0x68,0x6f,0x76,
  0x65,0x72,0x53,0x6f,0x75,0x72,0x63,0x65,0x3a,0x20,0x22,0x22,0xd,0xa,0x20,0x20,
  0x20,0x20,0x73,0x69,0x67,0x6e,0x61,0x6c,0x20,0x63,0x6c,0x69,0x63,0x6b,0x65,0x64,
  0x28,0x29,0xd,0xa,0x20,0x20,0x20,0x20,0x4d,0x6f,0x75,0x73,0x65,0x41,0x72,0x65,
  0x61,0x20,0x7b,0xd,0xa,0x20,0x20,0x20,0x20,0x20,0x20,0x20,0x20,0x61,0x6e,0x63,
  0x68,0x6f,0x72,0x73,0x2e,0x66,0x69,0x6c,0x6c,0x3a,0x20,0x70,0x61,0x72,0x65,0x6e,
  0x74,0xd,0xa,0x20,0x20,0x20,0x20,0x20,0x20,0x20,0x20,0x68,0x6f,0x76,0x65,0x72,
  0x45,0x6e,0x61,0x62,0x6c,0x65,0x64,0x3a,0x20,0x74,0x72,0x75,0x65,0xd,0xa,0x20,
  0x20,0x20,0x20,0x20,0x20,0x20,0x20,0x63,0x75,0x72,0x73,0x6f,0x72,0x53,0x68,0x61,
  0x70,0x65,0x3a,0x20,0x51,0x74,0x2e,0x50,0x6f,0x69,0x6e,0x74,0x69,0x6e,0x67,0x48,
  0x61,0x6e,0x64,0x43,0x75,0x72,0x73,0x6f,0x72,0xd,0xa,0x20,0x20,0x20,0x20,0x20,
  0x20,0x20,0x20,0x49,0x6d,0x61,0x67,0x65,0x20,0x7b,0xd,0xa,0x20,0x20,0x20,0x20,
  0x20,0x20,0x20,0x20,0x20,0x20,0x20,0x20,0x69,0x64,0x3a,0x20,0x69,0x6d,0x67,0xd,
  0xa,0x20,0x20,0x20,0x20,0x20,0x20,0x20,0x20,0x20,0x20,0x20,0x20,0x61,0x6e,0x63,
  0x68,0x6f,0x72,0x73,0x2e,0x66,0x69,0x6c,0x6c,0x3a,0x20,0x70,0x61,0x72,0x65,0x6e,
  0x74,0xd,0xa,0x20,0x20,0x20,0x20,0x20,0x20,0x20,0x20,0x20,0x20,0x20,0x20,0x73,
  0x6f,0x75,0x72,0x63,0x65,0x3a,0x20,0x64,0x65,0x66,0x61,0x75,0x6c,0x74,0x53,0x6f,
  0x75,0x72,0x63,0x65,0xd,0xa,0x20,0x20,0x20,0x20,0x20,0x20,0x20,0x20,0x7d,0xd,
  0xa,0x20,0x20,0x20,0x20,0x20,0x20,0x20,0x20,0x6f,0x6e,0x43,0x6c,0x69,0x63,0x6b,
  0x65,0x64,0x3a,0x20,0x7b,0xd,0xa,0x20,0x20,0x20,0x20,0x20,0x20,0x20,0x20,0x20,
  0x20,0x20,0x20,0x68,0x6f,0x76,0x65,0x72,0x49,0x6d,0x61,0x67,0x65,0x2e,0x63,0x6c,
  0x69,0x63,0x6b,0x65,0x64,0x28,0x29,0xd,0xa,0x20,0x20,0x20,0x20,0x20,0x20,0x20,
  0x20,0x7d,0xd,0xa,0xd,0xa,0x20,0x20,0x20,0x20,0x20,0x20,0x20,0x20,0x6f,0x6e,
  0x45,0x6e,0x74,0x65,0x72,0x65,0x64,0x3a,0x20,0x7b,0xd,0xa,0x20,0x20,0x20,0x20,
  0x20,0x20,0x20,0x20,0x20,0x20,0x20,0x20,0x68,0x6f,0x76,0x65,0x72,0x49,0x6d,0x61,
  0x67,0x65,0x2e,0x69,0x73,0x48,0x6f,0x76,0x65,0x72,0x65,0x64,0x20,0x3d,0x20,0x74,
  0x72,0x75,0x65,0xd,0xa,0x20,0x20,0x20,0x20,0x20,0x20,0x20,0x20,0x20,0x20,0x20,
  0x20,0x69,0x66,0x20,0x28,0x68,0x6f,0x76,0x65,0x72,0x53,0x6f,0x75,0x72,0x63,0x65,
  0x2e,0x74,0x6f,0x53,0x74,0x72,0x69,0x6e,0x67,0x28,0x29,0x20,0x21,0x3d,0x3d,0x20,
  0x22,0x22,0x29,0x20,0x7b,0xd,0xa,0x20,0x20,0x20,0x20,0x20,0x20,0x20,0x20,0x20,
  0x20,0x20,0x20,0x20,0x20,0x20,0x20,0x69,0x6d,0x67,0x2e,0x73,0x6f,0x75,0x72,0x63,
  0x65,0x20,0x3d,0x20,0x68,0x6f,0x76,0x65,0x72,0x53,0x6f,0x75,0x72,0x63,0x65,0xd,
  0xa,0x20,0x20,0x20,0x20,0x20,0x20,0x20,0x20,0x20,0x20,0x20,0x20,0x7d,0xd,0xa,
  0x20,0x20,0x20,0x20,0x20,0x20,0x20,0x20,0x7d,0xd,0xa,0xd,0xa,0x20,0x20,0x20,
  0x20,0x20,0x20,0x20,0x20,0x6f,0x6e,0x45,0x78,0x69,0x74,0x65,0x64,0x3a,0x20,0x7b,
  0xd,0xa,0x20,0x20,0x20,0x20,0x20,0x20,0x20,0x20,0x20,0x20,0x20,0x20,0x68,0x6f,
  0x76,0x65,0x72,0x49,0x6d,0x61,0x67,0x65,0x2e,0x69,0x73,0x48,0x6f,0x76,0x65,0x72,
  0x65,0x64,0x20,0x3d,0x20,0x66,0x61,0x6c,0x73,0x65,0xd,0xa,0x20,0x20,0x20,0x20,
  0x20,0x20,0x20,0x20,0x20,0x20,0x20,0x20,0x69,0x6d,0x67,0x2e,0x73,0x6f,0x75,0x72,
  0x63,0x65,0x20,0x3d,0x20,0x64,0x65,0x66,0x61,0x75,0x6c,0x74,0x53,0x6f,0x75,0x72,
  0x63,0x65,0xd,0xa,0x20,0x20,0x20,0x20,0x20,0x20,0x20,0x20,0x7d,0xd,0xa,0x20,
  0x20,0x20,0x20,0x7d,0xd,0xa,0x7d,0xd,0xa,
    // UserList.qml
  0x0,0x0,0x9,0xf0,
  0x69,
  0x6d,0x70,0x6f,0x72,0x74,0x20,0x51,0x74,0x51,0x75,0x69,0x63,0x6b,0xd,0xa,0x69,
  0x6d,0x70,0x6f,0x72,0x74,0x20,0x51,0x74,0x51,0x75,0x69,0x63,0x6b,0x2e,0x43,0x6f,
  0x6e,0x74,0x72,0x6f,0x6c,0x73,0xd,0xa,0x69,0x6d,0x70,0x6f,0x72,0x74,0x20,0x51,
  0x74,0x51,0x75,0x69,0x63,0x6b,0x2e,0x4c,0x61,0x79,0x6f,0x75,0x74,0x73,0xd,0xa,
  0x2f,0x2a,0x2a,0x2a,0x2a,0x2a,0x2a,0x2a,0x2a,0x2a,0x2a,0x2a,0x2a,0x2a,0x2a,0x2a,
  0x2a,0x2a,0x2a,0x2a,0x2a,0x2a,0x2a,0x2a,0x2a,0x2a,0x2a,0x2a,0x2a,0x2a,0x2a,0x2a,
  0x2a,0x2a,0x2a,0x2a,0x2a,0x2a,0x2a,0x2a,0x2a,0x2a,0x2a,0x2a,0x2a,0x2a,0x2a,0x2a,
  0x2a,0x2a,0x2a,0x2a,0x2a,0x2a,0x2a,0x2a,0x2a,0x2a,0x2a,0x2a,0x2a,0x2a,0x2a,0x2a,
  0x2a,0x2a,0x2a,0x2a,0x2a,0x2a,0x2a,0x2a,0x2a,0x2a,0x2a,0x2a,0x2a,0x2a,0x2a,0xd,
  0xa,0x20,0x2a,0xd,0xa,0x20,0x2a,0x20,0x40,0x66,0x69,0x6c,0x65,0x20,0x20,0x20,
  0x20,0x20,0x20,0x20,0x55,0x73,0x65,0x72,0x4c,0x69,0x73,0x74,0x2e,0x71,0x6d,0x6c,
  0xd,0xa,0x20,0x2a,0x20,0x20,0x20,0x20,0x20,0x20,0x20,0x20,0x20,0x20,0x20,0x20,
  0x20,0x20,0xe7,0x94,0xa8,0xe6,0x88,0xb7,0xe5,0x88,0x97,0xe8,0xa1,0xa8,0xd,0xa,
  0x20,0x2a,0x20,0x40,0x61,0x75,0x74,0x68,0x6f,0x72,0x20,0x20,0x20,0x20,0x20,0x78,
  0x75,0x6f,0x72,0x7a,0xd,0xa,0x20,0x2a,0x20,0x40,0x64,0x61,0x74,0x65,0x20,0x20,
  0x20,0x20,0x20,0x20,0x20,0x32,0x30,0x32,0x35,0x2f,0x30,0x33,0x2f,0x31,0x36,0xd,
  0xa,0x20,0x2a,0x20,0x40,0x68,0x69,0x73,0x74,0x6f,0x72,0x79,0xd,0xa,0x20,0x2a,
  0x2a,0x2a,0x2a,0x2a,0x2a,0x2a,0x2a,0x2a,0x2a,0x2a,0x2a,0x2a,0x2a,0x2a,0x2a,0x2a,
  0x2a,0x2a,0x2a,0x2a,0x2a,0x2a,0x2a,0x2a,0x2a,0x2a,0x2a,0x2a,0x2a,0x2a,0x2a,0x2a,
  0x2a,0x2a,0x2a,0x2a,0x2a,0x2a,0x2a,0x2a,0x2a,0x2a,0x2a,0x2a,0x2a,0x2a,0x2a,0x2a,
  0x2a,0x2a,0x2a,0x2a,0x2a,0x2a,0x2a,0x2a,0x2a,0x2a,0x2a,0x2a,0x2a,0x2a,0x2a,0x2a,
  0x2a,0x2a,0x2a,0x2a,0x2a,0x2a,0x2a,0x2a,0x2a,0x2a,0x2a,0x2a,0x2f,0xd,0xa,0x4c,
  0x69,0x73,0x74,0x56,0x69,0x65,0x77,0x20,0x7b,0xd,0xa,0x20,0x20,0x20,0x20,0x69,
  0x64,0x3a,0x75,0x73,0x65,0x72,0x4c,0x69,0x73,0x74,0xd,0xa,0x20,0x20,0x20,0x20,
  0x63,0x6c,0x69,0x70,0x3a,0x20,0x74,0x72,0x75,0x65,0x20,0x20,0x2f,0x2f,0x20,0xe9,
  0x98,0xb2,0xe6,0xad,0xa2,0xe5,0x86,0x85,0xe5,0xae,0xb9,0xe6,0xba,0xa2,0xe5,0x87,
  0xba,0xd,0xa,0x20,0x20,0x20,0x20,0x70,0x72,0x6f,0x70,0x65,0x72,0x74,0x79,0x20,
  0x69,0x6e,0x74,0x20,0x61,0x63,0x74,0x69,0x76,0x65,0x49,0x6e,0x64,0x65,0x78,0x3a,
  0x20,0x30,0xd,0xa,0x20,0x20,0x20,0x20,0x70,0x72,0x6f,0x70,0x65,0x72,0x74,0x79,
  0x20,0x76,0x61,0x72,0x20,0x72,0x61,0x6e,0x64,0x6f,0x6d,0x4e,0x69,0x63,0x6b,0x6e,
  0x61,0x6d,0x65,0x73,0x20,0x3a,0x20,0x5b,0xd,0xa,0x20,0x20,0x20,0x20,0x20,0x20,
  0x22,0xe6,0x98,0x9f,0xe6,0xb2,0xb3,0xe6,0xbc,0xab,0xe6,0xb8,0xb8,0xe8,0x80,0x85,
  0x22,0x2c,0xd,0xa,0x20,0x20,0x20,0x20,0x20,0x20,0x22,0xe5,0xa4,0x9c,0xe7,0xbe,
  0xbd,0xe8,0xbd,0xbb,0xe5,0xb0,0x98,0x22,0x2c,0xd,0xa,0x20,0x20,0x20,0x20,0x20,
  0x20,0x22,0xe5,0xb9,0xbb,0xe6,0xa2,0xa6,0xe8,0xbf,0xbd,0xe5,0x85,0x89,0xe8,0x80,
  0x85,0x22,0x2c,0xd,0xa,0x20,0x20,0x20,0x20,0x20,0x20,0x22,0xe5,0xa2,0xa8,0xe6,
  0x9f,0x93,0xe9,0x9d,0x92,0xe8,0xa1,0xab,0x22,0x2c,0xd,0xa,0x20,0x20,0x20,0x20,
  0x20,0x20,0x22,0xe9,0xa3,0x8e,0xe8,0xaf,0xad,0xe8,0x80,0x85,0xc2,0xb7,0xe9,0x9b,
  0xb6,0x22,0x2c,0xd,0xa,0x20,0x20,0x20,0x20,0x20,0x20,0x22,0xe9,0x87,0x8f,0xe5,
  0xad,0x90,0xe6,0xbc,0xab,0xe6,0xb8,0xb8,0xe5,0xae,0xb6,0x22,0x2c,0xd,0xa,0x20,
  0x20,0x20,0x20,0x20,0x20,0x22,0xe4,0xba,0x91,0xe7,0xab,0xaf,0xe6,0x8b,0xbe,0xe6,
  0xa2,0xa6,0xe4,0xba,0xba,0x22,0x2c,0xd,0xa,0x20,0x20,0x20,0x20,0x20,0x20,0x22,
  0xe5,0xb9,0xbb,0xe6,0x9c,0x88,0xe6,0xb5,0x81,0xe8,0x90,0xa4,0x22,0x2c,0xd,0xa,
  0x20,0x20,0x20,0x20,0x20,0x20,0x22,0xe5,0xa2,0xa8,0xe8,0x89,0xb2,0xe7,0x8e,0x84,
  0xe9,0x9f,0xb3,0x22,0x2c,0xd,0xa,0x20,0x20,0x20,0x20,0x20,0x20,0x22,0xe6,0x98,
  0x9f,0xe8,0xbd,0xa8,0xe7,0xbc,0x96,0xe7,0xbb,0x87,0xe8,0x80,0x85,0x22,0x2c,0xd,
  0xa,0x20,0x20,0x20,0x20,0x20,0x20,0x22,0xe6,0x9a,0x97,0xe5,0xa4,0x9c,0xe5,0xbe,
  0xae,0xe5,0x85,0x89,0x22,0x2c,0xd,0xa,0x20,0x20,0x20,0x20,0x20,0x20,0x22,0xe9,
  0x9b,0xbe,0xe9,0x9a,0x90,0xe8,0xa1,0x8c,0xe8,0x80,0x85,0x22,0x2c,0xd,0xa,0x20,
  0x20,0x20,0x20,0x20,0x20,0x22,0xe5,0xb9,0xbb,0xe5,0xa4,0x9c,0xe6,0x98,0x9f,0xe8,
  0xbe,0xb0,0x22,0x2c,0xd,0xa,0x20,0x20,0x20,0x20,0x20,0x20,0x22,0xe5,0xa2,0xa8,
  0xe5,0xbd,0xb1,0xe9,0x9a,0x8f,0xe9,0xa3,0x8e,0x22,0x2c,0xd,0xa,0x20,0x20,0x20,
  0x20,0x20,0x20,0x22,0xe9,0xa3,0x8e,0xe5,0x90,0x9f,0xe6,0xb5,0x85,0xe5,0x94,0xb1,
  0x22,0x2c,0xd,0xa,0x20,0x20,0x20,0x20,0x20,0x20,0x22,0xe5,0x85,0x89,0xe5,0xb9,
  0xb4,0xe4,0xb9,0x8b,0xe5,0xa4,0x96,0x22,0x2c,0xd,0xa,0x20,0x20,0x20,0x20,0x20,
  0x20,0x22,0xe5,0xb9,0xbd,0xe5,0xbd,0xb1,0xe8,0xbf,0xb7,0xe8,0xb8,0xaa,0x22,0x2c,
  0xd,0xa,0x20,0x20,0x20,0x20,0x20,0x20,0x22,0xe5,0xb9,0xbb,0xe5,0xa2,0x83,0xe6,
  0x97,0x85,0xe4,0xba,0xba,0x22,0x2c,0xd,0xa,0x20,0x20,0x20,0x20,0x20,0x20,0x22,
  0xe5,0xa2,0xa8,0xe8,0x89,0xb2,0xe6,0xb6,0x9f,0xe6,0xbc,0xaa,0x22,0x2c,0xd,0xa,
  0x20,0x20,0x20,0x20,0x20,0x20,0x22,0xe6,0x98,0x9f,0xe6,0xb5,0xb7,0xe5,0xad,0xa4,
  0xe8,0x88,0x9f,0x22,0x2c,0xd,0xa,0x20,0x20,0x20,0x20,0x20,0x20,0x22,0xe9,0x9b,
  0xbe,0xe9,0x87,0x8c,0xe7,0x9c,0x8b,0xe8,0x8a,0xb1,0x22,0x2c,0xd,0xa,0x20,0x20,
  0x20,0x20,0x20,0x20,0x22,0xe6,0x9a,0x97,0xe5,0xa4,0x9c,0xe7,0xb2,0xbe,0xe7,0x81,
  0xb5,0x22,0x2c,0xd,0xa,0x20,0x20,0x20,0x20,0x20,0x20,0x22,0xe5,0xb9,0xbb,0xe6,
  0xa2,0xa6,0xe4,0xb9,0x8b,0xe7,0xbf,0xbc,0x22,0x2c,0xd,0xa,0x20,0x20,0x20,0x20,
  0x20,0x20,0x22,0xe5,0xa2,0xa8,0xe8,0x89,0xb2,0xe7,0x8b,0xac,0xe7,0x99,0xbd,0x22,
  0x2c,0xd,0xa,0x20,0x20,0x20,0x20,0x20,0x20,0x22,0xe9,0xa3,0x8e,0xe8,0xb5,0xb7,
  0xe4,0xba,0x91,0xe5,0x8d,0xb7,0x22,0x2c,0xd,0xa,0x20,0x20,0x20,0x20,0x20,0x20,
  0x22,0xe5,0x85,0x89,0xe5,0xbd,0xb1,0xe6,0xb8,0xb8,0xe4,0xbe,0xa0,0x22,0x2c,0xd,
  0xa,0x20,0x20,0x20,0x20,0x20,0x20,0x22,0xe5,0xb9,0xbd,0xe5,0xa4,0x9c,0xe9,0xad,
  0x85,0xe5,0xbd,0xb1,0x22,0x2c,0xd,0xa,0x20,0x20,0x20,0x20,0x20,0x20,0x22,0xe5,
  0xb9,0xbb,0xe5,0xa4,0x9c,0xe8,0xa1,0x8c,0xe8,0x80,0x85,0x22,0x2c,0xd,0xa,0x20,
  0x20,0x20,0x20,0x20,0x20,0x22,0xe5,0xa2,0xa8,0xe8,0x89,0xb2,0xe8,0xaf,0x97,0xe7,
  0xaf,0x87,0x22,0x2c,0xd,0xa,0x20,0x20,0x20,0x20,0x20,0x20,0x22,0xe6,0x98,0x9f,
  0xe8,0xbe,0x89,0xe6,0xbc,0xab,0xe6,0xb8,0xb8,0xe8,0x80,0x85,0x22,0x2c,0xd,0xa,
  0x20,0x20,0x20,0x20,0x20,0x20,0x22,0xe9,0x9b,0xbe,0xe4,0xb8,0xad,0xe6,0xbc,0xab,
  0xe6,0xad,0xa5,0xe8,0x80,0x85,0x22,0x2c,0xd,0xa,0x20,0x20,0x20,0x20,0x20,0x20,
  0x22,0xe6,0x9a,0x97,0xe5,0xa4,0x9c,0xe7,0x8b,0xac,0xe8,0xa1,0x8c,0xe8,0x80,0x85,
  0x22,0x2c,0xd,0xa,0x20,0x20,0x20,0x20,0x20,0x20,0x22,0xe5,0xb9,0xbb,0xe6,0xa2,
  0xa6,0xe7,0xbc,0x96,0xe7,0xbb,0x87,0xe8,0x80,0x85,0x22,0x2c,0xd,0xa,0x20,0x20,
  0x20,0x20,0x20,0x20,0x22,0xe5,0xa2,0xa8,0xe8,0x89,0xb2,0xe6,0x97,0x8b,0xe5,0xbe,
  0x8b,0x22,0x2c,0xd,0xa,0x20,0x20,0x20,0x20,0x20,0x20,0x22,0xe9,0xa3,0x8e,0xe8,
  0xb5,0xb7,0xe6,0x97,0xb6,0x22,0x2c,0xd,0xa,0x20,0x20,0x20,0x20,0x20,0x20,0x22,
  0xe5,0x85,0x89,0xe5,0xb9,0xb4,0xe4,0xbf,0xa1,0xe4,0xbd,0xbf,0x22,0x2c,0xd,0xa,
  0x20,0x20,0x20,0x20,0x20,0x20,0x22,0xe5,0xb9,0xbd,0xe5,0xbd,0xb1,0xe5,0xb9,0xbb,
  0xe6,0xa2,0xa6,0x22,0x2c,0xd,0xa,0x20,0x20,0x20,0x20,0x20,0x20,0x22,0xe5,0xb9,
  0xbb,0xe5,0xa4,0x9c,0xe5,0xbe,0xae,0xe5,0x85,0x89,0x22,0x2c,0xd,0xa,0x20,0x20,
  0x20,0x20,0x20,0x20,0x22,0xe5,0xa2,0xa8,0xe8,0x89,0xb2,0xe5,0xbe,0xae,0xe6,0xbe,
  0x9c,0x22,0xd,0xa,0x20,0x20,0x20,0x20,0x5d,0x3b,0xd,0xa,0xd,0xa,0x20,0x20,
  0x20,0x20,0x62,0x6f,0x75,0x6e,0x64,0x73,0x42,0x65,0x68,0x61,0x76,0x69,0x6f,0x72,
  0x3a,0x46,0x6c,0x69,0x63,0x6b,0x61,0x62,0x6c,0x65,0x2e,0x53,0x74,0x6f,0x70,0x41,
  0x74,0x42,0x6f,0x75,0x6e,0x64,0x73,0xd,0xa,0x20,0x20,0x20,0x20,0x53,0x63,0x72,
  0x6f,0x6c,0x6c,0x42,0x61,0x72,0x2e,0x76,0x65,0x72,0x74,0x69,0x63,0x61,0x6c,0x3a,
  0x20,0x53,0x63,0x72,0x6f,0x6c,0x6c,0x42,0x61,0x72,0x20,0x7b,0xd,0xa,0x20,0x20,
  0x20,0x20,0x20,0x20,0x20,0x20,0x61,0x63,0x74,0x69,0x76,0x65,0x3a,0x20,0x74,0x72,
  0x75,0x65,0xd,0xa,0x20,0x20,0x20,0x20,0x20,0x20,0x20,0x20,0x2f,0x2f,0x20,0x70,
  0x6f,0x6c,0x69,0x63,0x79,0x3a,0x20,0x53,0x63,0x72,0x6f,0x6c,0x6c,0x42,0x61,0x72,
  0x2e,0x41,0x6c,0x77,0x61,0x79,0x73,0x4f,0x6e,0x20,0x20,0x2f,0x2f,0x20,0x41,0x6c,
  0x77,0x61,0x79,0x73,0x20,0x73,0x68,0x6f,0x77,0x20,0x73,0x63,0x72,0x6f,0x6c,0x6c,
  0x62,0x61,0x72,0xd,0xa,0x20,0x20,0x20,0x20,0x7d,0xd,0xa,0x20,0x20,0x20,0x20,
  0x4c,0x69,0x73,0x74,0x4d,0x6f,0x64,0x65,0x6c,0x20,0x7b,0xd,0xa,0x20,0x20,0x20,
  0x20,0x20,0x20,0x20,0x20,0x69,0x64,0x3a,0x20,0x64,0x61,0x74,0x61,0x4d,0x6f,0x64,
  0x65,0x6c,0xd,0xa,0x20,0x20,0x20,0x20,0x7d,0xd,0xa,0x20,0x20,0x20,0x20,0x6d,
  0x6f,0x64,0x65,0x6c,0x3a,0x20,0x64,0x61,0x74,0x61,0x4d,0x6f,0x64,0x65,0x6c,0xd,
  0xa,0x20,0x20,0x20,0x20,0x64,0x65,0x6c,0x65,0x67,0x61,0x74,0x65,0x3a,0x20,0x55,
  0x73,0x65,0x72,0x49,0x74,0x65,0x6d,0x20,0x7b,0xd,0xa,0x20,0x20,0x20,0x20,0x20,
  0x20,0x20,0x20,0x77,0x69,0x64,0x74,0x68,0x3a,0x20,0x75,0x73,0x65,0x72,0x4c,0x69,
  0x73,0x74,0x2e,0x77,0x69,0x64,0x74,0x68,0xd,0xa,0x20,0x20,0x20,0x20,0x20,0x20,
  0x20,0x20,0x69,0x73,0x41,0x63,0x74,0x69,0x76,0x65,0x3a,0x20,0x69,0x6e,0x64,0x65,
  0x78,0x20,0x3d,0x3d,0x3d,0x20,0x75,0x73,0x65,0x72,0x4c,0x69,0x73,0x74,0x2e,0x61,
  0x63,0x74,0x69,0x76,0x65,0x49,0x6e,0x64,0x65,0x78,0xd,0xa,0xd,0xa,0x20,0x20,
  0x20,0x20,0x20,0x20,0x20,0x20,0x6f,0x6e,0x43,0x6c,0x69,0x63,0x6b,0x65,0x64,0x3a,
  0x20,0x7b,0xd,0xa,0x20,0x20,0x20,0x20,0x20,0x20,0x20,0x20,0x20,0x20,0x20,0x20,
  0x61,0x63,0x74,0x69,0x76,0x65,0x49,0x6e,0x64,0x65,0x78,0x20,0x3d,0x20,0x69,0x6e,
  0x64,0x65,0x78,0xd,0xa,0x20,0x20,0x20,0x20,0x20,0x20,0x20,0x20,0x20,0x20,0x20,
  0x20,0x69,0x66,0x28,0x61,0x63,0x74,0x69,0x76,0x65,0x49,0x6e,0x64,0x65,0x78,0x20,
  0x3d,0x3d,0x3d,0x20,0x30,0x29,0x7b,0xd,0xa,0x20,0x20,0x20,0x20,0x20,0x20,0x20,
  0x20,0x20,0x20,0x20,0x20,0x20,0x20,0x20,0x20,0x70,0x5f,0x6f,0x62,0x6a,0x65,0x63,
  0x74,0x2e,0x6e,0x61,0x6d,0x65,0x20,0x3d,0x20,0x20,0x71,0x73,0x54,0x72,0x28,0x22,
  0xe6,0x96,0xb0,0xe7,0x9a,0x84,0xe6,0x9c,0x8b,0xe5,0x8f,0x8b,0x22,0x29,0xd,0xa,
  0x20,0x20,0x20,0x20,0x20,0x20,0x20,0x20,0x20,0x20,0x20,0x20,0x20,0x20,0x20,0x20,
  0x70,0x5f,0x6f,0x62,0x6a,0x65,0x63,0x74,0x2e,0x73,0x77,0x69,0x74,0x63,0x68,0x52,
  0x69,0x67,0x68,0x74,0x43,0x6f,0x6e,0x74,0x65,0x6e,0x74,0x28,0x22,0x46,0x72,0x69,
  0x65,0x6e,0x64,0x41,0x75,0x74,0x68,0x4c,0x69,0x73,0x74,0x2e,0x71,0x6d,0x6c,0x22,
  0x29,0xd,0xa,0x20,0x20,0x20,0x20,0x20,0x20,0x20,0x20,0x20,0x20,0x20,0x20,0x7d,
  0xd,0xa,0x20,0x20,0x20,0x20,0x20,0x20,0x20,0x20,0x20,0x20,0x20,0x20,0x65,0x6c,
  0x73,0x65,0x20,0x7b,0xd,0xa,0xd,0xa,0x20,0x20,0x20,0x20,0x20,0x20,0x20,0x20,
  0x20,0x20,0x20,0x20,0x7d,0xd,0xa,0x20,0x20,0x20,0x20,0x20,0x20,0x20,0x20,0x7d,
  0xd,0xa,0x20,0x20,0x20,0x20,0x7d,0xd,0xa,0xd,0xa,0x20,0x20,0x20,0x20,0x43,
  0x6f,0x6d,0x70,0x6f,0x6e,0x65,0x6e,0x74,0x2e,0x6f,0x6e,0x43,0x6f,0x6d,0x70,0x6c,
  0x65,0x74,0x65,0x64,0x3a,0x20,0x7b,0xd,0xa,0x20,0x20,0x20,0x20,0x20,0x20,0x20,
  0x20,0x64,0x61,0x74,0x61,0x4d,0x6f,0x64,0x65,0x6c,0x2e,0x61,0x70,0x70,0x65,0x6e,
  0x64,0x28,0x7b,0xd,0xa,0x20,0x20,0x20,0x20,0x20,0x20,0x20,0x20,0x20,0x20,0x20,
  0x20,0x22,0x6e,0x61,0x6d,0x65,0x22,0x20,0x3a,0x20,0x71,0x73,0x54,0x72,0x28,0x22,
  0xe6,0x96,0xb0,0xe7,0x9a,0x84,0xe6,0x9c,0x8b,0xe5,0x8f,0x8b,0x22,0x29,0x2c,0xd,
  0xa,0x20,0x20,0x20,0x20,0x20,0x20,0x20,0x20,0x20,0x20,0x20,0x20,0x22,0x61,0x76,
  0x61,0x74,0x61,0x72,0x22,0x20,0x3a,0x20,0x22,0x71,0x72,0x63,0x3a,0x2f,0x73,0x72,
  0x63,0x2f,0x61,0x64,0x64,0x5f,0x66,0x72,0x69,0x65,0x6e,0x64,0x2e,0x70,0x6e,0x67,
  0x22,0x2c,0xd,0xa,0x20,0x20,0x20,0x20,0x20,0x20,0x20,0x20,0x7d,0x29,0xd,0xa,
  0x20,0x20,0x20,0x20,0x20,0x20,0x20,0x20,0x66,0x6f,0x72,0x28,0x6c,0x65,0x74,0x20,
  0x69,0x20,0x3d,0x20,0x30,0x3b,0x20,0x69,0x20,0x3c,0x20,0x72,0x61,0x6e,0x64,0x6f,
  0x6d,0x4e,0x69,0x63,0x6b,0x6e,0x61,0x6d,0x65,0x73,0x2e,0x6c,0x65,0x6e,0x67,0x74,
  0x68,0x3b,0x20,0x2b,0x2b,0x69,0x29,0x20,0x7b,0xd,0xa,0x20,0x20,0x20,0x20,0x20,
  0x20,0x20,0x20,0x20,0x20,0x20,0x20,0x76,0x61,0x72,0x20,0x72,0x61,0x6e,0x64,0x6f,
  0x6d,0x61,0x76,0x61,0x74,0x6f,0x72,0x49,0x6e,0x64,0x65,0x78,0x20,0x3d,0x20,0x4d,
  0x61,0x74,0x68,0x2e,0x66,0x6c,0x6f,0x6f,0x72,0x28,0x4d,0x61,0x74,0x68,0x2e,0x72,
  0x61,0x6e,0x64,0x6f,0x6d,0x28,0x29,0x20,0x2a,0x20,0x32,0x30,0x29,0x20,0x2b,0x20,
  0x31,0x3b,0xd,0xa,0x20,0x20,0x20,0x20,0x20,0x20,0x20,0x20,0x20,0x20,0x20,0x20,
  0x64,0x61,0x74,0x61,0x4d,0x6f,0x64,0x65,0x6c,0x2e,0x61,0x70,0x70,0x65,0x6e,0x64,
  0x28,0x7b,0xd,0xa,0x20,0x20,0x20,0x20,0x20,0x20,0x20,0x20,0x20,0x20,0x20,0x20,
  0x20,0x20,0x20,0x20,0x22,0x6e,0x61,0x6d,0x65,0x22,0x20,0x3a,0x20,0x72,0x61,0x6e,
  0x64,0x6f,0x6d,0x4e,0x69,0x63,0x6b,0x6e,0x61,0x6d,0x65,0x73,0x5b,0x69,0x5d,0x2c,
  0xd,0xa,0x20,0x20,0x20,0x20,0x20,0x20,0x20,0x20,0x20,0x20,0x20,0x20,0x20,0x20,
  0x20,0x20,0x22,0x61,0x76,0x61,0x74,0x61,0x72,0x22,0x20,0x3a,0x20,0x22,0x71,0x72,
  0x63,0x3a,0x2f,0x73,0x74,0x61,0x74,0x65,0x73,0x2f,0x22,0x2b,0x20,0x72,0x61,0x6e,
  0x64,0x6f,0x6d,0x61,0x76,0x61,0x74,0x6f,0x72,0x49,0x6e,0x64,0x65,0x78,0x20,0x2b,
  0x20,0x22,0x2e,0x6a,0x70,0x67,0x22,0x2c,0xd,0xa,0x20,0x20,0x20,0x20,0x20,0x20,
  0x20,0x20,0x20,0x20,0x20,0x20,0x7d,0x29,0xd,0xa,0x20,0x20,0x20,0x20,0x20,0x20,
  0x20,0x20,0x7d,0xd,0xa,0x20,0x20,0x20,0x20,0x7d,0xd,0xa,0x7d,0xd,0xa,
    // ChatInput.qml
  0x0,0x0,0xc,0x3c,
  0x69,
  0x6d,0x70,0x6f,0x72,0x74,0x20,0x51,0x74,0x51,0x75,0x69,0x63,0x6b,0xd,0xa,0x69,
  0x6d,0x70,0x6f,0x72,0x74,0x20,0x51,0x74,0x51,0x75,0x69,0x63,0x6b,0x2e,0x4c,0x61,
  0x79,0x6f,0x75,0x74,0x73,0xd,0xa,0x69,0x6d,0x70,0x6f,0x72,0x74,0x20,0x51,0x74,
  0x51,0x75,0x69,0x63,0x6b,0x2e,0x43,0x6f,0x6e,0x74,0x72,0x6f,0x6c,0x73,0xd,0xa,
  0x69,0x6d,0x70,0x6f,0x72,0x74,0x20,0x51,0x74,0x51,0x75,0x69,0x63,0x6b,0x2e,0x43,
  0x6f,0x6e,0x74,0x72,0x6f,0x6c,0x73,0x2e,0x4d,0x61,0x74,0x65,0x72,0x69,0x61,0x6c,
  0xd,0xa,0x69,0x6d,0x70,0x6f,0x72,0x74,0x20,0x51,0x74,0x51,0x75,0x69,0x63,0x6b,
  0x2e,0x44,0x69,0x61,0x6c,0x6f,0x67,0x73,0xd,0xa,0x69,0x6d,0x70,0x6f,0x72,0x74,
  0x20,0x67,0x6c,0x6f,0x62,0x61,0x6c,0xd,0xa,0x2f,0x2a,0x2a,0x2a,0x2a,0x2a,0x2a,
  0x2a,0x2a,0x2a,0x2a,0x2a,0x2a,0x2a,0x2a,0x2a,0x2a,0x2a,0x2a,0x2a,0x2a,0x2a,0x2a,
  0x2a,0x2a,0x2a,0x2a,0x2a,0x2a,0x2a,0x2a,0x2a,0x2a,0x2a,0x2a,0x2a,0x2a,0x2a,0x2a,
  0x2a,0x2a,0x2a,0x2a,0x2a,0x2a,0x2a,0x2a,0x2a,0x2a,0x2a,0x2a,0x2a,0x2a,0x2a,0x2a,
  0x2a,0x2a,0x2a,0x2a,0x2a,0x2a,0x2a,0x2a,0x2a,0x2a,0x2a,0x2a,0x2a,0x2a,0x2a,0x2a,
  0x2a,0x2a,0x2a,0x2a,0x2a,0x2a,0x2a,0x2a,0xd,0xa,0x20,0x2a,0xd,0xa,0x20,0x2a,
  0x20,0x40,0x66,0x69,0x6c,0x65,0x20,0x20,0x20,0x20,0x20,0x20,0x20,0x43,0x68,0x61,
  0x74,0x49,0x6e,0x70,0x75,0x74,0x2e,0x71,0x6d,0x6c,0xd,0xa,0x20,0x2a,0x20,0x20,
  0x20,0x20,0x20,0x20,0x20,0x20,0x20,0x20,0x20,0x20,0x20,0x20,0xe8,0x81,0x8a,0xe5,
  0xa4,0xa9,0xe5,0x86,0x85,0xe5,0xae,0xb9,0xe8,0xbe,0x93,0xe5,0x85,0xa5,0xe6,0xa1,
  0x86,0xd,0xa,0x20,0x2a,0x20,0x40,0x61,0x75,0x74,0x68,0x6f,0x72,0x20,0x20,0x20,
  0x20,0x20,0x78,0x75,0x6f,0x72,0x7a,0xd,0xa,0x20,0x2a,0x20,0x40,0x64,0x61,0x74,
  0x65,0x20,0x20,0x20,0x20,0x20,0x20,0x20,0x32,0x30,0x32,0x35,0x2f,0x30,0x33,0x2f,
  0x31,0x38,0xd,0xa,0x20,0x2a,0x20,0x40,0x68,0x69,0x73,0x74,0x6f,0x72,0x79,0xd,
  0xa,0x20,0x2a,0x2a,0x2a,0x2a,0x2a,0x2a,0x2a,0x2a,0x2a,0x2a,0x2a,0x2a,0x2a,0x2a,
  0x2a,0x2a,0x2a,0x2a,0x2a,0x2a,0x2a,0x2a,0x2a,0x2a,0x2a,0x2a,0x2a,0x2a,0x2a,0x2a,
  0x2a,0x2a,0x2a,0x2a,0x2a,0x2a,0x2a,0x2a,0x2a,0x2a,0x2a,0x2a,0x2a,0x2a,0x2a,0x2a,
  0x2a,0x2a,0x2a,0x2a,0x2a,0x2a,0x2a,0x2a,0x2a,0x2a,0x2a,0x2a,0x2a,0x2a,0x2a,0x2a,
  0x2a,0x2a,0x2a,0x2a,0x2a,0x2a,0x2a,0x2a,0x2a,0x2a,0x2a,0x2a,0x2a,0x2a,0x2a,0x2f,
  0xd,0xa,0x52,0x65,0x63,0x74,0x61,0x6e,0x67,0x6c,0x65,0x20,0x7b,0xd,0xa,0x20,
  0x20,0x20,0x20,0x73,0x69,0x67,0x6e,0x61,0x6c,0x20,0x73,0x65,0x6e,0x64,0x4d,0x65,
  0x73,0x73,0x61,0x67,0x65,0x28,0x76,0x61,0x72,0x20,0x6d,0x65,0x73,0x73,0x61,0x67,
  0x65,0x29,0xd,0xa,0x20,0x20,0x20,0x20,0x63,0x6f,0x6c,0x6f,0x72,0x3a,0x20,0x22,
  0x23,0x46,0x35,0x46,0x35,0x46,0x35,0x22,0xd,0xa,0xd,0xa,0x20,0x20,0x20,0x20,
  0x43,0x6f,0x6c,0x75,0x6d,0x6e,0x4c,0x61,0x79,0x6f,0x75,0x74,0x20,0x7b,0xd,0xa,
  0x20,0x20,0x20,0x20,0x20,0x20,0x20,0x20,0x61,0x6e,0x63,0x68,0x6f,0x72,0x73,0x2e,
  0x66,0x69,0x6c,0x6c,0x3a,0x20,0x70,0x61,0x72,0x65,0x6e,0x74,0xd,0xa,0x20,0x20,
  0x20,0x20,0x20,0x20,0x20,0x20,0x61,0x6e,0x63,0x68,0x6f,0x72,0x73,0x2e,0x6c,0x65,
  0x66,0x74,0x4d,0x61,0x72,0x67,0x69,0x6e,0x3a,0x20,0x32,0x30,0xd,0xa,0x20,0x20,
  0x20,0x20,0x20,0x20,0x20,0x20,0x61,0x6e,0x63,0x68,0x6f,0x72,0x73,0x2e,0x72,0x69,
  0x67,0x68,0x74,0x4d,0x61,0x72,0x67,0x69,0x6e,0x3a,0x20,0x32,0x30,0xd,0xa,0xd,
  0xa,0x20,0x20,0x20,0x20,0x20,0x20,0x20,0x20,0x73,0x70,0x61,0x63,0x69,0x6e,0x67,
  0x3a,0x20,0x30,0xd,0xa,0x20,0x20,0x20,0x20,0x20,0x20,0x20,0x20,0x53,0x63,0x72,
  0x6f,0x6c,0x6c,0x56,0x69,0x65,0x77,0x20,0x7b,0xd,0xa,0x20,0x20,0x20,0x20,0x20,
  0x20,0x20,0x20,0x20,0x20,0x20,0x20,0x4c,0x61,0x79,0x6f,0x75,0x74,0x2e,0x66,0x69,
  0x6c,0x6c,0x57,0x69,0x64,0x74,0x68,0x3a,0x20,0x74,0x72,0x75,0x65,0xd,0xa,0x20,
  0x20,0x20,0x20,0x20,0x20,0x20,0x20,0x20,0x20,0x20,0x20,0x4c,0x61,0x79,0x6f,0x75,
  0x74,0x2e,0x70,0x72,0x65,0x66,0x65,0x72,0x72,0x65,0x64,0x48,0x65,0x69,0x67,0x68,
  0x74,0x3a,0x20,0x36,0x30,0xd,0xa,0x20,0x20,0x20,0x20,0x20,0x20,0x20,0x20,0x20,
  0x20,0x20,0x20,0x53,0x63,0x72,0x6f,0x6c,0x6c,0x42,0x61,0x72,0x2e,0x68,0x6f,0x72,
  0x69,0x7a,0x6f,0x6e,0x74,0x61,0x6c,0x2e,0x70,0x6f,0x6c,0x69,0x63,0x79,0x3a,0x20,
  0x53,0x63,0x72,0x6f,0x6c,0x6c,0x42,0x61,0x72,0x2e,0x41,0x6c,0x77,0x61,0x79,0x73,
  0x4f,0x66,0x66,0xd,0xa,0x20,0x20,0x20,0x20,0x20,0x20,0x20,0x20,0x20,0x20,0x20,
  0x20,0x53,0x63,0x72,0x6f,0x6c,0x6c,0x42,0x61,0x72,0x2e,0x76,0x65,0x72,0x74,0x69,
  0x63,0x61,0x6c,0x2e,0x70,0x6f,0x6c,0x69,0x63,0x79,0x3a,0x20,0x53,0x63,0x72,0x6f,
  0x6c,0x6c,0x42,0x61,0x72,0x2e,0x41,0x73,0x4e,0x65,0x65,0x64,0x65,0x64,0xd,0xa,
  0x20,0x20,0x20,0x20,0x20,0x20,0x20,0x20,0x20,0x20,0x20,0x20,0x63,0x6c,0x69,0x70,
  0x3a,0x20,0x74,0x72,0x75,0x65,0xd,0xa,0xd,0xa,0x20,0x20,0x20,0x20,0x20,0x20,
  0x20,0x20,0x20,0x20,0x20,0x20,0x54,0x65,0x78,0x74,0x41,0x72,0x65,0x61,0x20,0x7b,
  0xd,0xa,0x20,0x20,0x20,0x20,0x20,0x20,0x20,0x20,0x20,0x20,0x20,0x20,0x20,0x20,
  0x20,0x20,0x69,0x64,0x3a,0x20,0x6d,0x65,0x73,0x73,0x61,0x67,0x65,0x49,0x6e,0x70,
  0x75,0x74,0xd,0xa,0x20,0x20,0x20,0x20,0x20,0x20,0x20,0x20,0x20,0x20,0x20,0x20,
  0x20,0x20,0x20,0x20,0x77,0x69,0x64,0x74,0x68,0x3a,0x20,0x70,0x61,0x72,0x65,0x6e,
  0x74,0x2e,0x77,0x69,0x64,0x74,0x68,0xd,0xa,0x20,0x20,0x20,0x20,0x20,0x20,0x20,
  0x20,0x20,0x20,0x20,0x20,0x20,0x20,0x20,0x20,0x68,0x65,0x69,0x67,0x68,0x74,0x3a,
  0x20,0x4d,0x61,0x74,0x68,0x2e,0x6d,0x61,0x78,0x28,0x69,0x6d,0x70,0x6c,0x69,0x63,
  0x69,0x74,0x48,0x65,0x69,0x67,0x68,0x74,0x2c,0x20,0x70,0x61,0x72,0x65,0x6e,0x74,
  0x2e,0x68,0x65,0x69,0x67,0x68,0x74,0x29,0xd,0xa,0x20,0x20,0x20,0x20,0x20,0x20,
  0x20,0x20,0x20,0x20,0x20,0x20,0x20,0x20,0x20,0x20,0x77,0x72,0x61,0x70,0x4d,0x6f,
  0x64,0x65,0x3a,0x20,0x54,0x65,0x78,0x74,0x41,0x72,0x65,0x61,0x2e,0x57,0x72,0x61,
  0x70,0xd,0xa,0x20,0x20,0x20,0x20,0x20,0x20,0x20,0x20,0x20,0x20,0x20,0x20,0x20,
  0x20,0x20,0x20,0x66,0x6f,0x6e,0x74,0x2e,0x70,0x6f,0x69,0x6e,0x74,0x53,0x69,0x7a,
  0x65,0x3a,0x20,0x31,0x32,0xd,0xa,0x20,0x20,0x20,0x20,0x20,0x20,0x20,0x20,0x20,
  0x20,0x20,0x20,0x20,0x20,0x20,0x20,0x73,0x65,0x6c,0x65,0x63,0x74,0x42,0x79,0x4d,
  0x6f,0x75,0x73,0x65,0x3a,0x20,0x74,0x72,0x75,0x65,0xd,0xa,0x20,0x20,0x20,0x20,
  0x20,0x20,0x20,0x20,0x20,0x20,0x20,0x20,0x20,0x20,0x20,0x20,0x76,0x65,0x72,0x74,
  0x69,0x63,0x61,0x6c,0x41,0x6c,0x69,0x67,0x6e,0x6d,0x65,0x6e,0x74,0x3a,0x20,0x54,
  0x65,0x78,0x74,0x41,0x72,0x65,0x61,0x2e,0x41,0x6c,0x69,0x67,0x6e,0x54,0x6f,0x70,
  0xd,0xa,0xd,0xa,0x20,0x20,0x20,0x20,0x20,0x20,0x20,0x20,0x20,0x20,0x20,0x20,
  0x20,0x20,0x20,0x20,0x2f,0x2f,0x20,0xe7,0xa7,0xbb,0xe9,0x99,0xa4,0xe8,0xbe,0xb9,
  0xe6,0xa1,0x86,0xd,0xa,0x20,0x20,0x20,0x20,0x20,0x20,0x20,0x20,0x20,0x20,0x20,
  0x20,0x20,0x20,0x20,0x20,0x62,0x61,0x63,0x6b,0x67,0x72,0x6f,0x75,0x6e,0x64,0x3a,
  0x20,0x52,0x65,0x63,0x74,0x61,0x6e,0x67,0x6c,0x65,0x20,0x7b,0xd,0xa,0x20,0x20,
  0x20,0x20,0x20,0x20,0x20,0x20,0x20,0x20,0x20,0x20,0x20,0x20,0x20,0x20,0x20,0x20,
  0x20,0x20,0x63,0x6f,0x6c,0x6f,0x72,0x3a,0x20,0x22,0x74,0x72,0x61,0x6e,0x73,0x70,
  0x61,0x72,0x65,0x6e,0x74,0x22,0xd,0xa,0x20,0x20,0x20,0x20,0x20,0x20,0x20,0x20,
  0x20,0x20,0x20,0x20,0x20,0x20,0x20,0x20,0x7d,0xd,0xa,0x20,0x20,0x20,0x20,0x20,
  0x20,0x20,0x20,0x20,0x20,0x20,0x20,0x20,0x20,0x20,0x20,0x2f,0x2f,0x20,0xe6,0xb7,
  0xbb,0xe5,0x8a,0xa0,0xe5,0x85,0x89,0xe6,0xa0,0x87,0xe9,0xa2,0x9c,0xe8,0x89,0xb2,
  0xe8,0xae,0xbe,0xe7,0xbd,0xae,0xd,0xa,0x20,0x20,0x20,0x20,0x20,0x20,0x20,0x20,
  0x20,0x20,0x20,0x20,0x20,0x20,0x20,0x20,0x63,0x75,0x72,0x73,0x6f,0x72,0x44,0x65,
  0x6c,0x65,0x67,0x61,0x74,0x65,0x3a,0x20,0x52,0x65,0x63,0x74,0x61,0x6e,0x67,0x6c,
  0x65,0x20,0x7b,0xd,0xa,0x20,0x20,0x20,0x20,0x20,0x20,0x20,0x20,0x20,0x20,0x20,
  0x20,0x20,0x20,0x20,0x20,0x20,0x20,0x20,0x20,0x77,0x69,0x64,0x74,0x68,0x3a,0x20,
  0x31,0xd,0xa,0x20,0x20,0x20,0x20,0x20,0x20,0x20,0x20,0x20,0x20,0x20,0x20,0x20,
  0x20,0x20,0x20,0x20,0x20,0x20,0x20,0x63,0x6f,0x6c,0x6f,0x72,0x3a,0x20,0x22,0x62,
  0x6c,0x61,0x63,0x6b,0x22,0xd,0xa,0x20,0x20,0x20,0x20,0x20,0x20,0x20,0x20,0x20,
  0x20,0x20,0x20,0x20,0x20,0x20,0x20,0x7d,0xd,0xa,0x20,0x20,0x20,0x20,0x20,0x20,
  0x20,0x20,0x20,0x20,0x20,0x20,0x7d,0xd,0xa,0x20,0x20,0x20,0x20,0x20,0x20,0x20,
  0x20,0x7d,0xd,0xa,0x20,0x20,0x20,0x20,0x20,0x20,0x20,0x20,0x52,0x65,0x63,0x74,
  0x61,0x6e,0x67,0x6c,0x65,0x20,0x7b,0xd,0xa,0x20,0x20,0x20,0x20,0x20,0x20,0x20,
  0x20,0x20,0x20,0x20,0x20,0x4c,0x61,0x79,0x6f,0x75,0x74,0x2e,0x66,0x69,0x6c,0x6c,
  0x57,0x69,0x64,0x74,0x68,0x3a,0x20,0x74,0x72,0x75,0x65,0xd,0xa,0x20,0x20,0x20,
  0x20,0x20,0x20,0x20,0x20,0x20,0x20,0x20,0x20,0x68,0x65,0x69,0x67,0x68,0x74,0x3a,
  0x33,0x30,0xd,0xa,0x20,0x20,0x20,0x20,0x20,0x20,0x20,0x20,0x20,0x20,0x20,0x20,
  0x63,0x6f,0x6c,0x6f,0x72,0x3a,0x20,0x22,0x74,0x72,0x61,0x6e,0x73,0x70,0x61,0x72,
  0x65,0x6e,0x74,0x22,0xd,0xa,0x20,0x20,0x20,0x20,0x20,0x20,0x20,0x20,0x20,0x20,
  0x20,0x20,0x42,0x75,0x74,0x74,0x6f,0x6e,0x20,0x7b,0xd,0xa,0x20,0x20,0x20,0x20,
  0x20,0x20,0x20,0x20,0x20,0x20,0x20,0x20,0x20,0x20,0x20,0x20,0x61,0x6e,0x63,0x68,
  0x6f,0x72,0x73,0x2e,0x72,0x69,0x67,0x68,0x74,0x3a,0x20,0x70,0x61,0x72,0x65,0x6e,
  0x74,0x2e,0x72,0x69,0x67,0x68,0x74,0xd,0xa,0x20,0x20,0x20,0x20,0x20,0x20,0x20,
  0x20,0x20,0x20,0x20,0x20,0x20,0x20,0x20,0x20,0x77,0x69,0x64,0x74,0x68,0x3a,0x20,
  0x36,0x38,0xd,0xa,0x20,0x20,0x20,0x20,0x20,0x20,0x20,0x20,0x20,0x20,0x20,0x20,
  0x20,0x20,0x20,0x20,0x68,0x65,0x69,0x67,0x68,0x74,0x3a,0x20,0x33,0x32,0xd,0xa,
  0x20,0x20,0x20,0x20,0x20,0x20,0x20,0x20,0x20,0x20,0x20,0x20,0x20,0x20,0x20,0x20,
  0x61,0x6e,0x63,0x68,0x6f,0x72,0x73,0x2e,0x76,0x65,0x72,0x74,0x69,0x63,0x61,0x6c,
  0x43,0x65,0x6e,0x74,0x65,0x72,0x3a,0x20,0x70,0x61,0x72,0x65,0x6e,0x74,0x2e,0x76,
  0x65,0x72,0x74,0x69,0x63,0x61,0x6c,0x43,0x65,0x6e,0x74,0x65,0x72,0xd,0xa,0xd,
  0xa,0x20,0x20,0x20,0x20,0x20,0x20,0x20,0x20,0x20,0x20,0x20,0x20,0x20,0x20,0x20,
  0x20,0x68,0x6f,0x76,0x65,0x72,0x45,0x6e,0x61,0x62,0x6c,0x65,0x64,0x3a,0x20,0x74,
  0x72,0x75,0x65,0xd,0xa,0xd,0xa,0x20,0x20,0x20,0x20,0x20,0x20,0x20,0x20,0x20,
  0x20,0x20,0x20,0x20,0x20,0x20,0x20,0x62,0x61,0x63,0x6b,0x67,0x72,0x6f,0x75,0x6e,
  0x64,0x3a,0x20,0x52,0x65,0x63,0x74,0x61,0x6e,0x67,0x6c,0x65,0x20,0x7b,0xd,0xa,
  0x20,0x20,0x20,0x20,0x20,0x20,0x20,0x20,0x20,0x20,0x20,0x20,0x20,0x20,0x20,0x20,
  0x20,0x20,0x20,0x20,0x69,0x64,0x3a,0x20,0x62,0x75,0x74,0x74,0x6f,0x6e,0x42,0x61,
  0x63,0x6b,0x67,0x72,0x6f,0x75,0x6e,0x64,0xd,0xa,0x20,0x20,0x20,0x20,0x20,0x20,
  0x20,0x20,0x20,0x20,0x20,0x20,0x20,0x20,0x20,0x20,0x20,0x20,0x20,0x20,0x63,0x6f,
  0x6c,0x6f,0x72,0x3a,0x20,0x70,0x61,0x72,0x65,0x6e,0x74,0x2e,0x68,0x6f,0x76,0x65,
  0x72,0x65,0x64,0x20,0x3f,0x20,0x22,0x23,0x30,0x36,0x41,0x45,0x35,0x36,0x22,0x20,
  0x3a,0x20,0x22,0x23,0x30,0x37,0x43,0x31,0x36,0x30,0x22,0xd,0xa,0x20,0x20,0x20,
  0x20,0x20,0x20,0x20,0x20,0x20,0x20,0x20,0x20,0x20,0x20,0x20,0x20,0x20,0x20,0x20,
  0x20,0x72,0x61,0x64,0x69,0x75,0x73,0x3a,0x20,0x34,0xd,0xa,0x20,0x20,0x20,0x20,
  0x20,0x20,0x20,0x20,0x20,0x20,0x20,0x20,0x20,0x20,0x20,0x20,0x7d,0xd,0xa,0xd,
  0xa,0x20,0x20,0x20,0x20,0x20,0x20,0x20,0x20,0x20,0x20,0x20,0x20,0x20,0x20,0x20,
  0x20,0x63,0x6f,0x6e,0x74,0x65,0x6e,0x74,0x49,0x74,0x65,0x6d,0x3a,0x20,0x54,0x65,
  0x78,0x74,0x20,0x7b,0xd,0xa,0x20,0x20,0x20,0x20,0x20,0x20,0x20,0x20,0x20,0x20,
  0x20,0x20,0x20,0x20,0x20,0x20,0x20,0x20,0x20,0x20,0x74,0x65,0x78,0x74,0x3a,0x20,
  0x22,0xe5,0x8f,0x91,0xe9,0x80,0x81,0x22,0xd,0xa,0x20,0x20,0x20,0x20,0x20,0x20,
  0x20,0x20,0x20,0x20,0x20,0x20,0x20,0x20,0x20,0x20,0x20,0x20,0x20,0x20,0x63,0x6f,
  0x6c,0x6f,0x72,0x3a,0x20,0x22,0x77,0x68,0x69,0x74,0x65,0x22,0xd,0xa,0x20,0x20,
  0x20,0x20,0x20,0x20,0x20,0x20,0x20,0x20,0x20,0x20,0x20,0x20,0x20,0x20,0x20,0x20,
  0x20,0x20,0x66,0x6f,0x6e,0x74,0x2e,0x70,0x69,0x78,0x65,0x6c,0x53,0x69,0x7a,0x65,
  0x3a,0x20,0x31,0x34,0xd,0xa,0x20,0x20,0x20,0x20,0x20,0x20,0x20,0x20,0x20,0x20,
  0x20,0x20,0x20,0x20,0x20,0x20,0x20,0x20,0x20,0x20,0x68,0x6f,0x72,0x69,0x7a,0x6f,
  0x6e,0x74,0x61,0x6c,0x41,0x6c,0x69,0x67,0x6e,0x6d,0x65,0x6e,0x74,0x3a,0x20,0x54,
  0x65,0x78,0x74,0x2e,0x41,0x6c,0x69,0x67,0x6e,0x48,0x43,0x65,0x6e,0x74,0x65,0x72,
  0xd,0xa,0x20,0x20,0x20,0x20,0x20,0x20,0x20,0x20,0x20,0x20,0x20,0x20,0x20,0x20,
  0x20,0x20,0x20,0x20,0x20,0x20,0x76,0x65,0x72,0x74,0x69,0x63,0x61,0x6c,0x41,0x6c,
  0x69,0x67,0x6e,0x6d,0x65,0x6e,0x74,0x3a,0x20,0x54,0x65,0x78,0x74,0x2e,0x41,0x6c,
  0x69,0x67,0x6e,0x56,0x43,0x65,0x6e,0x74,0x65,0x72,0xd,0xa,0x20,0x20,0x20,0x20,
  0x20,0x20,0x20,0x20,0x20,0x20,0x20,0x20,0x20,0x20,0x20,0x20,0x7d,0xd,0xa,0x20,
  0x20,0x20,0x20,0x20,0x20,0x20,0x20,0x20,0x20,0x20,0x20,0x20,0x20,0x20,0x20,0x70,
  0x72,0x6f,0x70,0x65,0x72,0x74,0x79,0x20,0x62,0x6f,0x6f,0x6c,0x20,0x69,0x73,0x53,
  0x65,0x6c,0x66,0x20,0x3a,0x20,0x74,0x72,0x75,0x65,0xd,0xa,0x20,0x20,0x20,0x20,
  0x20,0x20,0x20,0x20,0x20,0x20,0x20,0x20,0x20,0x20,0x20,0x20,0x6f,0x6e,0x43,0x6c,
  0x69,0x63,0x6b,0x65,0x64,0x3a,0x7b,0xd,0xa,0x20,0x20,0x20,0x20,0x20,0x20,0x20,
  0x20,0x20,0x20,0x20,0x20,0x20,0x20,0x20,0x20,0x20,0x20,0x20,0x20,0x69,0x66,0x20,
  0x28,0x6d,0x65,0x73,0x73,0x61,0x67,0x65,0x49,0x6e,0x70,0x75,0x74,0x2e,0x74,0x65,
  0x78,0x74,0x20,0x3d,0x3d,0x3d,0x20,0x22,0x22,0x29,0xd,0xa,0x20,0x20,0x20,0x20,
  0x20,0x20,0x20,0x20,0x20,0x20,0x20,0x20,0x20,0x20,0x20,0x20,0x20,0x20,0x20,0x20,
  0x20,0x20,0x20,0x20,0x72,0x65,0x74,0x75,0x72,0x6e,0xd,0xa,0x20,0x20,0x20,0x20,
  0x20,0x20,0x20,0x20,0x20,0x20,0x20,0x20,0x20,0x20,0x20,0x20,0x20,0x20,0x20,0x20,
  0x63,0x6f,0x6e,0x73,0x6f,0x6c,0x65,0x2e,0x6c,0x6f,0x67,0x28,0x6d,0x65,0x73,0x73,
  0x61,0x67,0x65,0x49,0x6e,0x70,0x75,0x74,0x2e,0x74,0x65,0x78,0x74,0x29,0xd,0xa,
  0x20,0x20,0x20,0x20,0x20,0x20,0x20,0x20,0x20,0x20,0x20,0x20,0x20,0x20,0x20,0x20,
  0x20,0x20,0x20,0x20,0x76,0x61,0x72,0x20,0x6d,0x65,0x73,0x73,0x61,0x67,0x65,0x20,
  0x3d,0x20,0x7b,0xd,0xa,0x20,0x20,0x20,0x20,0x20,0x20,0x20,0x20,0x20,0x20,0x20,
  0x20,0x20,0x20,0x20,0x20,0x20,0x20,0x20,0x20,0x20,0x20,0x20,0x20,0x22,0x75,0x73,
  0x65,0x72,0x4e,0x61,0x6d,0x65,0x22,0x3a,0x20,0x22,0x78,0x6d,0x79,0x22,0x2c,0xd,
  0xa,0x20,0x20,0x20,0x20,0x20,0x20,0x20,0x20,0x20,0x20,0x20,0x20,0x20,0x20,0x20,
  0x20,0x20,0x20,0x20,0x20,0x20,0x20,0x20,0x20,0x22,0x61,0x76,0x61,0x74,0x61,0x72,
  0x22,0x3a,0x20,0x22,0x71,0x72,0x63,0x3a,0x2f,0x73,0x72,0x63,0x2f,0x61,0x76,0x61,
  0x74,0x61,0x72,0x2e,0x6a,0x70,0x67,0x22,0x2c,0xd,0xa,0x20,0x20,0x20,0x20,0x20,
  0x20,0x20,0x20,0x20,0x20,0x20,0x20,0x20,0x20,0x20,0x20,0x20,0x20,0x20,0x20,0x20,
  0x20,0x20,0x20,0x22,0x6d,0x65,0x73,0x73,0x61,0x67,0x65,0x22,0x3a,0x20,0x6d,0x65,
  0x73,0x73,0x61,0x67,0x65,0x49,0x6e,0x70,0x75,0x74,0x2e,0x74,0x65,0x78,0x74,0x2c,
  0xd,0xa,0x20,0x20,0x20,0x20,0x20,0x20,0x20,0x20,0x20,0x20,0x20,0x20,0x20,0x20,
  0x20,0x20,0x20,0x20,0x20,0x20,0x20,0x20,0x20,0x20,0x22,0x69,0x73,0x53,0x65,0x6c,
  0x66,0x22,0x3a,0x20,0x69,0x73,0x53,0x65,0x6c,0x66,0x2c,0xd,0xa,0x20,0x20,0x20,
  0x20,0x20,0x20,0x20,0x20,0x20,0x20,0x20,0x20,0x20,0x20,0x20,0x20,0x20,0x20,0x20,
  0x20,0x20,0x20,0x20,0x20,0x22,0x74,0x79,0x70,0x65,0x22,0x3a,0x20,0x47,0x6c,0x6f,
  0x62,0x61,0x6c,0x2e,0x54,0x65,0x78,0x74,0xd,0xa,0x20,0x20,0x20,0x20,0x20,0x20,
  0x20,0x20,0x20,0x20,0x20,0x20,0x20,0x20,0x20,0x20,0x20,0x20,0x20,0x20,0x7d,0xd,
  0xa,0x20,0x20,0x20,0x20,0x20,0x20,0x20,0x20,0x20,0x20,0x20,0x20,0x20,0x20,0x20,
  0x20,0x20,0x20,0x20,0x20,0x73,0x65,0x6e,0x64,0x4d,0x65,0x73,0x73,0x61,0x67,0x65,
  0x28,0x6d,0x65,0x73,0x73,0x61,0x67,0x65,0x29,0xd,0xa,0x20,0x20,0x20,0x20,0x20,
  0x20,0x20,0x20,0x20,0x20,0x20,0x20,0x20,0x20,0x20,0x20,0x20,0x20,0x20,0x20,0x6d,
  0x65,0x73,0x73,0x61,0x67,0x65,0x49,0x6e,0x70,0x75,0x74,0x2e,0x63,0x6c,0x65,0x61,
  0x72,0x28,0x29,0xd,0xa,0x20,0x20,0x20,0x20,0x20,0x20,0x20,0x20,0x20,0x20,0x20,
  0x20,0x20,0x20,0x20,0x20,0x20,0x20,0x20,0x20,0x6d,0x65,0x73,0x73,0x61,0x67,0x65,
  0x49,0x6e,0x70,0x75,0x74,0x2e,0x66,0x6f,0x72,0x63,0x65,0x41,0x63,0x74,0x69,0x76,
  0x65,0x46,0x6f,0x63,0x75,0x73,0x28,0x29,0xd,0xa,0x20,0x20,0x20,0x20,0x20,0x20,
  0x20,0x20,0x20,0x20,0x20,0x20,0x20,0x20,0x20,0x20,0x20,0x20,0x20,0x20,0x69,0x73,
  0x53,0x65,0x6c,0x66,0x20,0x3d,0x20,0x21,0x69,0x73,0x53,0x65,0x6c,0x66,0xd,0xa,
  0x20,0x20,0x20,0x20,0x20,0x20,0x20,0x20,0x20,0x20,0x20,0x20,0x20,0x20,0x20,0x20,
  0x7d,0xd,0xa,0x20,0x20,0x20,0x20,0x20,0x20,0x20,0x20,0x20,0x20,0x20,0x20,0x7d,
  0xd,0xa,0x20,0x20,0x20,0x20,0x20,0x20,0x20,0x20,0x7d,0xd,0xa,0x20,0x20,0x20,
  0x20,0x7d,0xd,0xa,0xd,0xa,0x7d,0xd,0xa,0xd,0xa,
    // ForgetPasswordPage.qml
  0x0,0x0,0x8,0xd,
  0x0,
  0x0,0x1e,0xeb,0x78,0xda,0xed,0x19,0x6d,0x73,0x14,0x45,0xfa,0x3b,0x55,0xfc,0x87,
  0x66,0xee,0xca,0xda,0x2d,0xc3,0xec,0x6e,0xde,0x8,0xeb,0xc5,0x13,0x43,0x20,0x58,
  0x46,0x20,0x1b,0xd1,0x2b,0xc5,0xad,0xc9,0x4e,0xef,0x6e,0xc3,0xec,0xf4,0xda,0xd3,
  0x43,0x40,0x6b,0xab,0x4,0xdf,0xd0,0x2,0x41,0x44,0xaf,0x2c,0x15,0xa4,0xee,0x38,
  0xa9,0xfb,0x90,0x84,0x3b,0xb,0x4a,0x91,0xf3,0xcf,0xdc,0x6c,0x36,0x9f,0xee,0x2f,
  0xdc,0xd3,0xd3,0x33,0x3b,0xef,0xb3,0xb,0x68,0xf9,0xc5,0x49,0x2a,0x99,0xe9,0x7e,
  0xe6,0x79,0x7f,0xed,0x21,0x9d,0x2e,0x65,0x1c,0x1d,0xe7,0xc7,0x6d,0xd2,0x38,0xbd,
  0x7b,0x17,0x89,0x3c,0xab,0xb,0xd4,0xe4,0x8c,0x1a,0x56,0x62,0xe3,0x45,0xed,0x1c,
  0xb5,0xb9,0x95,0xf9,0x82,0xba,0xac,0x71,0xcc,0x88,0x66,0xc,0x21,0xda,0x9c,0x77,
  0x3b,0x2d,0x36,0x7c,0x6e,0x19,0x74,0x4d,0x6c,0xaf,0xe0,0x6,0xd7,0xcc,0x96,0x81,
  0xd1,0xdb,0xbb,0x77,0x21,0xb8,0x88,0x5e,0x45,0x4d,0xca,0x5a,0x98,0x1f,0xd3,0x2c,
  0x6b,0x9d,0x32,0xfd,0x98,0xd6,0xc2,0x72,0x6f,0x9d,0xe8,0xbc,0x5d,0x45,0x93,0x73,
  0x65,0xf9,0xdc,0xc6,0xa4,0xd5,0xe6,0x55,0x34,0x35,0xe3,0x2d,0x34,0xa8,0x41,0x59,
  0x15,0x29,0x7f,0x68,0xce,0x88,0x1f,0x45,0xae,0x76,0x19,0xed,0x62,0xc6,0xcf,0xa1,
  0x33,0x1a,0x43,0xf5,0xb6,0x66,0xea,0x6,0x66,0x56,0x15,0x99,0x78,0x1d,0x2d,0x6b,
  0xdd,0x42,0x71,0xf7,0x2e,0x9,0x68,0x91,0x96,0xa9,0x19,0xc8,0x5a,0x27,0xbc,0xd1,
  0x7e,0x91,0xb6,0x88,0xe9,0xef,0x80,0x60,0x26,0x70,0x4a,0xa8,0x69,0xf9,0x8c,0x8a,
  0x8b,0x6b,0x82,0xd1,0x2a,0x5a,0x2,0xe9,0x96,0x85,0x74,0xfe,0x46,0xd3,0x36,0x5d,
  0x68,0x44,0xcd,0x1a,0x69,0xd5,0x19,0xb6,0x30,0xaf,0x77,0xa8,0x5e,0x6f,0x12,0x93,
  0x58,0xed,0x2,0xd1,0x27,0x10,0x2c,0x4e,0x20,0xcc,0x58,0x31,0x8c,0x51,0x4a,0x61,
  0x5a,0xd4,0xc0,0xaa,0x41,0x5b,0x5,0x85,0xe8,0x88,0x58,0x48,0x99,0x0,0xc5,0x14,
  0x73,0xc0,0x0,0x99,0x7,0x7,0x77,0x79,0x80,0x40,0xd0,0x3,0x14,0xa4,0xa3,0x80,
  0xa4,0x59,0x10,0xdb,0x7b,0xe6,0xe7,0xd1,0x61,0xd7,0x3e,0x6a,0xed,0xe5,0x85,0x85,
  0xc5,0x5a,0x2d,0xc1,0x62,0x2,0xed,0xf6,0xc3,0x4f,0xb7,0x1f,0x7c,0x3d,0xd8,0xbc,
  0xdf,0xbf,0x7b,0x61,0xe7,0xfa,0x97,0x83,0xcd,0x4d,0xa5,0x98,0x7c,0x85,0x61,0x6e,
  0x33,0x33,0xba,0xde,0xf3,0x75,0xec,0x5f,0x43,0xb,0xa9,0xa0,0x5b,0xd0,0x54,0xb1,
  0x20,0x45,0xa,0xa0,0x7a,0xf2,0xb6,0x17,0x58,0xc7,0xb0,0x3b,0x66,0x98,0x47,0xcd,
  0x6c,0xb4,0x29,0x60,0x68,0x12,0xc3,0xa8,0xa2,0xae,0xc6,0xb0,0xc9,0x83,0x5d,0xab,
  0xab,0x35,0x88,0xd9,0xaa,0xa2,0xca,0x4c,0xf2,0x95,0xe,0xd8,0x94,0x98,0xe0,0x1e,
  0x53,0xe5,0x30,0xcd,0x52,0x9,0x6d,0x5f,0xbf,0xd3,0xbf,0x78,0xdf,0xb9,0x7a,0x79,
  0xf0,0x9f,0xcf,0x9c,0xf7,0x6f,0xf7,0x6f,0x7d,0x10,0x6c,0xbf,0xba,0x8a,0xcf,0xf2,
  0x23,0x66,0xd7,0xe6,0x71,0x55,0x9,0x87,0xb6,0x2d,0xcc,0x4c,0xad,0x83,0x5d,0x80,
  0xe8,0x76,0x9b,0x98,0xe0,0x40,0xa,0x68,0x4e,0x62,0x1d,0x12,0x51,0x22,0xf2,0x46,
  0x18,0xd9,0xb9,0xb0,0xb1,0xbd,0x71,0xf7,0x91,0xb9,0xc0,0x1d,0x8d,0x18,0x63,0xb0,
  0x20,0xd1,0x67,0xd3,0xdf,0xf9,0xe7,0xa5,0xc1,0xe6,0xf9,0xed,0x6f,0xcf,0x3b,0x97,
  0x7e,0x74,0x6e,0xde,0xc,0xb6,0x56,0xe8,0xba,0xcc,0xc,0x71,0xea,0x5e,0xe0,0x4a,
  0x3b,0xa8,0xee,0x13,0xda,0x8b,0xa6,0xa6,0x63,0x7c,0xf8,0xe1,0x5c,0x8e,0xae,0x7,
  0xe6,0x8a,0x6d,0xf8,0x26,0x83,0x3f,0xe4,0x2d,0x48,0x3d,0x9a,0xb1,0x0,0xf8,0x31,
  0x1b,0x52,0x8a,0x6f,0xc4,0x5d,0x4d,0xa8,0xeb,0x10,0xc1,0x86,0x9e,0xe6,0xdf,0x42,
  0x65,0xd,0xaa,0xa7,0x19,0x4d,0x5c,0x52,0x52,0xb5,0xcb,0x70,0x13,0x82,0x6,0xeb,
  0x4b,0x19,0xdc,0x87,0x60,0x85,0x37,0xbe,0x22,0x55,0xc1,0x99,0x8d,0x93,0x70,0xc3,
  0x4c,0x65,0x71,0x6,0x12,0x27,0x2d,0xe3,0x6b,0x5e,0x49,0xbe,0x6b,0xe0,0x26,0xa4,
  0x4c,0x5d,0x4f,0xd5,0x94,0x2f,0x6c,0x9a,0x9c,0xa3,0xe3,0x25,0x7c,0x71,0xc0,0x12,
  0xd2,0x8b,0x2a,0x58,0x4c,0x87,0x8c,0x30,0x34,0x59,0x8e,0xeb,0x3e,0x48,0x23,0x5e,
  0xce,0xde,0xef,0x5e,0x4a,0x3a,0xd4,0x19,0x50,0xb,0x69,0x68,0xc6,0x1,0x3,0x72,
  0x74,0x7,0xb,0xb5,0x8,0x79,0x54,0xf7,0xf9,0x84,0x6f,0xdd,0xd4,0x37,0x89,0x45,
  0xd6,0xc,0x5c,0x45,0x7b,0x2,0xa6,0x85,0x10,0xe8,0xa9,0xa7,0xc2,0x4b,0x1a,0xe4,
  0xeb,0x33,0xf8,0x10,0x6d,0xd8,0x56,0x12,0x4f,0x2f,0xb9,0xb4,0xa6,0x35,0x4e,0xb7,
  0x18,0xb5,0x4d,0xf0,0x92,0x44,0x11,0x4b,0xe4,0x3d,0x4d,0x27,0x36,0xa4,0x94,0xe9,
  0xf4,0xed,0x35,0xa8,0x72,0x98,0xa9,0x5e,0x94,0x54,0x72,0x81,0x3c,0x75,0x5,0x8c,
  0x37,0x5,0xcb,0xe8,0xcf,0xa0,0xc0,0xc9,0xca,0xfe,0xd9,0x43,0x53,0xa,0x12,0xca,
  0xc4,0x65,0xf1,0xa3,0x8c,0x14,0x25,0x91,0x7d,0x9f,0xb7,0x39,0xa7,0x66,0x56,0x3c,
  0x58,0xd8,0xd4,0x17,0x80,0xb4,0x84,0x1a,0x1d,0x14,0x9e,0xb7,0xcf,0x95,0x9f,0x2c,
  0x7e,0xa4,0xd3,0x31,0x91,0xc0,0x4c,0x70,0xa7,0x55,0xd2,0xc1,0xe8,0x59,0x54,0x6,
  0xa9,0xa3,0x6b,0x4f,0x23,0x65,0xfb,0xbb,0x6b,0xae,0x6,0x9c,0x2b,0x9f,0xee,0xbc,
  0x73,0x3e,0x2f,0x60,0x9a,0x86,0xc6,0xb3,0x2,0x11,0x9b,0x1a,0xf8,0x8c,0x1e,0xa7,
  0x39,0xf,0x95,0x31,0xd5,0x91,0x7f,0x63,0x6f,0x88,0x9a,0x45,0xf5,0xb8,0x77,0x9d,
  0xa2,0xb2,0x7f,0x6e,0xdf,0xcc,0xb4,0x74,0x8a,0x86,0x7b,0x29,0xb9,0x71,0x98,0xc1,
  0xb3,0x6c,0xf,0x50,0x61,0x4f,0x3a,0xa9,0xa2,0x57,0xda,0x47,0x11,0x9,0x9a,0x80,
  0x38,0xcf,0x6d,0xa,0x21,0xee,0xf3,0x3c,0xb3,0x6f,0x6a,0x7a,0x9f,0xe4,0xd9,0xe3,
  0x3f,0x1d,0x5d,0x2f,0xd5,0xbf,0x53,0x5b,0x15,0xe,0x29,0xe2,0x8,0xc7,0x9d,0x6a,
  0x6e,0x1e,0x94,0x8e,0x16,0x63,0x4d,0x2c,0xe6,0xe7,0xae,0xf5,0x36,0xe1,0x38,0x83,
  0xc7,0xa0,0x6,0xa5,0xe6,0xae,0xa5,0xdc,0xdc,0xf5,0xd8,0x59,0xaf,0x9,0x14,0xd5,
  0x2e,0x39,0x8b,0x8d,0x1a,0x79,0xb,0x92,0x5f,0x65,0x72,0x4c,0x55,0xd,0x4b,0x10,
  0xe4,0xf5,0xa8,0xf7,0x57,0x51,0x5a,0x51,0x81,0xd,0x96,0xa5,0x4d,0x59,0x41,0x6d,
  0x93,0xeb,0x74,0xdd,0x74,0x21,0x33,0xe0,0x84,0x1c,0x67,0x34,0x43,0xd4,0xad,0x72,
  0x39,0x23,0x68,0x70,0x17,0x67,0xc7,0xab,0xb8,0xa8,0xb9,0xca,0x48,0xab,0x25,0xbc,
  0x28,0xd7,0x8d,0x63,0xd6,0x8d,0xc8,0xb8,0x77,0x6f,0xbe,0xfb,0xe7,0xbd,0x8b,0xfe,
  0x4,0xc9,0xa1,0x98,0x47,0xd9,0xa5,0xce,0xa9,0x3b,0x71,0x64,0xed,0xf7,0x9e,0xcc,
  0xd3,0xa9,0xb9,0x60,0xc0,0x24,0x96,0xa3,0x82,0xe1,0x68,0x42,0xac,0x13,0x9a,0x41,
  0xf4,0x45,0xd1,0x15,0x16,0xdc,0xde,0x30,0x97,0x79,0x31,0x3c,0xb9,0x50,0x2b,0xb8,
  0x85,0xcf,0xa2,0x79,0x54,0x7a,0xe3,0xb5,0x37,0x5e,0xb7,0x9e,0x3b,0xf9,0xf4,0x73,
  0xde,0xff,0xd7,0x55,0xef,0xe6,0x8f,0xa5,0x91,0xd1,0x1f,0x60,0x82,0xf0,0xb2,0xb8,
  0x47,0x3f,0x53,0xf6,0xc,0xbf,0x69,0x16,0xf6,0x24,0xa5,0x8,0x4a,0x7c,0x31,0x57,
  0xa0,0xc8,0xfc,0x22,0x7b,0xde,0xec,0xc9,0x25,0x6f,0x82,0x19,0x61,0x3a,0xa1,0xb8,
  0x53,0x16,0x35,0xeb,0x74,0xed,0x14,0xa8,0x2d,0x87,0x23,0xc5,0xe5,0x5f,0x9,0x77,
  0xea,0x39,0xc9,0x27,0x83,0x9c,0x37,0x8b,0xaa,0xc7,0xa8,0xc5,0xc5,0xfd,0xa,0x7e,
  0xb3,0xa0,0x88,0xf1,0xbb,0x5a,0x2a,0x55,0xf6,0x4f,0xaa,0x95,0xd9,0x39,0x75,0x66,
  0x56,0xad,0x94,0x2b,0xd5,0xb9,0xf2,0x5c,0xb9,0x4,0x43,0x56,0x1d,0x58,0x24,0xcd,
  0x73,0xa2,0xa7,0x80,0xb9,0xd0,0xe7,0x75,0xc2,0x1f,0x2,0x8f,0x1c,0xac,0x1f,0x5e,
  0x5c,0xad,0x9f,0x38,0xb0,0x72,0xe4,0xd0,0x5f,0xea,0xb,0x47,0xf,0x2e,0xe,0xb7,
  0x56,0x16,0x6b,0x8b,0xab,0xcb,0x47,0xf,0x16,0xb3,0x4c,0x4,0xd3,0x8a,0x73,0x75,
  0xd3,0xf9,0xf8,0x8e,0xf3,0xce,0xb5,0xc1,0xc6,0xad,0xfe,0x5f,0xef,0x65,0x85,0x77,
  0xa4,0xce,0xa2,0xd9,0x72,0x56,0xc6,0xd,0xa7,0x13,0xd5,0x82,0x9,0x9c,0xa7,0x85,
  0x53,0xb2,0xcd,0xc9,0x1a,0xa6,0xfa,0x5f,0x6c,0x39,0x9b,0x1f,0x40,0x8b,0xf0,0xc8,
  0xf3,0x94,0x89,0xd7,0xfd,0x33,0x8a,0x31,0xa6,0xaa,0x21,0x9d,0x58,0x9d,0xc0,0xd0,
  0x79,0x2f,0x83,0xe6,0x65,0x6a,0x97,0x46,0xf7,0xd1,0xe6,0x8c,0x80,0x1f,0x5e,0xde,
  0x7e,0xb8,0x21,0x11,0xf6,0x2f,0x7d,0xb4,0x73,0x6d,0x23,0xd8,0x4e,0x6f,0xe1,0x88,
  0xdb,0xcd,0x58,0x98,0xa7,0xf5,0x6e,0xb2,0xee,0x29,0x61,0xac,0xca,0x38,0x23,0xdc,
  0x74,0x39,0x63,0x84,0x9b,0x79,0xe2,0x49,0x2d,0xab,0x55,0x8b,0xee,0x8c,0xdd,0x78,
  0xe5,0x34,0x5d,0x23,0x1b,0xae,0x68,0xb3,0x95,0xd3,0x93,0x78,0x10,0x21,0x35,0x3f,
  0x5a,0x5f,0x93,0xc8,0x74,0x63,0x35,0x2e,0xd2,0x78,0x9e,0x22,0xd3,0xf3,0xc5,0xa8,
  0x46,0xe5,0x71,0x9b,0x94,0xc7,0x6b,0x50,0x12,0xcd,0xc9,0xec,0x8,0x35,0xe4,0x57,
  0xb5,0xe8,0x41,0xd4,0x85,0x1f,0x9c,0xf,0x1f,0x48,0x47,0x96,0x81,0x91,0x96,0xce,
  0xc7,0xcb,0xc9,0x59,0xf9,0x78,0x22,0x3,0x5c,0x1c,0xf3,0x28,0xb1,0xd3,0x9e,0xdc,
  0x17,0xba,0x22,0xce,0x75,0x25,0x99,0x4a,0x72,0xdf,0xa,0x65,0xeb,0xf0,0x20,0x98,
  0x6e,0xf9,0x94,0x2a,0xf1,0xa8,0x15,0x42,0x9e,0x5e,0x76,0x81,0xd1,0xf4,0xe2,0xe0,
  0x16,0x81,0xfa,0xb1,0x57,0xe,0xa6,0x95,0x85,0x31,0xb3,0xf0,0xe0,0xe7,0xeb,0xce,
  0x57,0x37,0xb6,0xbf,0x7c,0xe0,0x3c,0xfc,0x3c,0xd8,0x48,0xf3,0x78,0x91,0xc7,0x44,
  0xd4,0xaf,0x52,0xf7,0x84,0x76,0x35,0x21,0xb5,0x97,0xcb,0xc2,0x18,0x95,0x78,0x54,
  0xb9,0xd1,0x10,0xc2,0x72,0x80,0x61,0x4d,0x15,0xc1,0x6,0x45,0xc8,0x5a,0xa6,0x60,
  0x41,0x37,0x60,0x67,0xdd,0x4b,0x6,0x6c,0xea,0xf1,0x44,0xc2,0x93,0xa7,0x7f,0xe1,
  0x13,0x2a,0x97,0x17,0xc1,0x5d,0xd6,0x44,0x1e,0x13,0x22,0x9,0x34,0xde,0xd1,0x8e,
  0x9b,0xa6,0x16,0xfd,0xa9,0x37,0xbd,0xc9,0x6e,0xd8,0xcc,0xa2,0xac,0xd6,0xd6,0xba,
  0x20,0xe9,0x71,0xa8,0x52,0x14,0x4a,0x1c,0x94,0xec,0x25,0xd,0x9a,0x62,0x77,0x2f,
  0xb7,0x1f,0x4d,0x9e,0xea,0xab,0xa1,0x93,0xf6,0x42,0xae,0xaf,0x84,0xfe,0x2d,0xd0,
  0x4e,0x97,0x9a,0x42,0x77,0x80,0x1b,0xee,0xd,0xcc,0x63,0x79,0x1,0xfa,0x8,0xd7,
  0xaf,0x97,0xbc,0x73,0x64,0x1f,0xb5,0x87,0x20,0x68,0x80,0x13,0x70,0x61,0x2c,0xa5,
  0xd2,0xe0,0x93,0xfb,0xce,0x95,0x2f,0x82,0xd3,0xce,0xaf,0x6e,0xc,0xb6,0xde,0xd,
  0x0,0x82,0x73,0x6a,0x8,0x8f,0x42,0x4e,0xaf,0xe4,0x9e,0x5f,0xcf,0x3f,0x1b,0x33,
  0x20,0xf0,0xed,0x46,0xd3,0xd1,0xb5,0x53,0xcf,0xc4,0x1c,0x98,0x9d,0x8b,0x5b,0x5b,
  0xb4,0x51,0x5b,0xdf,0xc,0x36,0x3f,0x1f,0x7c,0xf7,0xb7,0xfe,0x8d,0xab,0xe8,0x85,
  0xda,0xd1,0x97,0x92,0xca,0xf6,0xd0,0x41,0x42,0x13,0xfb,0x2a,0xd8,0xda,0xc2,0x2e,
  0xf1,0x18,0x81,0x1e,0x6a,0x68,0xa0,0x77,0x54,0xc0,0xa9,0xd,0xb2,0x20,0xf6,0x8f,
  0xb,0xfd,0x1b,0x5f,0x4b,0x62,0xce,0xdf,0xef,0xe,0xbe,0xbf,0xfd,0xbf,0x9f,0x2e,
  0xf5,0x3f,0xfa,0xcc,0xb9,0xbc,0x25,0x7b,0xe4,0xff,0xfe,0x7c,0xab,0x7f,0x7e,0xd3,
  0xf9,0xe1,0x9e,0xc,0xb3,0xec,0xa4,0x8c,0x19,0xa3,0xac,0xa0,0x8,0x86,0x50,0x18,
  0x5f,0x55,0x7c,0x81,0x50,0x3b,0xd8,0xb2,0xc0,0x11,0xe2,0xc,0x6,0x9d,0xf6,0x33,
  0x99,0x5e,0xe1,0x13,0xe1,0xc8,0x25,0x1,0x42,0xbf,0x64,0x77,0xd6,0x30,0x2b,0x78,
  0x5a,0x78,0x4d,0x71,0xd7,0x95,0x93,0xa9,0x1f,0x39,0xa8,0xf8,0xcc,0x11,0xff,0xca,
  0xf1,0xab,0x7e,0xe4,0x48,0xe1,0x5b,0x54,0x15,0xe0,0xbb,0xe6,0x1e,0xf6,0x86,0xf8,
  0x76,0xab,0xce,0xc9,0xbc,0xaf,0x38,0x81,0x53,0xde,0xff,0x97,0x3c,0xe9,0x72,0x2e,
  0x6e,0xc9,0x19,0x46,0x18,0xea,0xdf,0x77,0xfa,0xef,0x5d,0xe9,0xdf,0xbc,0xdd,0xbf,
  0x7e,0x4f,0xc9,0xfd,0x18,0xe4,0x72,0xe0,0x7d,0xe,0x8a,0x4d,0x60,0xbd,0x62,0xe4,
  0xcc,0x3f,0xd4,0x19,0x8e,0x1b,0x8,0xa1,0xba,0xf0,0x7b,0x8,0xfc,0xca,0x21,0xe0,
  0xb9,0x52,0xdc,0x87,0xd2,0x60,0x6d,0x9b,0xe8,0x61,0x50,0x78,0x14,0x80,0x79,0xde,
  0x26,0xbb,0xa9,0x8b,0x57,0x9d,0x8f,0x6f,0x4e,0xc8,0x6,0x2b,0x52,0x5d,0x1f,0xd7,
  0xc5,0x12,0xc0,0xa2,0x73,0x92,0xfc,0xc9,0x17,0xc4,0x6d,0x31,0x5e,0x71,0xc7,0xad,
  0x22,0xbd,0x20,0xed,0xc3,0xef,0xff,0x1,0xa9,0xcb,0x7b,0xf3,
    // XTextInput.qml
  0x0,0x0,0x2,0x5f,
  0x69,
  0x6d,0x70,0x6f,0x72,0x74,0x20,0x51,0x74,0x51,0x75,0x69,0x63,0x6b,0xd,0xa,0x69,
  0x6d,0x70,0x6f,0x72,0x74,0x20,0x51,0x74,0x51,0x75,0x69,0x63,0x6b,0x2e,0x43,0x6f,
  0x6e,0x74,0x72,0x6f,0x6c,0x73,0xd,0xa,0x69,0x6d,0x70,0x6f,0x72,0x74,0x20,0x51,
  0x74,0x51,0x75,0x69,0x63,0x6b,0x2e,0x43,0x6f,0x6e,0x74,0x72,0x6f,0x6c,0x73,0x2e,
  0x4d,0x61,0x74,0x65,0x72,0x69,0x61,0x6c,0xd,0xa,0xd,0xa,0x54,0x65,0x78,0x74,
  0x46,0x69,0x65,0x6c,0x64,0x20,0x7b,0xd,0xa,0x20,0x20,0x20,0x20,0x69,0x64,0x3a,
  0x20,0x69,0x6e,0x70,0x75,0x74,0xd,0xa,0x20,0x20,0x20,0x20,0x77,0x69,0x64,0x74,
  0x68,0x3a,0x20,0x70,0x61,0x72,0x65,0x6e,0x74,0x2e,0x77,0x69,0x64,0x74,0x68,0x20,
  0x2d,0x20,0x33,0x34,0xd,0xa,0x20,0x20,0x20,0x20,0x68,0x65,0x69,0x67,0x68,0x74,
  0x3a,0x20,0x33,0x30,0xd,0xa,0x20,0x20,0x20,0x20,0x61,0x6e,0x63,0x68,0x6f,0x72,
  0x73,0x2e,0x68,0x6f,0x72,0x69,0x7a,0x6f,0x6e,0x74,0x61,0x6c,0x43,0x65,0x6e,0x74,
  0x65,0x72,0x3a,0x70,0x61,0x72,0x65,0x6e,0x74,0x2e,0x68,0x6f,0x72,0x69,0x7a,0x6f,
  0x6e,0x74,0x61,0x6c,0x43,0x65,0x6e,0x74,0x65,0x72,0xd,0xa,0xd,0xa,0x20,0x20,
  0x20,0x20,0x70,0x72,0x6f,0x70,0x65,0x72,0x74,0x79,0x20,0x73,0x74,0x72,0x69,0x6e,
  0x67,0x20,0x68,0x69,0x6e,0x74,0x3a,0x20,0x22,0x22,0xd,0xa,0x20,0x20,0x20,0x20,
  0x54,0x65,0x78,0x74,0x20,0x7b,0xd,0xa,0x20,0x20,0x20,0x20,0x20,0x20,0x20,0x20,
  0x61,0x6e,0x63,0x68,0x6f,0x72,0x73,0x2e,0x66,0x69,0x6c,0x6c,0x3a,0x20,0x70,0x61,
  0x72,0x65,0x6e,0x74,0xd,0xa,0x20,0x20,0x20,0x20,0x20,0x20,0x20,0x20,0x74,0x65,
  0x78,0x74,0x3a,0x20,0x69,0x6e,0x70,0x75,0x74,0x2e,0x68,0x69,0x6e,0x74,0xd,0xa,
  0x20,0x20,0x20,0x20,0x20,0x20,0x20,0x20,0x6c,0x65,0x66,0x74,0x50,0x61,0x64,0x64,
  0x69,0x6e,0x67,0x3a,0x20,0x32,0x30,0xd,0xa,0xd,0xa,0x20,0x20,0x20,0x20,0x20,
  0x20,0x20,0x20,0x63,0x6f,0x6c,0x6f,0x72,0x3a,0x20,0x22,0x23,0x39,0x39,0x39,0x39,
  0x39,0x39,0x22,0xd,0xa,0x20,0x20,0x20,0x20,0x20,0x20,0x20,0x20,0x76,0x65,0x72,
  0x74,0x69,0x63,0x61,0x6c,0x41,0x6c,0x69,0x67,0x6e,0x6d,0x65,0x6e,0x74,0x3a,0x20,
  0x54,0x65,0x78,0x74,0x2e,0x41,0x6c,0x69,0x67,0x6e,0x56,0x43,0x65,0x6e,0x74,0x65,
  0x72,0xd,0xa,0x20,0x20,0x20,0x20,0x20,0x20,0x20,0x20,0x76,0x69,0x73,0x69,0x62,
  0x6c,0x65,0x3a,0x20,0x21,0x69,0x6e,0x70,0x75,0x74,0x2e,0x74,0x65,0x78,0x74,0x20,
  0x26,0x26,0x20,0x21,0x69,0x6e,0x70,0x75,0x74,0x2e,0x61,0x63,0x74,0x69,0x76,0x65,
  0x46,0x6f,0x63,0x75,0x73,0xd,0xa,0x20,0x20,0x20,0x20,0x7d,0xd,0xa,0xd,0xa,
  0x20,0x20,0x20,0x20,0x62,0x61,0x63,0x6b,0x67,0x72,0x6f,0x75,0x6e,0x64,0x3a,0x20,
  0x52,0x65,0x63,0x74,0x61,0x6e,0x67,0x6c,0x65,0x20,0x7b,0xd,0xa,0x20,0x20,0x20,
  0x20,0x20,0x20,0x20,0x20,0x72,0x61,0x64,0x69,0x75,0x73,0x3a,0x20,0x34,0xd,0xa,
  0x20,0x20,0x20,0x20,0x20,0x20,0x20,0x20,0x62,0x6f,0x72,0x64,0x65,0x72,0x2e,0x77,
  0x69,0x64,0x74,0x68,0x3a,0x20,0x31,0xd,0xa,0x20,0x20,0x20,0x20,0x20,0x20,0x20,
  0x20,0x62,0x6f,0x72,0x64,0x65,0x72,0x2e,0x63,0x6f,0x6c,0x6f,0x72,0x3a,0x20,0x69,
  0x6e,0x70,0x75,0x74,0x2e,0x66,0x6f,0x63,0x75,0x73,0x20,0x3f,0x20,0x22,0x23,0x32,
  0x31,0x39,0x36,0x46,0x33,0x22,0x20,0x3a,0x20,0x22,0x23,0x65,0x30,0x65,0x30,0x65,
  0x30,0x22,0xd,0xa,0x20,0x20,0x20,0x20,0x7d,0xd,0xa,0x7d,0xd,0xa,
    // CenterControlArea.qml
  0x0,0x0,0x4,0xd8,
  0x69,
  0x6d,0x70,0x6f,0x72,0x74,0x20,0x51,0x74,0x51,0x75,0x69,0x63,0x6b,0xd,0xa,0x69,
  0x6d,0x70,0x6f,0x72,0x74,0x20,0x51,0x74,0x51,0x75,0x69,0x63,0x6b,0x2e,0x43,0x6f,
  0x6e,0x74,0x72,0x6f,0x6c,0x73,0xd,0xa,0x69,0x6d,0x70,0x6f,0x72,0x74,0x20,0x51,
  0x74,0x51,0x75,0x69,0x63,0x6b,0x2e,0x4c,0x61,0x79,0x6f,0x75,0x74,0x73,0xd,0xa,
  0x52,0x65,0x63,0x74,0x61,0x6e,0x67,0x6c,0x65,0x20,0x7b,0xd,0xa,0x20,0x20,0x20,
  0x20,0x69,0x64,0x3a,0x63,0x65,0x6e,0x74,0x65,0x72,0x43,0x6f,0x6e,0x74,0x72,0x6f,
  0x6c,0x41,0x72,0x65,0x61,0xd,0xa,0x20,0x20,0x20,0x20,0x70,0x72,0x6f,0x70,0x65,
  0x72,0x74,0x79,0x20,0x73,0x74,0x72,0x69,0x6e,0x67,0x20,0x74,0x68,0x69,0x73,0x51,
  0x6d,0x6c,0x3a,0x20,0x22,0x22,0xd,0xa,0xd,0xa,0x20,0x20,0x20,0x20,0x6f,0x6e,
  0x54,0x68,0x69,0x73,0x51,0x6d,0x6c,0x43,0x68,0x61,0x6e,0x67,0x65,0x64,0x3a,0x20,
  0x7b,0xd,0xa,0x20,0x20,0x20,0x20,0x20,0x20,0x20,0x20,0x73,0x65,0x61,0x72,0x63,
  0x68,0x41,0x72,0x65,0x61,0x2e,0x72,0x65,0x63,0x6f,0x76,0x65,0x72,0x28,0x29,0xd,
  0xa,0x20,0x20,0x20,0x20,0x7d,0xd,0xa,0xd,0xa,0x20,0x20,0x20,0x20,0x43,0x6f,
  0x6c,0x75,0x6d,0x6e,0x4c,0x61,0x79,0x6f,0x75,0x74,0x20,0x7b,0xd,0xa,0x20,0x20,
  0x20,0x20,0x20,0x20,0x20,0x20,0x61,0x6e,0x63,0x68,0x6f,0x72,0x73,0x2e,0x66,0x69,
  0x6c,0x6c,0x3a,0x20,0x63,0x65,0x6e,0x74,0x65,0x72,0x43,0x6f,0x6e,0x74,0x72,0x6f,
  0x6c,0x41,0x72,0x65,0x61,0xd,0xa,0x20,0x20,0x20,0x20,0x20,0x20,0x20,0x20,0x73,
  0x70,0x61,0x63,0x69,0x6e,0x67,0x3a,0x20,0x30,0xd,0xa,0x20,0x20,0x20,0x20,0x20,
  0x20,0x20,0x20,0x2f,0x2f,0xe4,0xb8,0x8a,0xe4,0xbe,0xa7,0xe6,0x90,0x9c,0xe7,0xb4,
  0xa2,0xe6,0xa0,0x8f,0xd,0xa,0xd,0xa,0x20,0x20,0x20,0x20,0x20,0x20,0x20,0x20,
  0x53,0x65,0x61,0x72,0x63,0x68,0x41,0x72,0x65,0x61,0x20,0x7b,0xd,0xa,0x20,0x20,
  0x20,0x20,0x20,0x20,0x20,0x20,0x20,0x20,0x20,0x20,0x69,0x64,0x3a,0x73,0x65,0x61,
  0x72,0x63,0x68,0x41,0x72,0x65,0x61,0xd,0xa,0x20,0x20,0x20,0x20,0x20,0x20,0x20,
  0x20,0x20,0x20,0x20,0x20,0x4c,0x61,0x79,0x6f,0x75,0x74,0x2e,0x66,0x69,0x6c,0x6c,
  0x57,0x69,0x64,0x74,0x68,0x3a,0x20,0x74,0x72,0x75,0x65,0xd,0xa,0x20,0x20,0x20,
  0x20,0x20,0x20,0x20,0x20,0x20,0x20,0x20,0x20,0x68,0x65,0x69,0x67,0x68,0x74,0x3a,
  0x20,0x36,0x30,0xd,0xa,0x20,0x20,0x20,0x20,0x20,0x20,0x20,0x20,0x20,0x20,0x20,
  0x20,0x6f,0x6e,0x53,0x65,0x61,0x72,0x63,0x68,0x54,0x65,0x78,0x74,0x43,0x68,0x61,
  0x6e,0x67,0x65,0x64,0x3a,0x20,0x7b,0xd,0xa,0x20,0x20,0x20,0x20,0x20,0x20,0x20,
  0x20,0x20,0x20,0x20,0x20,0x20,0x20,0x20,0x20,0x69,0x66,0x28,0x21,0x73,0x65,0x61,
  0x72,0x63,0x68,0x54,0x65,0x78,0x74,0x29,0xd,0xa,0x20,0x20,0x20,0x20,0x20,0x20,
  0x20,0x20,0x20,0x20,0x20,0x20,0x20,0x20,0x20,0x20,0x20,0x20,0x20,0x20,0x72,0x65,
  0x74,0x75,0x72,0x6e,0xd,0xa,0x20,0x20,0x20,0x20,0x20,0x20,0x20,0x20,0x20,0x20,
  0x20,0x20,0x20,0x20,0x20,0x20,0x73,0x65,0x61,0x72,0x63,0x68,0x4c,0x69,0x73,0x74,
  0x2e,0x73,0x65,0x61,0x72,0x63,0x68,0x54,0x65,0x78,0x74,0x20,0x3d,0x20,0x73,0x65,
  0x61,0x72,0x63,0x68,0x54,0x65,0x78,0x74,0xd,0xa,0x20,0x20,0x20,0x20,0x20,0x20,
  0x20,0x20,0x20,0x20,0x20,0x20,0x7d,0xd,0xa,0x20,0x20,0x20,0x20,0x20,0x20,0x20,
  0x20,0x7d,0xd,0xa,0xd,0xa,0xd,0xa,0x20,0x20,0x20,0x20,0x20,0x20,0x20,0x20,
  0x43,0x68,0x61,0x74,0x4c,0x69,0x73,0x74,0x20,0x7b,0xd,0xa,0x20,0x20,0x20,0x20,
  0x20,0x20,0x20,0x20,0x20,0x20,0x20,0x20,0x69,0x64,0x3a,0x63,0x68,0x61,0x74,0x4c,
  0x69,0x73,0x74,0xd,0xa,0x20,0x20,0x20,0x20,0x20,0x20,0x20,0x20,0x20,0x20,0x20,
  0x20,0x4c,0x61,0x79,0x6f,0x75,0x74,0x2e,0x66,0x69,0x6c,0x6c,0x57,0x69,0x64,0x74,
  0x68,0x3a,0x20,0x74,0x72,0x75,0x65,0xd,0xa,0x20,0x20,0x20,0x20,0x20,0x20,0x20,
  0x20,0x20,0x20,0x20,0x20,0x4c,0x61,0x79,0x6f,0x75,0x74,0x2e,0x66,0x69,0x6c,0x6c,
  0x48,0x65,0x69,0x67,0x68,0x74,0x3a,0x20,0x74,0x72,0x75,0x65,0xd,0xa,0x20,0x20,
  0x20,0x20,0x20,0x20,0x20,0x20,0x20,0x20,0x20,0x20,0x76,0x69,0x73,0x69,0x62,0x6c,
  0x65,0x3a,0x20,0x74,0x68,0x69,0x73,0x51,0x6d,0x6c,0x20,0x3d,0x3d,0x3d,0x20,0x22,
  0x43,0x68,0x61,0x74,0x4c,0x69,0x73,0x74,0x2e,0x71,0x6d,0x6c,0x22,0xd,0xa,0x20,
  0x20,0x20,0x20,0x20,0x20,0x20,0x20,0x20,0x20,0x20,0x20,0x6f,0x6e,0x56,0x69,0x73,
  0x69,0x62,0x6c,0x65,0x43,0x68,0x61,0x6e,0x67,0x65,0x64,0x3a,0x20,0x7b,0xd,0xa,
  0x20,0x20,0x20,0x20,0x20,0x20,0x20,0x20,0x20,0x20,0x20,0x20,0x20,0x20,0x20,0x20,
  0x69,0x66,0x28,0x21,0x76,0x69,0x73,0x69,0x62,0x6c,0x65,0x29,0x20,0x72,0x65,0x74,
  0x75,0x72,0x6e,0xd,0xa,0x20,0x20,0x20,0x20,0x20,0x20,0x20,0x20,0x20,0x20,0x20,
  0x20,0x7d,0xd,0xa,0x20,0x20,0x20,0x20,0x20,0x20,0x20,0x20,0x7d,0xd,0xa,0x20,
  0x20,0x20,0x20,0x20,0x20,0x20,0x20,0x55,0x73,0x65,0x72,0x4c,0x69,0x73,0x74,0x20,
  0x7b,0xd,0xa,0x20,0x20,0x20,0x20,0x20,0x20,0x20,0x20,0x20,0x20,0x20,0x20,0x69,
  0x64,0x3a,0x75,0x73,0x65,0x72,0x4c,0x69,0x73,0x74,0xd,0xa,0x20,0x20,0x20,0x20,
  0x20,0x20,0x20,0x20,0x20,0x20,0x20,0x20,0x4c,0x61,0x79,0x6f,0x75,0x74,0x2e,0x66,
  0x69,0x6c,0x6c,0x57,0x69,0x64,0x74,0x68,0x3a,0x20,0x74,0x72,0x75,0x65,0xd,0xa,
  0x20,0x20,0x20,0x20,0x20,0x20,0x20,0x20,0x20,0x20,0x20,0x20,0x4c,0x61,0x79,0x6f,
  0x75,0x74,0x2e,0x66,0x69,0x6c,0x6c,0x48,0x65,0x69,0x67,0x68,0x74,0x3a,0x20,0x74,
  0x72,0x75,0x65,0xd,0xa,0x20,0x20,0x20,0x20,0x20,0x20,0x20,0x20,0x20,0x20,0x20,
  0x20,0x76,0x69,0x73,0x69,0x62,0x6c,0x65,0x3a,0x20,0x74,0x68,0x69,0x73,0x51,0x6d,
  0x6c,0x20,0x3d,0x3d,0x3d,0x20,0x22,0x55,0x73,0x65,0x72,0x4c,0x69,0x73,0x74,0x2e,
  0x71,0x6d,0x6c,0x22,0xd,0xa,0x20,0x20,0x20,0x20,0x20,0x20,0x20,0x20,0x7d,0xd,
  0xa,0xd,0xa,0x20,0x20,0x20,0x20,0x20,0x20,0x20,0x20,0x53,0x65,0x61,0x72,0x63,
  0x68,0x4c,0x69,0x73,0x74,0x20,0x7b,0xd,0xa,0x20,0x20,0x20,0x20,0x20,0x20,0x20,
  0x20,0x20,0x20,0x20,0x20,0x69,0x64,0x3a,0x73,0x65,0x61,0x72,0x63,0x68,0x4c,0x69,
  0x73,0x74,0xd,0xa,0x20,0x20,0x20,0x20,0x20,0x20,0x20,0x20,0x20,0x20,0x20,0x20,
  0x4c,0x61,0x79,0x6f,0x75,0x74,0x2e,0x66,0x69,0x6c,0x6c,0x57,0x69,0x64,0x74,0x68,
  0x3a,0x20,0x74,0x72,0x75,0x65,0xd,0xa,0x20,0x20,0x20,0x20,0x20,0x20,0x20,0x20,
  0x20,0x20,0x20,0x20,0x4c,0x61,0x79,0x6f,0x75,0x74,0x2e,0x66,0x69,0x6c,0x6c,0x48,
  0x65,0x69,0x67,0x68,0x74,0x3a,0x20,0x74,0x72,0x75,0x65,0xd,0xa,0x20,0x20,0x20,
  0x20,0x20,0x20,0x20,0x20,0x20,0x20,0x20,0x20,0x76,0x69,0x73,0x69,0x62,0x6c,0x65,
  0x3a,0x20,0x74,0x68,0x69,0x73,0x51,0x6d,0x6c,0x20,0x3d,0x3d,0x3d,0x20,0x22,0x53,
  0x65,0x61,0x72,0x63,0x68,0x4c,0x69,0x73,0x74,0x2e,0x71,0x6d,0x6c,0x22,0xd,0xa,
  0x20,0x20,0x20,0x20,0x20,0x20,0x20,0x20,0x7d,0xd,0xa,0x20,0x20,0x20,0x20,0x7d,
  0xd,0xa,0xd,0xa,0x7d,0xd,0xa,
    // SearchList.qml
  0x0,0x0,0x6,0x99,
  0x69,
  0x6d,0x70,0x6f,0x72,0x74,0x20,0x51,0x74,0x51,0x75,0x69,0x63,0x6b,0xd,0xa,0x69,
  0x6d,0x70,0x6f,0x72,0x74,0x20,0x51,0x74,0x51,0x75,0x69,0x63,0x6b,0x2e,0x43,0x6f,
  0x6e,0x74,0x72,0x6f,0x6c,0x73,0xd,0xa,0x69,0x6d,0x70,0x6f,0x72,0x74,0x20,0x51,
  0x74,0x51,0x75,0x69,0x63,0x6b,0x2e,0x4c,0x61,0x79,0x6f,0x75,0x74,0x73,0xd,0xa,
  0x69,0x6d,0x70,0x6f,0x72,0x74,0x20,0x67,0x6c,0x6f,0x62,0x61,0x6c,0xd,0xa,0x69,
  0x6d,0x70,0x6f,0x72,0x74,0x20,0x74,0x63,0x70,0x6d,0x67,0x72,0xd,0xa,0x52,0x65,
  0x63,0x74,0x61,0x6e,0x67,0x6c,0x65,0x20,0x7b,0xd,0xa,0x20,0x20,0x20,0x20,0x70,
  0x72,0x6f,0x70,0x65,0x72,0x74,0x79,0x20,0x73,0x74,0x72,0x69,0x6e,0x67,0x20,0x73,
  0x65,0x61,0x72,0x63,0x68,0x54,0x65,0x78,0x74,0x3a,0x20,0x22,0x22,0xd,0xa,0xd,
  0xa,0xd,0xa,0x20,0x20,0x20,0x20,0x43,0x6f,0x6e,0x6e,0x65,0x63,0x74,0x69,0x6f,
  0x6e,0x73,0x20,0x7b,0xd,0xa,0x20,0x20,0x20,0x20,0x20,0x20,0x20,0x20,0x74,0x61,
  0x72,0x67,0x65,0x74,0x3a,0x20,0x54,0x63,0x70,0x4d,0x67,0x72,0xd,0xa,0x20,0x20,
  0x20,0x20,0x20,0x20,0x20,0x20,0x66,0x75,0x6e,0x63,0x74,0x69,0x6f,0x6e,0x20,0x6f,
  0x6e,0x53,0x69,0x67,0x5f,0x75,0x73,0x65,0x72,0x5f,0x73,0x65,0x61,0x72,0x63,0x68,
  0x28,0x73,0x65,0x61,0x72,0x63,0x68,0x69,0x6e,0x66,0x6f,0x29,0x20,0x7b,0xd,0xa,
  0x20,0x20,0x20,0x20,0x20,0x20,0x20,0x20,0x20,0x20,0x20,0x20,0x63,0x6f,0x6e,0x73,
  0x6f,0x6c,0x65,0x2e,0x6c,0x6f,0x67,0x28,0x22,0x73,0x65,0x61,0x72,0x63,0x68,0x69,
  0x6e,0x66,0x6f,0x20,0x69,0x73,0x20,0x3a,0x20,0x22,0x2c,0x73,0x65,0x61,0x72,0x63,
  0x68,0x69,0x6e,0x66,0x6f,0x29,0xd,0xa,0x20,0x20,0x20,0x20,0x20,0x20,0x20,0x20,
  0x7d,0xd,0xa,0xd,0xa,0x20,0x20,0x20,0x20,0x7d,0xd,0xa,0xd,0xa,0x20,0x20,
  0x20,0x20,0x6f,0x6e,0x53,0x65,0x61,0x72,0x63,0x68,0x54,0x65,0x78,0x74,0x43,0x68,
  0x61,0x6e,0x67,0x65,0x64,0x3a,0x20,0x7b,0xd,0xa,0x20,0x20,0x20,0x20,0x20,0x20,
  0x20,0x20,0x73,0x65,0x61,0x72,0x63,0x68,0x2e,0x74,0x65,0x78,0x74,0x20,0x3d,0x20,
  0x22,0xe6,0x90,0x9c,0xe7,0xb4,0xa2,0xef,0xbc,0x9a,0x22,0x20,0x2b,0x73,0x65,0x61,
  0x72,0x63,0x68,0x54,0x65,0x78,0x74,0xd,0xa,0x20,0x20,0x20,0x20,0x7d,0xd,0xa,
  0xd,0xa,0x20,0x20,0x20,0x20,0x52,0x65,0x63,0x74,0x61,0x6e,0x67,0x6c,0x65,0x20,
  0x7b,0xd,0xa,0x20,0x20,0x20,0x20,0x20,0x20,0x20,0x20,0x69,0x64,0x3a,0x72,0x65,
  0x63,0x74,0xd,0xa,0x20,0x20,0x20,0x20,0x20,0x20,0x20,0x20,0x77,0x69,0x64,0x74,
  0x68,0x3a,0x70,0x61,0x72,0x65,0x6e,0x74,0x2e,0x77,0x69,0x64,0x74,0x68,0xd,0xa,
  0x20,0x20,0x20,0x20,0x20,0x20,0x20,0x20,0x68,0x65,0x69,0x67,0x68,0x74,0x3a,0x36,
  0x30,0xd,0xa,0x20,0x20,0x20,0x20,0x20,0x20,0x20,0x20,0x76,0x69,0x73,0x69,0x62,
  0x6c,0x65,0x3a,0x74,0x72,0x75,0x65,0xd,0xa,0x20,0x20,0x20,0x20,0x20,0x20,0x20,
  0x20,0x61,0x6e,0x63,0x68,0x6f,0x72,0x73,0x2e,0x6c,0x65,0x66,0x74,0x4d,0x61,0x72,
  0x67,0x69,0x6e,0x3a,0x31,0x30,0xd,0xa,0x20,0x20,0x20,0x20,0x20,0x20,0x20,0x20,
  0x61,0x6e,0x63,0x68,0x6f,0x72,0x73,0x2e,0x72,0x69,0x67,0x68,0x74,0x4d,0x61,0x72,
  0x67,0x69,0x6e,0x3a,0x31,0x30,0xd,0xa,0x20,0x20,0x20,0x20,0x20,0x20,0x20,0x20,
  0x52,0x6f,0x77,0x4c,0x61,0x79,0x6f,0x75,0x74,0x20,0x7b,0xd,0xa,0x20,0x20,0x20,
  0x20,0x20,0x20,0x20,0x20,0x20,0x20,0x20,0x20,0x61,0x6e,0x63,0x68,0x6f,0x72,0x73,
  0x2e,0x66,0x69,0x6c,0x6c,0x3a,0x70,0x61,0x72,0x65,0x6e,0x74,0xd,0xa,0x20,0x20,
  0x20,0x20,0x20,0x20,0x20,0x20,0x20,0x20,0x20,0x20,0x49,0x6d,0x61,0x67,0x65,0x20,
  0x7b,0xd,0xa,0x20,0x20,0x20,0x20,0x20,0x20,0x20,0x20,0x20,0x20,0x20,0x20,0x20,
  0x20,0x20,0x20,0x73,0x6f,0x75,0x72,0x63,0x65,0x3a,0x20,0x22,0x71,0x72,0x63,0x3a,
  0x2f,0x73,0x72,0x63,0x2f,0x61,0x64,0x64,0x5f,0x66,0x72,0x69,0x65,0x6e,0x64,0x2e,
  0x70,0x6e,0x67,0x22,0xd,0xa,0x20,0x20,0x20,0x20,0x20,0x20,0x20,0x20,0x20,0x20,
  0x20,0x20,0x20,0x20,0x20,0x20,0x4c,0x61,0x79,0x6f,0x75,0x74,0x2e,0x70,0x72,0x65,
  0x66,0x65,0x72,0x72,0x65,0x64,0x57,0x69,0x64,0x74,0x68,0x3a,0x33,0x32,0xd,0xa,
  0x20,0x20,0x20,0x20,0x20,0x20,0x20,0x20,0x20,0x20,0x20,0x20,0x20,0x20,0x20,0x20,
  0x4c,0x61,0x79,0x6f,0x75,0x74,0x2e,0x70,0x72,0x65,0x66,0x65,0x72,0x72,0x65,0x64,
  0x48,0x65,0x69,0x67,0x68,0x74,0x3a,0x33,0x32,0xd,0xa,0x20,0x20,0x20,0x20,0x20,
  0x20,0x20,0x20,0x20,0x20,0x20,0x20,0x7d,0xd,0xa,0x20,0x20,0x20,0x20,0x20,0x20,
  0x20,0x20,0x20,0x20,0x20,0x20,0x54,0x65,0x78,0x74,0x20,0x7b,0xd,0xa,0x20,0x20,
  0x20,0x20,0x20,0x20,0x20,0x20,0x20,0x20,0x20,0x20,0x20,0x20,0x20,0x20,0x69,0x64,
  0x3a,0x73,0x65,0x61,0x72,0x63,0x68,0xd,0xa,0x20,0x20,0x20,0x20,0x20,0x20,0x20,
  0x20,0x20,0x20,0x20,0x20,0x20,0x20,0x20,0x20,0x74,0x65,0x78,0x74,0x3a,0x22,0xe6,
  0x90,0x9c,0xe7,0xb4,0xa2,0x75,0x69,0x64,0x2f,0x6e,0x61,0x6d,0x65,0x22,0xd,0xa,
  0x20,0x20,0x20,0x20,0x20,0x20,0x20,0x20,0x20,0x20,0x20,0x20,0x20,0x20,0x20,0x20,
  0x65,0x6c,0x69,0x64,0x65,0x3a,0x20,0x54,0x65,0x78,0x74,0x2e,0x45,0x6c,0x69,0x64,
  0x65,0x52,0x69,0x67,0x68,0x74,0x20,0x20,0x2f,0x2f,0x20,0xe6,0x96,0x87,0xe6,0x9c,
  0xac,0xe8,0xbf,0x87,0xe9,0x95,0xbf,0xe6,0x97,0xb6,0xe6,0x98,0xbe,0xe7,0xa4,0xba,
  0xe7,0x9c,0x81,0xe7,0x95,0xa5,0xe5,0x8f,0xb7,0xd,0xa,0x20,0x20,0x20,0x20,0x20,
  0x20,0x20,0x20,0x20,0x20,0x20,0x20,0x7d,0xd,0xa,0x20,0x20,0x20,0x20,0x20,0x20,
  0x20,0x20,0x20,0x20,0x20,0x20,0x49,0x6d,0x61,0x67,0x65,0x20,0x7b,0xd,0xa,0x20,
  0x20,0x20,0x20,0x20,0x20,0x20,0x20,0x20,0x20,0x20,0x20,0x20,0x20,0x20,0x20,0x73,
  0x6f,0x75,0x72,0x63,0x65,0x3a,0x20,0x22,0x71,0x72,0x63,0x3a,0x2f,0x73,0x72,0x63,
  0x2f,0x72,0x69,0x67,0x68,0x74,0x5f,0x74,0x69,0x70,0x2e,0x70,0x6e,0x67,0x22,0xd,
  0xa,0x20,0x20,0x20,0x20,0x20,0x20,0x20,0x20,0x20,0x20,0x20,0x20,0x20,0x20,0x20,
  0x20,0x4c,0x61,0x79,0x6f,0x75,0x74,0x2e,0x70,0x72,0x65,0x66,0x65,0x72,0x72,0x65,
  0x64,0x57,0x69,0x64,0x74,0x68,0x3a,0x33,0x32,0xd,0xa,0x20,0x20,0x20,0x20,0x20,
  0x20,0x20,0x20,0x20,0x20,0x20,0x20,0x20,0x20,0x20,0x20,0x4c,0x61,0x79,0x6f,0x75,
  0x74,0x2e,0x70,0x72,0x65,0x66,0x65,0x72,0x72,0x65,0x64,0x48,0x65,0x69,0x67,0x68,
  0x74,0x3a,0x33,0x32,0xd,0xa,0x20,0x20,0x20,0x20,0x20,0x20,0x20,0x20,0x20,0x20,
  0x20,0x20,0x7d,0xd,0xa,0x20,0x20,0x20,0x20,0x20,0x20,0x20,0x20,0x7d,0xd,0xa,
  0xd,0xa,0x20,0x20,0x20,0x20,0x20,0x20,0x20,0x20,0x4d,0x6f,0x75,0x73,0x65,0x41,
  0x72,0x65,0x61,0x20,0x7b,0xd,0xa,0x20,0x20,0x20,0x20,0x20,0x20,0x20,0x20,0x20,
  0x20,0x20,0x20,0x61,0x6e,0x63,0x68,0x6f,0x72,0x73,0x2e,0x66,0x69,0x6c,0x6c,0x3a,
  0x70,0x61,0x72,0x65,0x6e,0x74,0xd,0xa,0x20,0x20,0x20,0x20,0x20,0x20,0x20,0x20,
  0x20,0x20,0x20,0x20,0x63,0x75,0x72,0x73,0x6f,0x72,0x53,0x68,0x61,0x70,0x65,0x3a,
  0x20,0x51,0x74,0x2e,0x50,0x6f,0x69,0x6e,0x74,0x69,0x6e,0x67,0x48,0x61,0x6e,0x64,
  0x43,0x75,0x72,0x73,0x6f,0x72,0xd,0xa,0x20,0x20,0x20,0x20,0x20,0x20,0x20,0x20,
  0x20,0x20,0x20,0x20,0x6f,0x6e,0x43,0x6c,0x69,0x63,0x6b,0x65,0x64,0x3a,0x20,0x7b,
  0xd,0xa,0x20,0x20,0x20,0x20,0x20,0x20,0x20,0x20,0x20,0x20,0x20,0x20,0x20,0x20,
  0x20,0x20,0x63,0x6f,0x6e,0x73,0x74,0x20,0x6a,0x73,0x6f,0x6e,0x44,0x61,0x74,0x61,
  0x20,0x3d,0x20,0x7b,0xd,0xa,0x20,0x20,0x20,0x20,0x20,0x20,0x20,0x20,0x20,0x20,
  0x20,0x20,0x20,0x20,0x20,0x20,0x20,0x20,0x20,0x20,0x22,0x75,0x69,0x64,0x22,0x3a,
  0x20,0x73,0x65,0x61,0x72,0x63,0x68,0x54,0x65,0x78,0x74,0xd,0xa,0x20,0x20,0x20,
  0x20,0x20,0x20,0x20,0x20,0x20,0x20,0x20,0x20,0x20,0x20,0x20,0x20,0x7d,0xd,0xa,
  0x20,0x20,0x20,0x20,0x20,0x20,0x20,0x20,0x20,0x20,0x20,0x20,0x20,0x20,0x20,0x20,
  0x63,0x6f,0x6e,0x73,0x74,0x20,0x6a,0x73,0x6f,0x6e,0x53,0x74,0x72,0x20,0x3d,0x20,
  0x4a,0x53,0x4f,0x4e,0x2e,0x73,0x74,0x72,0x69,0x6e,0x67,0x69,0x66,0x79,0x28,0x6a,
  0x73,0x6f,0x6e,0x44,0x61,0x74,0x61,0x29,0xd,0xa,0x20,0x20,0x20,0x20,0x20,0x20,
  0x20,0x20,0x20,0x20,0x20,0x20,0x20,0x20,0x20,0x20,0x54,0x63,0x70,0x4d,0x67,0x72,
  0x2e,0x73,0x69,0x67,0x5f,0x73,0x65,0x6e,0x64,0x5f,0x64,0x61,0x74,0x61,0x28,0x47,
  0x6c,0x6f,0x62,0x61,0x6c,0x2e,0x49,0x44,0x5f,0x53,0x45,0x41,0x52,0x43,0x48,0x5f,
  0x55,0x53,0x45,0x52,0x5f,0x52,0x45,0x51,0x2c,0x20,0x6a,0x73,0x6f,0x6e,0x53,0x74,
  0x72,0x29,0xd,0xa,0x20,0x20,0x20,0x20,0x20,0x20,0x20,0x20,0x20,0x20,0x20,0x20,
  0x20,0x20,0x20,0x20,0x61,0x70,0x6c,0x79,0x46,0x72,0x69,0x65,0x6e,0x64,0x50,0x61,
  0x67,0x65,0x2e,0x73,0x68,0x6f,0x77,0x28,0x29,0xd,0xa,0x20,0x20,0x20,0x20,0x20,
  0x20,0x20,0x20,0x20,0x20,0x20,0x20,0x7d,0xd,0xa,0x20,0x20,0x20,0x20,0x20,0x20,
  0x20,0x20,0x7d,0xd,0xa,0x20,0x20,0x20,0x20,0x7d,0xd,0xa,0x20,0x20,0x20,0x20,
  0x41,0x70,0x70,0x6c,0x79,0x46,0x72,0x69,0x65,0x6e,0x64,0x50,0x61,0x67,0x65,0x20,
  0x7b,0xd,0xa,0x20,0x20,0x20,0x20,0x20,0x20,0x20,0x20,0x69,0x64,0x3a,0x61,0x70,
  0x6c,0x79,0x46,0x72,0x69,0x65,0x6e,0x64,0x50,0x61,0x67,0x65,0xd,0xa,0x20,0x20,
  0x20,0x20,0x7d,0xd,0xa,0xd,0xa,0x20,0x20,0x20,0x20,0x66,0x75,0x6e,0x63,0x74,
  0x69,0x6f,0x6e,0x20,0x73,0x6c,0x6f,0x74,0x5f,0x75,0x73,0x65,0x72,0x5f,0x73,0x65,
  0x61,0x72,0x63,0x68,0x28,0x29,0x20,0x7b,0xd,0xa,0xd,0xa,0x20,0x20,0x20,0x20,
  0x7d,0xd,0xa,0xd,0xa,0x7d,0xd,0xa,
    // RoundImage.qml
  0x0,0x0,0x1,0x71,
  0x69,
  0x6d,0x70,0x6f,0x72,0x74,0x20,0x51,0x74,0x51,0x75,0x69,0x63,0x6b,0xd,0xa,0x69,
  0x6d,0x70,0x6f,0x72,0x74,0x20,0x51,0x74,0x51,0x75,0x69,0x63,0x6b,0x2e,0x45,0x66,
  0x66,0x65,0x63,0x74,0x73,0xd,0xa,0xd,0xa,0x49,0x6d,0x61,0x67,0x65,0x20,0x7b,
  0xd,0xa,0x20,0x20,0x20,0x20,0x69,0x64,0x3a,0x20,0x69,0x6d,0x61,0x67,0x65,0xd,
  0xa,0x20,0x20,0x20,0x20,0x70,0x72,0x6f,0x70,0x65,0x72,0x74,0x79,0x20,0x61,0x6c,
  0x69,0x61,0x73,0x20,0x72,0x61,0x64,0x69,0x75,0x73,0x3a,0x20,0x6d,0x61,0x73,0x6b,
  0x52,0x65,0x63,0x74,0x2e,0x72,0x61,0x64,0x69,0x75,0x73,0xd,0xa,0x20,0x20,0x20,
  0x20,0x6c,0x61,0x79,0x65,0x72,0x2e,0x65,0x6e,0x61,0x62,0x6c,0x65,0x64,0x3a,0x20,
  0x74,0x72,0x75,0x65,0xd,0xa,0xd,0xa,0x20,0x20,0x20,0x20,0x52,0x65,0x63,0x74,
  0x61,0x6e,0x67,0x6c,0x65,0x20,0x7b,0xd,0xa,0x20,0x20,0x20,0x20,0x20,0x20,0x20,
  0x20,0x69,0x64,0x3a,0x6d,0x61,0x73,0x6b,0x52,0x65,0x63,0x74,0xd,0xa,0x20,0x20,
  0x20,0x20,0x20,0x20,0x20,0x20,0x61,0x6e,0x63,0x68,0x6f,0x72,0x73,0x2e,0x66,0x69,
  0x6c,0x6c,0x3a,0x20,0x70,0x61,0x72,0x65,0x6e,0x74,0xd,0xa,0x20,0x20,0x20,0x20,
  0x20,0x20,0x20,0x20,0x6c,0x61,0x79,0x65,0x72,0x2e,0x65,0x6e,0x61,0x62,0x6c,0x65,
  0x64,0x3a,0x20,0x74,0x72,0x75,0x65,0xd,0xa,0x20,0x20,0x20,0x20,0x20,0x20,0x20,
  0x20,0x76,0x69,0x73,0x69,0x62,0x6c,0x65,0x3a,0x20,0x66,0x61,0x6c,0x73,0x65,0xd,
  0xa,0x20,0x20,0x20,0x20,0x7d,0xd,0xa,0xd,0xa,0x20,0x20,0x20,0x20,0x6c,0x61,
  0x79,0x65,0x72,0x2e,0x65,0x66,0x66,0x65,0x63,0x74,0x3a,0x20,0x4d,0x75,0x6c,0x74,
  0x69,0x45,0x66,0x66,0x65,0x63,0x74,0x20,0x7b,0xd,0xa,0x20,0x20,0x20,0x20,0x20,
  0x20,0x20,0x20,0x6d,0x61,0x73,0x6b,0x45,0x6e,0x61,0x62,0x6c,0x65,0x64,0x3a,0x20,
  0x74,0x72,0x75,0x65,0xd,0xa,0x20,0x20,0x20,0x20,0x20,0x20,0x20,0x20,0x6d,0x61,
  0x73,0x6b,0x53,0x6f,0x75,0x72,0x63,0x65,0x3a,0x20,0x6d,0x61,0x73,0x6b,0x52,0x65,
  0x63,0x74,0xd,0xa,0x20,0x20,0x20,0x20,0x7d,0xd,0xa,0xd,0xa,0x7d,0xd,0xa,
  
    // RegisterPage.qml
  0x0,0x0,0x8,0x7c,
  0x0,
  0x0,0x22,0x48,0x78,0xda,0xed,0x19,0x6d,0x73,0x13,0xc7,0xf9,0x3b,0x33,0xfc,0x87,
  0xf5,0xb5,0x93,0x91,0x1a,0x73,0x92,0xfc,0x86,0x51,0xea,0x14,0x6a,0xc,0x76,0x27,
  0xe,0xc6,0x76,0x68,0x3b,0x9,0xd1,0x9c,0x75,0x2b,0x69,0xc3,0xe9,0x56,0xd9,0xdb,
  0xc3,0x98,0x8e,0x67,0x2,0x6d,0x19,0x92,0x71,0xa,0x21,0xd0,0x4c,0x26,0x9,0x94,
  0x36,0x34,0x4c,0x3f,0xd8,0xd0,0x74,0x60,0xda,0xbc,0xfd,0x99,0x4a,0x96,0x3f,0xf5,
  0x2f,0xf4,0xd9,0xdd,0x93,0xee,0xfd,0x24,0x3b,0xee,0x4c,0x3f,0x64,0x6d,0xb0,0xb4,
  0xfb,0xec,0xf3,0xb6,0xcf,0xeb,0x2e,0x69,0xb6,0x28,0xe3,0xe8,0x3c,0x3f,0xef,0x92,
  0xea,0xa5,0xa3,0x47,0x48,0xe8,0xbb,0x3e,0x4b,0x6d,0xce,0xa8,0xe5,0xc4,0x16,0x5e,
  0x31,0x36,0xa8,0xcb,0x9d,0xd4,0xd,0xfa,0xa2,0xc1,0x31,0x23,0x86,0xd5,0x87,0x68,
  0x70,0xde,0x6a,0xd6,0x59,0xff,0x7b,0xdd,0xa2,0x6b,0x62,0xb9,0xf0,0x93,0x43,0x1d,
  0x47,0x8f,0x20,0xf9,0xf,0x9d,0xac,0x11,0xb,0x23,0x35,0x96,0x71,0x9d,0x38,0xc0,
  0xcf,0x92,0x51,0xc7,0xfa,0xdb,0x4d,0x4b,0x2,0x84,0x46,0xe7,0xcb,0xc7,0xed,0x1b,
  0x5b,0xbb,0xf7,0xb6,0xf6,0x3e,0xfb,0xb3,0xda,0x6e,0xb8,0xbc,0x41,0x99,0x5c,0xbc,
  0xe2,0x52,0x76,0x55,0xcd,0x9a,0x20,0x96,0xb7,0x65,0xac,0x38,0x36,0x59,0x28,0x8e,
  0x17,0x4a,0xe3,0x6a,0xa9,0x1,0x24,0x28,0xdb,0x10,0x5f,0xe,0x73,0x14,0x8e,0x1e,
  0x59,0xc6,0x55,0x6e,0xd8,0x75,0xb,0xff,0x6,0x90,0xc3,0x20,0x66,0x19,0xb1,0x80,
  0x48,0x6a,0x76,0x9d,0x98,0xbc,0x51,0x46,0x63,0xd3,0x45,0xf5,0xbd,0x81,0x49,0xbd,
  0xc1,0xcb,0x68,0x7c,0xd2,0x9b,0xa8,0x52,0x8b,0xb2,0x32,0xd2,0x7e,0x54,0x9b,0x14,
  0x3f,0x9a,0x9a,0x6d,0x31,0xda,0xc2,0x8c,0x6f,0xa0,0xcb,0x6,0x43,0x95,0x86,0x61,
  0x9b,0x16,0x66,0x4e,0x19,0xd9,0x78,0x1d,0x2d,0x1a,0xad,0x5c,0x5e,0x81,0x39,0xa4,
  0x6e,0x1b,0x16,0x72,0xd6,0x9,0xaf,0x36,0x5e,0xa1,0x75,0x62,0xab,0x79,0x38,0x70,
  0x1b,0xd8,0x23,0xd4,0x76,0x90,0xc7,0x9e,0x18,0xdc,0x60,0x75,0xc,0xc4,0xe7,0xe1,
  0xd4,0x17,0xc5,0xa9,0xf7,0x16,0x6a,0xae,0x2d,0xa1,0x11,0xb5,0x57,0x48,0xbd,0x2,
  0x62,0x54,0x9a,0xd4,0xac,0xd4,0x88,0x4d,0x9c,0x46,0x8e,0x98,0xa3,0x20,0x99,0x33,
  0x8a,0x30,0x63,0xf9,0x20,0x3e,0xc5,0xbf,0xed,0x50,0xb,0xeb,0x16,0xad,0xe7,0x34,
  0x62,0x22,0xe2,0x20,0x6d,0x14,0x94,0x91,0xcf,0x0,0x3,0x64,0x1e,0x1c,0x7c,0xca,
  0x2,0x4,0x82,0x1e,0xa0,0x20,0x1d,0x6,0x24,0xb5,0x9c,0x58,0x1e,0x99,0x99,0x41,
  0x67,0xa5,0xd5,0xea,0x2b,0xaf,0xcd,0xce,0xce,0xad,0xac,0xc4,0x58,0x8c,0xa1,0xdd,
  0xfd,0xe6,0x83,0xdd,0xaf,0x3e,0xed,0xee,0x3c,0xef,0x3c,0xbd,0xbe,0x77,0xf7,0xe3,
  0xee,0xce,0x8e,0x96,0x8f,0x6f,0x61,0x98,0xbb,0xcc,0xe,0xcf,0x6f,0x1e,0x3d,0x12,
  0x9e,0xe8,0x9f,0x8d,0xe,0x9a,0x5,0x4d,0xe5,0x73,0x4a,0x24,0x1f,0x6a,0x53,0x7d,
  0x94,0x3b,0x7b,0xf3,0xb3,0xd4,0x72,0x9b,0x76,0x90,0x4f,0xc3,0xae,0x82,0x61,0x3b,
  0x3a,0xf8,0x87,0x55,0x46,0x2d,0x83,0x61,0x9b,0xfb,0xab,0x4e,0xcb,0xa8,0x12,0xbb,
  0x5e,0x46,0xa5,0xc9,0xf8,0x96,0x26,0x9c,0x2a,0xb1,0xc1,0x38,0xc6,0x8b,0x41,0xba,
  0x85,0x2,0xda,0xbb,0xbe,0xbd,0xbb,0xfd,0xb4,0xfb,0xed,0x87,0xed,0xdf,0x3f,0xea,
  0x3c,0xbc,0xe1,0xaf,0xfd,0x6a,0x15,0x5f,0xe1,0xb,0x76,0xcb,0xe5,0x51,0x5d,0x9,
  0x2b,0xc6,0x4d,0x83,0x58,0x72,0x35,0xbc,0xd6,0x20,0x36,0x18,0x8f,0x6,0x7a,0x53,
  0x28,0x15,0x7a,0x2d,0x24,0x6a,0x84,0x83,0xdd,0xbb,0x8f,0x3b,0x37,0x9f,0xb7,0x6f,
  0xbf,0xbf,0x6f,0x26,0x5c,0x7,0x33,0xdb,0x68,0xe2,0x21,0xf8,0xe8,0x13,0x89,0xb2,
  0x12,0x60,0xa4,0xbd,0x73,0x63,0xf7,0x4f,0xd7,0xf6,0xcd,0x45,0xcb,0x70,0x9c,0x75,
  0xca,0xcc,0x21,0xb8,0x50,0x14,0xb4,0x30,0x10,0x86,0x23,0x5a,0xa4,0x26,0x2e,0xa3,
  0x3e,0x19,0x7d,0xc9,0xc3,0x99,0xce,0xec,0xee,0xc3,0xed,0xee,0xf6,0xe7,0x7,0x64,
  0x19,0x2c,0xbd,0x46,0x58,0x73,0x69,0x18,0xce,0x83,0x84,0xe,0x83,0xf3,0xbd,0xbf,
  0x6d,0x75,0x77,0xae,0x1,0xb2,0xf6,0xd6,0xbf,0xda,0xf,0x1e,0xf8,0x4b,0xcb,0x74,
  0x5d,0x25,0xa7,0x28,0xc7,0x5e,0x7c,0x54,0x6,0xaf,0xcb,0x6f,0xe8,0x18,0x1a,0x9f,
  0x88,0x70,0xdc,0x8b,0x9a,0xc5,0xf0,0xbc,0xef,0x17,0x91,0x85,0x9e,0x6f,0xc0,0x7f,
  0xe4,0x2a,0x64,0x3f,0xc3,0x9a,0x5,0xfc,0x98,0xf5,0x29,0x45,0x17,0xa2,0x7e,0x2d,
  0x84,0x3e,0x43,0xb0,0x65,0x26,0x5,0x13,0xa5,0x66,0x33,0xc9,0x36,0xc5,0x50,0x92,
  0xea,0x2d,0x86,0x6b,0x10,0xa1,0xb0,0x39,0x9f,0xc2,0x7d,0x0,0x56,0xb8,0xfd,0x2f,
  0x95,0x2a,0x38,0x73,0x71,0x1c,0xae,0x9f,0x10,0x1c,0xce,0x40,0xe2,0xb8,0x2f,0xf6,
  0x34,0xaf,0xc5,0xf7,0x5a,0xb8,0xc6,0x97,0xc,0xd3,0x4c,0xd4,0x54,0x4f,0xd8,0x24,
  0x39,0x7,0x7,0xa6,0xe0,0xe0,0x80,0x25,0xa0,0x17,0x5d,0xb0,0x98,0xc,0x19,0x62,
  0x68,0xac,0x18,0xd5,0xbd,0x1f,0xb3,0xbd,0xd4,0x78,0x42,0xe,0x2d,0x19,0xea,0x32,
  0xa8,0x85,0x54,0xd,0xeb,0x94,0x5,0xc9,0xb0,0x89,0x85,0x5a,0x84,0x3c,0xba,0xfc,
  0x7e,0xa1,0x77,0xba,0x89,0x3b,0x89,0x43,0xd6,0x2c,0xb0,0xf0,0x11,0x9f,0x69,0x21,
  0x4,0x7a,0xe1,0x85,0xe0,0x94,0x1,0xa9,0xf1,0x32,0x3e,0x43,0xab,0xae,0x13,0xc7,
  0xb3,0x19,0x9f,0x5a,0x33,0xaa,0x97,0xea,0x8c,0xba,0x36,0x58,0x49,0xbf,0x48,0x48,
  0x53,0x2f,0x33,0x4c,0xe2,0x42,0xec,0x9e,0x48,0x5e,0x5e,0x3,0x6f,0xc3,0x4c,0xf7,
  0xbc,0xa4,0x94,0x9,0xe4,0xa9,0xcb,0x67,0xbc,0x26,0x58,0x46,0x3f,0x3,0x5,0x8e,
  0x95,0x4e,0x4c,0x9d,0x19,0xd7,0x90,0x50,0x26,0x2e,0x8a,0x1f,0x6d,0xa0,0x28,0xb1,
  0x54,0xf7,0x73,0x97,0x73,0x6a,0xa7,0xf9,0x83,0x83,0x6d,0x73,0x16,0x48,0x2b,0xa8,
  0xc1,0x4e,0xe1,0x59,0xfb,0x74,0xf1,0xfb,0xf9,0x8f,0x32,0x3a,0x26,0x52,0x96,0xd,
  0xe6,0xb4,0x4a,0x9a,0x18,0xbd,0x8c,0x8a,0x20,0x75,0x78,0xee,0x45,0xa4,0xed,0x7e,
  0x71,0x47,0x6a,0xa0,0x7d,0xeb,0x83,0xbd,0x77,0xae,0x65,0x39,0x4c,0xcd,0x32,0x78,
  0x9a,0x23,0x62,0xdb,0x0,0x9b,0x31,0xa3,0x34,0x67,0xa0,0xc,0x29,0xfe,0xdf,0xd9,
  0x42,0xf8,0x50,0x74,0x8f,0x77,0x69,0x12,0xa5,0x13,0xd3,0xc7,0x27,0x27,0x94,0x49,
  0x54,0xe5,0xd0,0x32,0xbd,0x30,0x85,0x67,0x55,0x89,0xa1,0xdc,0x48,0x32,0xa9,0xbc,
  0x57,0x45,0xd,0x22,0xe2,0xd7,0x5b,0x51,0x9e,0x1b,0x14,0x1c,0xbc,0xc7,0xf3,0xe4,
  0xf1,0xf1,0x89,0xe3,0x8a,0x67,0x8f,0xff,0x64,0x74,0x9b,0x43,0x39,0x2a,0x64,0x4a,
  0xe,0xe1,0x61,0x81,0xe3,0x66,0x39,0x33,0x6,0x2a,0x23,0x8b,0x30,0x26,0x26,0xb3,
  0xe3,0xd6,0x7a,0x83,0x70,0x9c,0xc2,0xa1,0x9f,0x7f,0x12,0xe3,0xd6,0x7c,0x66,0xdc,
  0x3a,0x70,0xc4,0xab,0x1,0x45,0xbd,0x45,0xae,0x60,0x6b,0x85,0x5c,0x85,0xc0,0x57,
  0x1a,0x4b,0x54,0x54,0x46,0xfa,0x81,0x98,0x1e,0xb6,0xfc,0x72,0x92,0xd9,0x8b,0x5,
  0x96,0xa6,0x4d,0x95,0x3d,0x5d,0x9b,0x9b,0x74,0xdd,0x96,0x90,0x29,0x70,0x42,0x8e,
  0xcb,0x86,0x25,0x72,0x56,0xb1,0x98,0xe2,0x32,0xb8,0x85,0xd3,0x7d,0x55,0xc,0x6a,
  0xaf,0x32,0x52,0xaf,0xb,0x1b,0xca,0x34,0xe2,0xc8,0xe9,0x86,0x64,0x3c,0x76,0x2c,
  0xdb,0xf8,0xb3,0xf6,0xa2,0x9f,0x42,0x60,0xc8,0x67,0x51,0x96,0xd4,0x39,0xed,0x37,
  0x75,0x43,0x1a,0x74,0xba,0x9d,0xc7,0x27,0xa9,0x3d,0x6b,0x91,0xea,0xa5,0xc,0x15,
  0xf4,0x3b,0x40,0xe2,0x5c,0x30,0x2c,0x62,0xce,0x89,0x1e,0x20,0x27,0x3b,0x81,0x4c,
  0xe6,0x45,0x7f,0x2a,0xa1,0xa0,0x9b,0xc7,0x57,0xd0,0xc,0x2a,0xbc,0xf9,0xfa,0x9b,
  0x6f,0x38,0x27,0x2f,0xbe,0x78,0xd2,0xfb,0xfb,0x86,0xee,0x7d,0xf8,0x71,0x61,0xa0,
  0xef,0xfb,0x98,0xc0,0xbd,0x1c,0xee,0xd1,0x4f,0x95,0x3d,0xc5,0x6e,0x6a,0xb9,0x91,
  0xb8,0x14,0x7e,0x7a,0xcf,0xa7,0x20,0xcc,0x90,0x32,0xd4,0x3d,0xaa,0xb6,0x27,0xbd,
  0x6f,0xcc,0xea,0x1f,0x7,0x9c,0xa7,0xd0,0xe6,0x5b,0xe,0xb5,0x2b,0x74,0xed,0x2d,
  0xd0,0x65,0x6,0x47,0x9a,0x14,0x4a,0xb,0x36,0x6b,0x19,0x11,0x29,0x85,0x9c,0x77,
  0xf,0xa0,0x2f,0x51,0x87,0x8b,0xcf,0xcb,0xf8,0xed,0x9c,0x26,0xae,0x84,0xca,0x85,
  0x42,0xe9,0xc4,0x98,0x5e,0x9a,0x9a,0xd6,0x27,0xa7,0xf4,0x52,0xb1,0x54,0x9e,0x2e,
  0x4e,0x17,0xb,0xd0,0xe2,0x56,0x80,0x45,0x52,0xdb,0x10,0x45,0x6,0x74,0xe5,0x3d,
  0x5e,0x47,0x7b,0x2d,0xf8,0xc2,0xe9,0xca,0xd9,0xb9,0xd5,0xca,0x85,0x53,0xcb,0xb,
  0x67,0x7e,0x5d,0x99,0x3d,0x77,0x7a,0xae,0xbf,0xb4,0x3c,0x77,0x76,0x61,0x65,0x75,
  0x6e,0x79,0xf1,0xdc,0xe9,0x7c,0xda,0xd1,0x89,0x46,0xed,0xf6,0x4e,0xfb,0xbd,0xc7,
  0xed,0x77,0xee,0x74,0xb7,0x1f,0x76,0x3e,0x7a,0x96,0xe6,0xf6,0xa1,0xdc,0x8b,0xa6,
  0x8a,0x69,0x91,0x38,0x18,0x66,0x74,0x87,0x1b,0x8c,0x27,0xb9,0x59,0xbc,0xf4,0x49,
  0x6b,0xcd,0xd4,0x95,0x54,0x67,0xeb,0xdd,0xbd,0x3b,0xdb,0xfe,0x42,0x72,0x69,0x14,
  0xbc,0x11,0x4a,0x2a,0x8b,0x54,0x5a,0xd1,0x0,0x25,0x2,0x9c,0xda,0x30,0x8d,0xd1,
  0x44,0x31,0xa5,0x31,0x9a,0xfc,0xde,0xfd,0xcf,0x30,0x5,0xd0,0xd0,0xe5,0x4c,0x46,
  0x29,0x33,0xb0,0x8c,0x9,0x97,0x30,0x19,0x99,0xde,0x83,0x8,0xab,0x78,0x7f,0x5,
  0xc3,0x66,0xec,0xf2,0x69,0x70,0x45,0xd0,0x2b,0x39,0x43,0x54,0x93,0x7d,0x6f,0x50,
  0x25,0x70,0xd0,0x2a,0xe0,0x60,0x15,0x40,0x2c,0xfb,0x4f,0x65,0x2a,0x23,0x3b,0x69,
  0x58,0x98,0x4b,0xf7,0x3f,0x97,0x15,0xa9,0x34,0x71,0x8b,0xa3,0x45,0x2e,0x73,0xa4,
  0xae,0x46,0x53,0x36,0xa4,0x84,0xb5,0x34,0x70,0x79,0x3f,0x63,0x6a,0x91,0x8b,0x9a,
  0xcc,0x2d,0xde,0xfd,0x88,0x96,0x7c,0x53,0x92,0xb9,0x35,0x10,0xfb,0xca,0xe1,0x96,
  0x71,0xc8,0x3c,0xbc,0xdf,0x80,0x2b,0xf4,0x56,0xe9,0x59,0x9a,0x36,0x9a,0x5d,0x43,
  0xf4,0x86,0x77,0x2a,0x43,0x42,0xfb,0x81,0x1b,0x2,0x74,0xe5,0xb5,0x95,0xb9,0xe5,
  0xfd,0x6d,0xc,0x84,0xf5,0xe1,0xf6,0xe5,0x7,0x5c,0xce,0xf6,0xc5,0x8d,0x65,0x89,
  0x8c,0xb0,0xdc,0xfd,0xee,0x6e,0xfb,0x93,0xfb,0xbb,0x1f,0x7f,0xd5,0xfe,0xe6,0x9e,
  0xbf,0x90,0xe4,0xc1,0x22,0x28,0x8b,0x30,0xb6,0x4a,0xe5,0x7d,0xf9,0x6a,0xec,0xf0,
  0xbc,0xa8,0x1c,0xc4,0xa8,0x45,0xa3,0x84,0xf4,0xea,0x0,0x96,0x53,0xc,0x1b,0xba,
  0x8,0x1e,0x90,0x95,0x9c,0x45,0xa,0xc7,0x26,0xc3,0xcf,0x94,0x1c,0x2a,0xfc,0x24,
  0xde,0x61,0xc4,0x3c,0x72,0xe2,0x90,0xaf,0xb1,0x24,0x2f,0x82,0xbb,0xb4,0xb6,0x3d,
  0x22,0x44,0x1c,0x68,0xb8,0xfb,0x1f,0x19,0x74,0xe7,0x7a,0xad,0x71,0x72,0x35,0x5e,
  0x75,0x99,0x43,0xd9,0x4a,0xc3,0x68,0x81,0xa4,0xe7,0x39,0x38,0x1,0x54,0xf8,0x90,
  0xc3,0xe7,0xd,0xa8,0x9e,0xe5,0x5a,0x66,0xe1,0x1a,0x7c,0x5b,0xd1,0x3,0x2f,0x1e,
  0xd1,0x7c,0xbe,0x99,0x7c,0xf5,0xae,0xae,0xdd,0x9b,0x2d,0x6a,0xb,0xbd,0x1,0x5e,
  0xf8,0xc,0x31,0x2c,0x12,0xdd,0xa0,0xa8,0x90,0x8e,0x39,0xef,0xdd,0xea,0xf7,0x90,
  0x7b,0x98,0xfc,0x2a,0x39,0x6,0x17,0xc4,0x52,0x28,0x74,0xff,0xf0,0xbc,0x7d,0xeb,
  0x8f,0xfe,0x75,0xe8,0x27,0xf7,0xbb,0x4f,0x7e,0xeb,0x3,0xf8,0xaf,0x6,0xe,0xe6,
  0xb9,0x8c,0xda,0x49,0xbe,0x26,0xcc,0xbc,0x1c,0x39,0xbc,0x40,0xec,0x7d,0x29,0x62,
  0xbc,0x6c,0x23,0xe9,0xa4,0x45,0x5d,0xf5,0xe4,0xb3,0xee,0xce,0xbd,0xee,0x17,0x7f,
  0xe9,0xdc,0xbf,0x8d,0x7e,0xb1,0x72,0xee,0xd5,0x38,0x94,0x1f,0xce,0xc5,0xba,0xe,
  0x67,0xed,0x60,0xc9,0x40,0x84,0xc8,0x26,0xaa,0x1a,0xa0,0x7d,0x94,0xc3,0xf9,0x34,
  0x62,0x7f,0xbd,0xde,0xb9,0xff,0xa9,0x22,0xd6,0xfe,0xfc,0x69,0xf7,0x1f,0x8f,0xfe,
  0xf3,0xf5,0x56,0xe7,0xdd,0xf,0xdb,0xef,0x3f,0x51,0x75,0xf3,0xbf,0xbf,0x7b,0xd8,
  0xb9,0xb6,0xd3,0xfe,0xe7,0x33,0xe5,0x66,0xe9,0x21,0x1,0x33,0x46,0x59,0x4e,0x13,
  0xc,0xa1,0x20,0xbe,0xb2,0x78,0x13,0xd2,0x9b,0xd8,0x71,0xc0,0x1c,0xa2,0xc,0xfa,
  0xd5,0xf7,0x4b,0x83,0xd2,0xbd,0xc3,0x91,0x24,0x1,0x42,0xbf,0xea,0x36,0xd7,0x30,
  0xcb,0x79,0x5a,0x78,0x5d,0x93,0xf3,0xda,0xc5,0xc4,0x67,0x27,0x2a,0x1e,0x9e,0xa2,
  0xef,0x4e,0xff,0xd3,0x67,0xa7,0x4,0xbe,0x45,0x8a,0x4,0xbe,0x57,0xe4,0x8d,0x70,
  0x80,0x6f,0x99,0x42,0x2f,0x66,0xbd,0xab,0xf9,0x86,0xf9,0xfc,0xef,0xea,0x3a,0xac,
  0x7d,0xf3,0x89,0xea,0x6b,0xc4,0x41,0x7d,0xf9,0xb8,0xf3,0xbb,0x5b,0x9d,0x7,0x8f,
  0x3a,0x77,0x9f,0x69,0x99,0xcf,0x73,0x92,0x3,0xef,0x81,0x2e,0xd2,0xaa,0x6d,0xe6,
  0xc3,0x21,0xda,0x2b,0x9c,0x3f,0x7a,0x36,0xac,0x2f,0xf4,0xd3,0xd1,0xf,0x4e,0xf0,
  0x83,0x13,0x1c,0xa2,0x13,0x70,0xe4,0x12,0x13,0xcd,0x44,0x5,0x85,0x49,0x9,0x9e,
  0x61,0xee,0xea,0x9d,0xd1,0x33,0xe4,0x9b,0xb7,0xdb,0xef,0x3d,0x18,0x39,0xb0,0x7b,
  0xc4,0x80,0x45,0xa9,0x87,0x5c,0xb7,0xff,0x82,0xee,0xc6,0x9e,0xd0,0x87,0x49,0x80,
  0x9b,0x7e,0xbe,0x82,0xdf,0xff,0x2,0x1b,0xef,0x33,0x3,
    // ChatItem.qml
  0x0,0x0,0xa,0xd2,
  0x69,
  0x6d,0x70,0x6f,0x72,0x74,0x20,0x51,0x74,0x51,0x75,0x69,0x63,0x6b,0xd,0xa,0x69,
  0x6d,0x70,0x6f,0x72,0x74,0x20,0x51,0x74,0x51,0x75,0x69,0x63,0x6b,0x2e,0x43,0x6f,
  0x6e,0x74,0x72,0x6f,0x6c,0x73,0xd,0xa,0x69,0x6d,0x70,0x6f,0x72,0x74,0x20,0x51,
  0x74,0x51,0x75,0x69,0x63,0x6b,0x2e,0x4c,0x61,0x79,0x6f,0x75,0x74,0x73,0xd,0xa,
  0x2f,0x2a,0x2a,0x2a,0x2a,0x2a,0x2a,0x2a,0x2a,0x2a,0x2a,0x2a,0x2a,0x2a,0x2a,0x2a,
  0x2a,0x2a,0x2a,0x2a,0x2a,0x2a,0x2a,0x2a,0x2a,0x2a,0x2a,0x2a,0x2a,0x2a,0x2a,0x2a,
  0x2a,0x2a,0x2a,0x2a,0x2a,0x2a,0x2a,0x2a,0x2a,0x2a,0x2a,0x2a,0x2a,0x2a,0x2a,0x2a,
  0x2a,0x2a,0x2a,0x2a,0x2a,0x2a,0x2a,0x2a,0x2a,0x2a,0x2a,0x2a,0x2a,0x2a,0x2a,0x2a,
  0x2a,0x2a,0x2a,0x2a,0x2a,0x2a,0x2a,0x2a,0x2a,0x2a,0x2a,0x2a,0x2a,0x2a,0x2a,0xd,
  0xa,0x20,0x2a,0xd,0xa,0x20,0x2a,0x20,0x40,0x66,0x69,0x6c,0x65,0x20,0x20,0x20,
  0x20,0x20,0x20,0x20,0x43,0x68,0x61,0x74,0x49,0x74,0x65,0x6d,0x2e,0x71,0x6d,0x6c,
  0xd,0xa,0x20,0x2a,0x20,0x20,0x20,0x20,0x20,0x20,0x20,0x20,0x20,0x20,0x20,0x20,
  0x20,0xe8,0x81,0x8a,0xe5,0xa4,0xa9,0xe5,0x88,0x97,0xe8,0xa1,0xa8,0xe9,0xa1,0xb9,
  0xd,0xa,0x20,0x2a,0x20,0x40,0x61,0x75,0x74,0x68,0x6f,0x72,0x20,0x20,0x20,0x20,
  0x20,0x78,0x75,0x6f,0x72,0x7a,0xd,0xa,0x20,0x2a,0x20,0x40,0x64,0x61,0x74,0x65,
  0x20,0x20,0x20,0x20,0x20,0x20,0x20,0x32,0x30,0x32,0x35,0x2f,0x30,0x33,0x2f,0x31,
  0x37,0xd,0xa,0x20,0x2a,0x20,0x40,0x68,0x69,0x73,0x74,0x6f,0x72,0x79,0xd,0xa,
  0x20,0x2a,0x2a,0x2a,0x2a,0x2a,0x2a,0x2a,0x2a,0x2a,0x2a,0x2a,0x2a,0x2a,0x2a,0x2a,
  0x2a,0x2a,0x2a,0x2a,0x2a,0x2a,0x2a,0x2a,0x2a,0x2a,0x2a,0x2a,0x2a,0x2a,0x2a,0x2a,
  0x2a,0x2a,0x2a,0x2a,0x2a,0x2a,0x2a,0x2a,0x2a,0x2a,0x2a,0x2a,0x2a,0x2a,0x2a,0x2a,
  0x2a,0x2a,0x2a,0x2a,0x2a,0x2a,0x2a,0x2a,0x2a,0x2a,0x2a,0x2a,0x2a,0x2a,0x2a,0x2a,
  0x2a,0x2a,0x2a,0x2a,0x2a,0x2a,0x2a,0x2a,0x2a,0x2a,0x2a,0x2a,0x2a,0x2a,0x2f,0xd,
  0xa,0x52,0x65,0x63,0x74,0x61,0x6e,0x67,0x6c,0x65,0x20,0x7b,0xd,0xa,0x20,0x20,
  0x20,0x20,0x69,0x64,0x3a,0x63,0x68,0x61,0x74,0x4c,0x69,0x73,0x74,0x44,0x65,0x6c,
  0x65,0x67,0x61,0x74,0x65,0xd,0xa,0xd,0xa,0x20,0x20,0x20,0x20,0x70,0x72,0x6f,
  0x70,0x65,0x72,0x74,0x79,0x20,0x62,0x6f,0x6f,0x6c,0x20,0x69,0x73,0x41,0x63,0x74,
  0x69,0x76,0x65,0x3a,0x20,0x66,0x61,0x6c,0x73,0x65,0xd,0xa,0xd,0xa,0xd,0xa,
  0x20,0x20,0x20,0x20,0x2f,0x2f,0x20,0xe6,0xb7,0xbb,0xe5,0x8a,0xa0,0xe7,0x82,0xb9,
  0xe5,0x87,0xbb,0xe4,0xbf,0xa1,0xe5,0x8f,0xb7,0xd,0xa,0x20,0x20,0x20,0x20,0x73,
  0x69,0x67,0x6e,0x61,0x6c,0x20,0x63,0x6c,0x69,0x63,0x6b,0x65,0x64,0x28,0x29,0xd,
  0xa,0xd,0xa,0x20,0x20,0x20,0x20,0x73,0x69,0x67,0x6e,0x61,0x6c,0x20,0x6d,0x6f,
  0x76,0x65,0x54,0x6f,0x70,0x28,0x29,0xd,0xa,0x20,0x20,0x20,0x20,0x73,0x69,0x67,
  0x6e,0x61,0x6c,0x20,0x72,0x65,0x6d,0x6f,0x76,0x65,0x28,0x29,0xd,0xa,0x20,0x20,
  0x20,0x20,0x77,0x69,0x64,0x74,0x68,0x3a,0x20,0x70,0x61,0x72,0x65,0x6e,0x74,0x2e,
  0x77,0x69,0x64,0x74,0x68,0xd,0xa,0x20,0x20,0x20,0x20,0x68,0x65,0x69,0x67,0x68,
  0x74,0x3a,0x20,0x36,0x30,0xd,0xa,0x20,0x20,0x20,0x20,0x63,0x6f,0x6c,0x6f,0x72,
  0x3a,0x20,0x69,0x73,0x41,0x63,0x74,0x69,0x76,0x65,0x20,0x3f,0x20,0x22,0x23,0x43,
  0x38,0x43,0x37,0x43,0x36,0x22,0x20,0x3a,0x20,0x28,0x6d,0x6f,0x75,0x73,0x65,0x41,
  0x72,0x65,0x61,0x2e,0x63,0x6f,0x6e,0x74,0x61,0x69,0x6e,0x73,0x4d,0x6f,0x75,0x73,
  0x65,0x20,0x3f,0x20,0x22,0x23,0x44,0x45,0x44,0x43,0x44,0x41,0x22,0x20,0x3a,0x20,
  0x22,0x23,0x45,0x35,0x45,0x34,0x45,0x34,0x22,0x29,0xd,0xa,0xd,0xa,0x20,0x20,
  0x20,0x20,0x52,0x6f,0x77,0x20,0x7b,0xd,0xa,0x20,0x20,0x20,0x20,0x20,0x20,0x20,
  0x20,0x77,0x69,0x64,0x74,0x68,0x3a,0x20,0x70,0x61,0x72,0x65,0x6e,0x74,0x2e,0x77,
  0x69,0x64,0x74,0x68,0xd,0xa,0x20,0x20,0x20,0x20,0x20,0x20,0x20,0x20,0x68,0x65,
  0x69,0x67,0x68,0x74,0x3a,0x20,0x70,0x61,0x72,0x65,0x6e,0x74,0x2e,0x68,0x65,0x69,
  0x67,0x68,0x74,0xd,0xa,0x20,0x20,0x20,0x20,0x20,0x20,0x20,0x20,0x73,0x70,0x61,
  0x63,0x69,0x6e,0x67,0x3a,0x20,0x31,0x32,0xd,0xa,0x20,0x20,0x20,0x20,0x20,0x20,
  0x20,0x20,0x70,0x61,0x64,0x64,0x69,0x6e,0x67,0x3a,0x20,0x31,0x30,0xd,0xa,0xd,
  0xa,0x20,0x20,0x20,0x20,0x20,0x20,0x20,0x20,0x2f,0x2f,0x20,0xe5,0xa4,0xb4,0xe5,
  0x83,0x8f,0xd,0xa,0x20,0x20,0x20,0x20,0x20,0x20,0x20,0x20,0x49,0x6d,0x61,0x67,
  0x65,0x20,0x7b,0xd,0xa,0x20,0x20,0x20,0x20,0x20,0x20,0x20,0x20,0x20,0x20,0x20,
  0x20,0x77,0x69,0x64,0x74,0x68,0x3a,0x20,0x34,0x30,0xd,0xa,0x20,0x20,0x20,0x20,
  0x20,0x20,0x20,0x20,0x20,0x20,0x20,0x20,0x68,0x65,0x69,0x67,0x68,0x74,0x3a,0x20,
  0x77,0x69,0x64,0x74,0x68,0xd,0xa,0x20,0x20,0x20,0x20,0x20,0x20,0x20,0x20,0x20,
  0x20,0x20,0x20,0x73,0x6f,0x75,0x72,0x63,0x65,0x3a,0x20,0x6d,0x6f,0x64,0x65,0x6c,
  0x2e,0x61,0x76,0x61,0x74,0x61,0x72,0x20,0x7c,0x7c,0x20,0x22,0x22,0xd,0xa,0x20,
  0x20,0x20,0x20,0x20,0x20,0x20,0x20,0x20,0x20,0x20,0x20,0x61,0x6e,0x63,0x68,0x6f,
  0x72,0x73,0x2e,0x76,0x65,0x72,0x74,0x69,0x63,0x61,0x6c,0x43,0x65,0x6e,0x74,0x65,
  0x72,0x3a,0x20,0x70,0x61,0x72,0x65,0x6e,0x74,0x2e,0x76,0x65,0x72,0x74,0x69,0x63,
  0x61,0x6c,0x43,0x65,0x6e,0x74,0x65,0x72,0xd,0xa,0x20,0x20,0x20,0x20,0x20,0x20,
  0x20,0x20,0x7d,0xd,0xa,0xd,0xa,0x20,0x20,0x20,0x20,0x20,0x20,0x20,0x20,0x2f,
  0x2f,0x20,0xe4,0xb8,0xad,0xe9,0x97,0xb4,0xe7,0x9a,0x84,0xe5,0x90,0x8d,0xe7,0xa7,
  0xb0,0xe5,0x92,0x8c,0xe6,0xb6,0x88,0xe6,0x81,0xaf,0xd,0xa,0x20,0x20,0x20,0x20,
  0x20,0x20,0x20,0x20,0x43,0x6f,0x6c,0x75,0x6d,0x6e,0x20,0x7b,0xd,0xa,0x20,0x20,
  0x20,0x20,0x20,0x20,0x20,0x20,0x20,0x20,0x20,0x20,0x61,0x6e,0x63,0x68,0x6f,0x72,
  0x73,0x2e,0x76,0x65,0x72,0x74,0x69,0x63,0x61,0x6c,0x43,0x65,0x6e,0x74,0x65,0x72,
  0x3a,0x20,0x70,0x61,0x72,0x65,0x6e,0x74,0x2e,0x76,0x65,0x72,0x74,0x69,0x63,0x61,
  0x6c,0x43,0x65,0x6e,0x74,0x65,0x72,0xd,0xa,0x20,0x20,0x20,0x20,0x20,0x20,0x20,
  0x20,0x20,0x20,0x20,0x20,0x77,0x69,0x64,0x74,0x68,0x3a,0x20,0x70,0x61,0x72,0x65,
  0x6e,0x74,0x2e,0x77,0x69,0x64,0x74,0x68,0x20,0x2d,0x20,0x31,0x32,0x30,0x20,0x20,
  0x2f,0x2f,0x20,0xe7,0x95,0x99,0xe5,0x87,0xba,0xe5,0xa4,0xb4,0xe5,0x83,0x8f,0xe5,
  0x92,0x8c,0xe6,0x97,0xb6,0xe9,0x97,0xb4,0xe7,0x9a,0x84,0xe7,0xa9,0xba,0xe9,0x97,
  0xb4,0xd,0xa,0x20,0x20,0x20,0x20,0x20,0x20,0x20,0x20,0x20,0x20,0x20,0x20,0x73,
  0x70,0x61,0x63,0x69,0x6e,0x67,0x3a,0x20,0x34,0xd,0xa,0xd,0xa,0x20,0x20,0x20,
  0x20,0x20,0x20,0x20,0x20,0x20,0x20,0x20,0x20,0x54,0x65,0x78,0x74,0x20,0x7b,0xd,
  0xa,0x20,0x20,0x20,0x20,0x20,0x20,0x20,0x20,0x20,0x20,0x20,0x20,0x20,0x20,0x20,
  0x20,0x74,0x65,0x78,0x74,0x3a,0x20,0x6d,0x6f,0x64,0x65,0x6c,0x2e,0x6e,0x61,0x6d,
  0x65,0x20,0x7c,0x7c,0x20,0x22,0x22,0xd,0xa,0x20,0x20,0x20,0x20,0x20,0x20,0x20,
  0x20,0x20,0x20,0x20,0x20,0x20,0x20,0x20,0x20,0x66,0x6f,0x6e,0x74,0x2e,0x70,0x69,
  0x78,0x65,0x6c,0x53,0x69,0x7a,0x65,0x3a,0x20,0x31,0x36,0xd,0xa,0x20,0x20,0x20,
  0x20,0x20,0x20,0x20,0x20,0x20,0x20,0x20,0x20,0x20,0x20,0x20,0x20,0x63,0x6f,0x6c,
  0x6f,0x72,0x3a,0x20,0x22,0x23,0x30,0x30,0x30,0x30,0x30,0x30,0x22,0xd,0xa,0x20,
  0x20,0x20,0x20,0x20,0x20,0x20,0x20,0x20,0x20,0x20,0x20,0x20,0x20,0x20,0x20,0x65,
  0x6c,0x69,0x64,0x65,0x3a,0x20,0x54,0x65,0x78,0x74,0x2e,0x45,0x6c,0x69,0x64,0x65,
  0x52,0x69,0x67,0x68,0x74,0x20,0x20,0x2f,0x2f,0x20,0xe6,0x96,0x87,0xe6,0x9c,0xac,
  0xe8,0xbf,0x87,0xe9,0x95,0xbf,0xe6,0x97,0xb6,0xe6,0x98,0xbe,0xe7,0xa4,0xba,0xe7,
  0x9c,0x81,0xe7,0x95,0xa5,0xe5,0x8f,0xb7,0xd,0xa,0x20,0x20,0x20,0x20,0x20,0x20,
  0x20,0x20,0x20,0x20,0x20,0x20,0x20,0x20,0x20,0x20,0x77,0x69,0x64,0x74,0x68,0x3a,
  0x20,0x70,0x61,0x72,0x65,0x6e,0x74,0x2e,0x77,0x69,0x64,0x74,0x68,0xd,0xa,0x20,
  0x20,0x20,0x20,0x20,0x20,0x20,0x20,0x20,0x20,0x20,0x20,0x7d,0xd,0xa,0xd,0xa,
  0x20,0x20,0x20,0x20,0x20,0x20,0x20,0x20,0x20,0x20,0x20,0x20,0x54,0x65,0x78,0x74,
  0x20,0x7b,0xd,0xa,0x20,0x20,0x20,0x20,0x20,0x20,0x20,0x20,0x20,0x20,0x20,0x20,
  0x20,0x20,0x20,0x20,0x74,0x65,0x78,0x74,0x3a,0x20,0x6d,0x6f,0x64,0x65,0x6c,0x2e,
  0x6c,0x61,0x73,0x74,0x6d,0x65,0x73,0x73,0x61,0x67,0x65,0x20,0x7c,0x7c,0x20,0x22,
  0x22,0xd,0xa,0x20,0x20,0x20,0x20,0x20,0x20,0x20,0x20,0x20,0x20,0x20,0x20,0x20,
  0x20,0x20,0x20,0x66,0x6f,0x6e,0x74,0x2e,0x70,0x69,0x78,0x65,0x6c,0x53,0x69,0x7a,
  0x65,0x3a,0x20,0x31,0x34,0xd,0xa,0x20,0x20,0x20,0x20,0x20,0x20,0x20,0x20,0x20,
  0x20,0x20,0x20,0x20,0x20,0x20,0x20,0x63,0x6f,0x6c,0x6f,0x72,0x3a,0x20,0x22,0x23,
  0x36,0x36,0x36,0x36,0x36,0x36,0x22,0xd,0xa,0x20,0x20,0x20,0x20,0x20,0x20,0x20,
  0x20,0x20,0x20,0x20,0x20,0x20,0x20,0x20,0x20,0x65,0x6c,0x69,0x64,0x65,0x3a,0x20,
  0x54,0x65,0x78,0x74,0x2e,0x45,0x6c,0x69,0x64,0x65,0x52,0x69,0x67,0x68,0x74,0xd,
  0xa,0x20,0x20,0x20,0x20,0x20,0x20,0x20,0x20,0x20,0x20,0x20,0x20,0x20,0x20,0x20,
  0x20,0x77,0x69,0x64,0x74,0x68,0x3a,0x20,0x70,0x61,0x72,0x65,0x6e,0x74,0x2e,0x77,
  0x69,0x64,0x74,0x68,0xd,0xa,0x20,0x20,0x20,0x20,0x20,0x20,0x20,0x20,0x20,0x20,
  0x20,0x20,0x7d,0xd,0xa,0xd,0xa,0x20,0x20,0x20,0x20,0x20,0x20,0x20,0x20,0x7d,
  0xd,0xa,0xd,0xa,0xd,0xa,0x20,0x20,0x20,0x20,0x20,0x20,0x20,0x20,0x2f,0x2f,
  0x20,0xe6,0x97,0xb6,0xe9,0x97,0xb4,0xd,0xa,0x20,0x20,0x20,0x20,0x20,0x20,0x20,
  0x20,0x54,0x65,0x78,0x74,0x20,0x7b,0xd,0xa,0x20,0x20,0x20,0x20,0x20,0x20,0x20,
  0x20,0x20,0x20,0x20,0x20,0x74,0x65,0x78,0x74,0x3a,0x20,0x6d,0x6f,0x64,0x65,0x6c,
  0x2e,0x6c,0x61,0x73,0x74,0x74,0x69,0x6d,0x65,0x20,0x7c,0x7c,0x20,0x22,0x22,0xd,
  0xa,0x20,0x20,0x20,0x20,0x20,0x20,0x20,0x20,0x20,0x20,0x20,0x20,0x66,0x6f,0x6e,
  0x74,0x2e,0x70,0x69,0x78,0x65,0x6c,0x53,0x69,0x7a,0x65,0x3a,0x20,0x31,0x32,0xd,
  0xa,0x20,0x20,0x20,0x20,0x20,0x20,0x20,0x20,0x20,0x20,0x20,0x20,0x63,0x6f,0x6c,
  0x6f,0x72,0x3a,0x20,0x22,0x23,0x39,0x39,0x39,0x39,0x39,0x39,0x22,0xd,0xa,0x20,
  0x20,0x20,0x20,0x20,0x20,0x20,0x20,0x20,0x20,0x20,0x20,0x61,0x6e,0x63,0x68,0x6f,
  0x72,0x73,0x2e,0x74,0x6f,0x70,0x3a,0x20,0x70,0x61,0x72,0x65,0x6e,0x74,0x2e,0x74,
  0x6f,0x70,0xd,0xa,0x20,0x20,0x20,0x20,0x20,0x20,0x20,0x20,0x20,0x20,0x20,0x20,
  0x61,0x6e,0x63,0x68,0x6f,0x72,0x73,0x2e,0x74,0x6f,0x70,0x4d,0x61,0x72,0x67,0x69,
  0x6e,0x3a,0x20,0x70,0x61,0x72,0x65,0x6e,0x74,0x2e,0x70,0x61,0x64,0x64,0x69,0x6e,
  0x67,0xd,0xa,0x20,0x20,0x20,0x20,0x20,0x20,0x20,0x20,0x7d,0xd,0xa,0xd,0xa,
  0x20,0x20,0x20,0x20,0x7d,0xd,0xa,0xd,0xa,0x20,0x20,0x20,0x20,0x4d,0x6f,0x75,
  0x73,0x65,0x41,0x72,0x65,0x61,0x20,0x7b,0xd,0xa,0x20,0x20,0x20,0x20,0x20,0x20,
  0x20,0x20,0x69,0x64,0x3a,0x20,0x6d,0x6f,0x75,0x73,0x65,0x41,0x72,0x65,0x61,0xd,
  0xa,0x20,0x20,0x20,0x20,0x20,0x20,0x20,0x20,0x61,0x6e,0x63,0x68,0x6f,0x72,0x73,
  0x2e,0x66,0x69,0x6c,0x6c,0x3a,0x20,0x70,0x61,0x72,0x65,0x6e,0x74,0xd,0xa,0x20,
  0x20,0x20,0x20,0x20,0x20,0x20,0x20,0x68,0x6f,0x76,0x65,0x72,0x45,0x6e,0x61,0x62,
  0x6c,0x65,0x64,0x3a,0x20,0x74,0x72,0x75,0x65,0xd,0xa,0x20,0x20,0x20,0x20,0x20,
  0x20,0x20,0x20,0x61,0x63,0x63,0x65,0x70,0x74,0x65,0x64,0x42,0x75,0x74,0x74,0x6f,
  0x6e,0x73,0x3a,0x20,0x51,0x74,0x2e,0x4c,0x65,0x66,0x74,0x42,0x75,0x74,0x74,0x6f,
  0x6e,0x20,0x7c,0x20,0x51,0x74,0x2e,0x52,0x69,0x67,0x68,0x74,0x42,0x75,0x74,0x74,
  0x6f,0x6e,0xd,0xa,0x20,0x20,0x20,0x20,0x20,0x20,0x20,0x20,0x6f,0x6e,0x43,0x6c,
  0x69,0x63,0x6b,0x65,0x64,0x3a,0x20,0x66,0x75,0x6e,0x63,0x74,0x69,0x6f,0x6e,0x28,
  0x6d,0x6f,0x75,0x73,0x65,0x29,0x7b,0xd,0xa,0x20,0x20,0x20,0x20,0x20,0x20,0x20,
  0x20,0x20,0x20,0x20,0x20,0x69,0x66,0x28,0x6d,0x6f,0x75,0x73,0x65,0x2e,0x62,0x75,
  0x74,0x74,0x6f,0x6e,0x20,0x3d,0x3d,0x3d,0x20,0x51,0x74,0x2e,0x4c,0x65,0x66,0x74,
  0x42,0x75,0x74,0x74,0x6f,0x6e,0x29,0x20,0x7b,0xd,0xa,0x20,0x20,0x20,0x20,0x20,
  0x20,0x20,0x20,0x20,0x20,0x20,0x20,0x20,0x20,0x20,0x20,0x63,0x68,0x61,0x74,0x4c,
  0x69,0x73,0x74,0x44,0x65,0x6c,0x65,0x67,0x61,0x74,0x65,0x2e,0x63,0x6c,0x69,0x63,
  0x6b,0x65,0x64,0x28,0x29,0x20,0x20,0x2f,0x2f,0x20,0xe8,0xa7,0xa6,0xe5,0x8f,0x91,
  0xe7,0x82,0xb9,0xe5,0x87,0xbb,0xe4,0xbf,0xa1,0xe5,0x8f,0xb7,0xd,0xa,0x20,0x20,
  0x20,0x20,0x20,0x20,0x20,0x20,0x20,0x20,0x20,0x20,0x7d,0x20,0x65,0x6c,0x73,0x65,
  0x20,0x7b,0xd,0xa,0x20,0x20,0x20,0x20,0x20,0x20,0x20,0x20,0x20,0x20,0x20,0x20,
  0x20,0x20,0x20,0x20,0x63,0x6f,0x6e,0x74,0x65,0x78,0x74,0x4d,0x65,0x6e,0x75,0x2e,
  0x70,0x6f,0x70,0x75,0x70,0x28,0x29,0xd,0xa,0x20,0x20,0x20,0x20,0x20,0x20,0x20,
  0x20,0x20,0x20,0x20,0x20,0x7d,0xd,0xa,0xd,0xa,0x20,0x20,0x20,0x20,0x20,0x20,
  0x20,0x20,0x7d,0xd,0xa,0x20,0x20,0x20,0x20,0x20,0x20,0x20,0x20,0x4d,0x65,0x6e,
  0x75,0x20,0x7b,0xd,0xa,0x20,0x20,0x20,0x20,0x20,0x20,0x20,0x20,0x20,0x20,0x20,
  0x20,0x69,0x64,0x3a,0x20,0x63,0x6f,0x6e,0x74,0x65,0x78,0x74,0x4d,0x65,0x6e,0x75,
  0xd,0xa,0xd,0xa,0x20,0x20,0x20,0x20,0x20,0x20,0x20,0x20,0x20,0x20,0x20,0x20,
  0x4d,0x65,0x6e,0x75,0x49,0x74,0x65,0x6d,0x20,0x7b,0xd,0xa,0x20,0x20,0x20,0x20,
  0x20,0x20,0x20,0x20,0x20,0x20,0x20,0x20,0x20,0x20,0x20,0x20,0x74,0x65,0x78,0x74,
  0x3a,0x20,0x71,0x73,0x54,0x72,0x28,0x22,0xe7,0xbd,0xae,0xe9,0xa1,0xb6,0x22,0x29,
  0xd,0xa,0x20,0x20,0x20,0x20,0x20,0x20,0x20,0x20,0x20,0x20,0x20,0x20,0x20,0x20,
  0x20,0x20,0x6f,0x6e,0x54,0x72,0x69,0x67,0x67,0x65,0x72,0x65,0x64,0x3a,0x20,0x7b,
  0xd,0xa,0x20,0x20,0x20,0x20,0x20,0x20,0x20,0x20,0x20,0x20,0x20,0x20,0x20,0x20,
  0x20,0x20,0x20,0x20,0x20,0x20,0x63,0x68,0x61,0x74,0x49,0x74,0x65,0x6d,0x2e,0x6d,
  0x6f,0x76,0x65,0x54,0x6f,0x70,0x28,0x29,0xd,0xa,0x20,0x20,0x20,0x20,0x20,0x20,
  0x20,0x20,0x20,0x20,0x20,0x20,0x20,0x20,0x20,0x20,0x7d,0xd,0xa,0x20,0x20,0x20,
  0x20,0x20,0x20,0x20,0x20,0x20,0x20,0x20,0x20,0x7d,0xd,0xa,0xd,0xa,0x20,0x20,
  0x20,0x20,0x20,0x20,0x20,0x20,0x20,0x20,0x20,0x20,0x4d,0x65,0x6e,0x75,0x53,0x65,
  0x70,0x61,0x72,0x61,0x74,0x6f,0x72,0x20,0x7b,0x20,0x7d,0xd,0xa,0xd,0xa,0x20,
  0x20,0x20,0x20,0x20,0x20,0x20,0x20,0x20,0x20,0x20,0x20,0x4d,0x65,0x6e,0x75,0x49,
  0x74,0x65,0x6d,0x20,0x7b,0xd,0xa,0x20,0x20,0x20,0x20,0x20,0x20,0x20,0x20,0x20,
  0x20,0x20,0x20,0x20,0x20,0x20,0x20,0x74,0x65,0x78,0x74,0x3a,0x20,0x71,0x73,0x54,
  0x72,0x28,0x22,0xe5,0x88,0xa0,0xe9,0x99,0xa4,0xe6,0xb6,0x88,0xe6,0x81,0xaf,0x22,
  0x29,0xd,0xa,0x20,0x20,0x20,0x20,0x20,0x20,0x20,0x20,0x20,0x20,0x20,0x20,0x20,
  0x20,0x20,0x20,0x6f,0x6e,0x54,0x72,0x69,0x67,0x67,0x65,0x72,0x65,0x64,0x3a,0x20,
  0x7b,0xd,0xa,0x20,0x20,0x20,0x20,0x20,0x20,0x20,0x20,0x20,0x20,0x20,0x20,0x20,
  0x20,0x20,0x20,0x20,0x20,0x20,0x20,0x63,0x68,0x61,0x74,0x49,0x74,0x65,0x6d,0x2e,
  0x72,0x65,0x6d,0x6f,0x76,0x65,0x28,0x29,0xd,0xa,0x20,0x20,0x20,0x20,0x20,0x20,
  0x20,0x20,0x20,0x20,0x20,0x20,0x20,0x20,0x20,0x20,0x7d,0xd,0xa,0x20,0x20,0x20,
  0x20,0x20,0x20,0x20,0x20,0x20,0x20,0x20,0x20,0x7d,0xd,0xa,0x20,0x20,0x20,0x20,
  0x20,0x20,0x20,0x20,0x7d,0xd,0xa,0x20,0x20,0x20,0x20,0x7d,0xd,0xa,0x7d,0xd,
  0xa,
    // RightManagedZone.qml
  0x0,0x0,0x5,0x95,
  0x69,
  0x6d,0x70,0x6f,0x72,0x74,0x20,0x51,0x74,0x51,0x75,0x69,0x63,0x6b,0xd,0xa,0x69,
  0x6d,0x70,0x6f,0x72,0x74,0x20,0x51,0x74,0x51,0x75,0x69,0x63,0x6b,0x2e,0x4c,0x61,
  0x79,0x6f,0x75,0x74,0x73,0xd,0xa,0xd,0xa,0x52,0x65,0x63,0x74,0x61,0x6e,0x67,
  0x6c,0x65,0x20,0x7b,0xd,0xa,0x20,0x20,0x20,0x20,0x69,0x64,0x3a,0x72,0x69,0x67,
  0x68,0x74,0x4d,0x61,0x6e,0x61,0x67,0x65,0x64,0x5a,0x6f,0x6e,0x65,0xd,0xa,0x20,
  0x20,0x20,0x20,0x70,0x72,0x6f,0x70,0x65,0x72,0x74,0x79,0x20,0x73,0x74,0x72,0x69,
  0x6e,0x67,0x20,0x74,0x68,0x69,0x73,0x51,0x6d,0x6c,0x3a,0x20,0x22,0x43,0x68,0x61,
  0x74,0x41,0x72,0x65,0x61,0x2e,0x71,0x6d,0x6c,0x22,0xd,0xa,0xd,0xa,0x20,0x20,
  0x20,0x20,0x70,0x72,0x6f,0x70,0x65,0x72,0x74,0x79,0x20,0x73,0x74,0x72,0x69,0x6e,
  0x67,0x20,0x6e,0x61,0x6d,0x65,0x3a,0x20,0x70,0x5f,0x6f,0x62,0x6a,0x65,0x63,0x74,
  0x2e,0x6e,0x61,0x6d,0x65,0xd,0xa,0x20,0x20,0x20,0x20,0x43,0x6f,0x6c,0x75,0x6d,
  0x6e,0x4c,0x61,0x79,0x6f,0x75,0x74,0x20,0x7b,0xd,0xa,0x20,0x20,0x20,0x20,0x20,
  0x20,0x20,0x20,0x61,0x6e,0x63,0x68,0x6f,0x72,0x73,0x2e,0x66,0x69,0x6c,0x6c,0x3a,
  0x20,0x70,0x61,0x72,0x65,0x6e,0x74,0xd,0xa,0x20,0x20,0x20,0x20,0x20,0x20,0x20,
  0x20,0x73,0x70,0x61,0x63,0x69,0x6e,0x67,0x3a,0x20,0x30,0xd,0xa,0x20,0x20,0x20,
  0x20,0x20,0x20,0x20,0x20,0x49,0x74,0x65,0x6d,0x20,0x7b,0xd,0xa,0x20,0x20,0x20,
  0x20,0x20,0x20,0x20,0x20,0x20,0x20,0x20,0x20,0x4c,0x61,0x79,0x6f,0x75,0x74,0x2e,
  0x66,0x69,0x6c,0x6c,0x57,0x69,0x64,0x74,0x68,0x3a,0x20,0x74,0x72,0x75,0x65,0xd,
  0xa,0x20,0x20,0x20,0x20,0x20,0x20,0x20,0x20,0x20,0x20,0x20,0x20,0x68,0x65,0x69,
  0x67,0x68,0x74,0x3a,0x20,0x36,0x30,0xd,0xa,0x20,0x20,0x20,0x20,0x20,0x20,0x20,
  0x20,0x20,0x20,0x20,0x20,0x52,0x65,0x63,0x74,0x61,0x6e,0x67,0x6c,0x65,0x20,0x7b,
  0xd,0xa,0x20,0x20,0x20,0x20,0x20,0x20,0x20,0x20,0x20,0x20,0x20,0x20,0x20,0x20,
  0x20,0x20,0x69,0x64,0x3a,0x74,0x6f,0x70,0x52,0x65,0x63,0x74,0xd,0xa,0x20,0x20,
  0x20,0x20,0x20,0x20,0x20,0x20,0x20,0x20,0x20,0x20,0x20,0x20,0x20,0x20,0x77,0x69,
  0x64,0x74,0x68,0x3a,0x20,0x70,0x61,0x72,0x65,0x6e,0x74,0x2e,0x77,0x69,0x64,0x74,
  0x68,0xd,0xa,0x20,0x20,0x20,0x20,0x20,0x20,0x20,0x20,0x20,0x20,0x20,0x20,0x20,
  0x20,0x20,0x20,0x68,0x65,0x69,0x67,0x68,0x74,0x3a,0x20,0x33,0x30,0xd,0xa,0x20,
  0x20,0x20,0x20,0x20,0x20,0x20,0x20,0x20,0x20,0x20,0x20,0x20,0x20,0x20,0x20,0x63,
  0x6f,0x6c,0x6f,0x72,0x3a,0x20,0x22,0x74,0x72,0x61,0x6e,0x73,0x70,0x61,0x72,0x65,
  0x6e,0x74,0x22,0xd,0xa,0xd,0xa,0x20,0x20,0x20,0x20,0x20,0x20,0x20,0x20,0x20,
  0x20,0x20,0x20,0x7d,0xd,0xa,0x20,0x20,0x20,0x20,0x20,0x20,0x20,0x20,0x20,0x20,
  0x20,0x20,0x52,0x65,0x63,0x74,0x61,0x6e,0x67,0x6c,0x65,0x20,0x7b,0xd,0xa,0x20,
  0x20,0x20,0x20,0x20,0x20,0x20,0x20,0x20,0x20,0x20,0x20,0x20,0x20,0x20,0x20,0x77,
  0x69,0x64,0x74,0x68,0x3a,0x20,0x70,0x61,0x72,0x65,0x6e,0x74,0x2e,0x77,0x69,0x64,
  0x74,0x68,0xd,0xa,0x20,0x20,0x20,0x20,0x20,0x20,0x20,0x20,0x20,0x20,0x20,0x20,
  0x20,0x20,0x20,0x20,0x68,0x65,0x69,0x67,0x68,0x74,0x3a,0x20,0x33,0x30,0xd,0xa,
  0x20,0x20,0x20,0x20,0x20,0x20,0x20,0x20,0x20,0x20,0x20,0x20,0x20,0x20,0x20,0x20,
  0x63,0x6f,0x6c,0x6f,0x72,0x3a,0x20,0x22,0x23,0x46,0x35,0x46,0x35,0x46,0x35,0x22,
  0xd,0xa,0x20,0x20,0x20,0x20,0x20,0x20,0x20,0x20,0x20,0x20,0x20,0x20,0x20,0x20,
  0x20,0x20,0x61,0x6e,0x63,0x68,0x6f,0x72,0x73,0x2e,0x74,0x6f,0x70,0x3a,0x74,0x6f,
  0x70,0x52,0x65,0x63,0x74,0x2e,0x62,0x6f,0x74,0x74,0x6f,0x6d,0xd,0xa,0x20,0x20,
  0x20,0x20,0x20,0x20,0x20,0x20,0x20,0x20,0x20,0x20,0x7d,0xd,0xa,0x20,0x20,0x20,
  0x20,0x20,0x20,0x20,0x20,0x20,0x20,0x20,0x20,0x54,0x65,0x78,0x74,0x20,0x7b,0xd,
  0xa,0x20,0x20,0x20,0x20,0x20,0x20,0x20,0x20,0x20,0x20,0x20,0x20,0x20,0x20,0x20,
  0x20,0x69,0x64,0x3a,0x74,0x69,0x74,0x6c,0x65,0xd,0xa,0x20,0x20,0x20,0x20,0x20,
  0x20,0x20,0x20,0x20,0x20,0x20,0x20,0x20,0x20,0x20,0x20,0x61,0x6e,0x63,0x68,0x6f,
  0x72,0x73,0x20,0x7b,0xd,0xa,0x20,0x20,0x20,0x20,0x20,0x20,0x20,0x20,0x20,0x20,
  0x20,0x20,0x20,0x20,0x20,0x20,0x20,0x20,0x20,0x20,0x6c,0x65,0x66,0x74,0x3a,0x20,
  0x70,0x61,0x72,0x65,0x6e,0x74,0x2e,0x6c,0x65,0x66,0x74,0x20,0x20,0x20,0x20,0x20,
  0x20,0x20,0x20,0x2f,0x2f,0x20,0xe5,0xb7,0xa6,0xe5,0xaf,0xb9,0xe9,0xbd,0x90,0xe7,
  0x88,0xb6,0xe5,0x85,0x83,0xe7,0xb4,0xa0,0xd,0xa,0x20,0x20,0x20,0x20,0x20,0x20,
  0x20,0x20,0x20,0x20,0x20,0x20,0x20,0x20,0x20,0x20,0x20,0x20,0x20,0x20,0x6c,0x65,
  0x66,0x74,0x4d,0x61,0x72,0x67,0x69,0x6e,0x3a,0x20,0x32,0x30,0x20,0x20,0x20,0x20,
  0x20,0x20,0x20,0x20,0x20,0x20,0x2f,0x2f,0x20,0xe5,0xb7,0xa6,0xe4,0xbe,0xa7,0xe8,
  0xb7,0x9d,0xe7,0xa6,0xbb,0x32,0x30,0xd,0xa,0x20,0x20,0x20,0x20,0x20,0x20,0x20,
  0x20,0x20,0x20,0x20,0x20,0x20,0x20,0x20,0x20,0x20,0x20,0x20,0x20,0x76,0x65,0x72,
  0x74,0x69,0x63,0x61,0x6c,0x43,0x65,0x6e,0x74,0x65,0x72,0x3a,0x20,0x70,0x61,0x72,
  0x65,0x6e,0x74,0x2e,0x76,0x65,0x72,0x74,0x69,0x63,0x61,0x6c,0x43,0x65,0x6e,0x74,
  0x65,0x72,0x20,0x20,0x2f,0x2f,0x20,0xe5,0x9e,0x82,0xe7,0x9b,0xb4,0xe5,0xb1,0x85,
  0xe4,0xb8,0xad,0xd,0xa,0x20,0x20,0x20,0x20,0x20,0x20,0x20,0x20,0x20,0x20,0x20,
  0x20,0x20,0x20,0x20,0x20,0x7d,0xd,0xa,0x20,0x20,0x20,0x20,0x20,0x20,0x20,0x20,
  0x20,0x20,0x20,0x20,0x20,0x20,0x20,0x20,0x74,0x65,0x78,0x74,0x3a,0x20,0x6e,0x61,
  0x6d,0x65,0xd,0xa,0x20,0x20,0x20,0x20,0x20,0x20,0x20,0x20,0x20,0x20,0x20,0x20,
  0x20,0x20,0x20,0x20,0x66,0x6f,0x6e,0x74,0x2e,0x70,0x69,0x78,0x65,0x6c,0x53,0x69,
  0x7a,0x65,0x3a,0x20,0x32,0x30,0xd,0xa,0x20,0x20,0x20,0x20,0x20,0x20,0x20,0x20,
  0x20,0x20,0x20,0x20,0x7d,0xd,0xa,0x20,0x20,0x20,0x20,0x20,0x20,0x20,0x20,0x7d,
  0xd,0xa,0xd,0xa,0xd,0xa,0x20,0x20,0x20,0x20,0x20,0x20,0x20,0x20,0x43,0x68,
  0x61,0x74,0x41,0x72,0x65,0x61,0x20,0x7b,0xd,0xa,0x20,0x20,0x20,0x20,0x20,0x20,
  0x20,0x20,0x20,0x20,0x20,0x20,0x4c,0x61,0x79,0x6f,0x75,0x74,0x2e,0x66,0x69,0x6c,
  0x6c,0x57,0x69,0x64,0x74,0x68,0x3a,0x20,0x74,0x72,0x75,0x65,0xd,0xa,0x20,0x20,
  0x20,0x20,0x20,0x20,0x20,0x20,0x20,0x20,0x20,0x20,0x4c,0x61,0x79,0x6f,0x75,0x74,
  0x2e,0x66,0x69,0x6c,0x6c,0x48,0x65,0x69,0x67,0x68,0x74,0x3a,0x20,0x74,0x72,0x75,
  0x65,0xd,0xa,0x20,0x20,0x20,0x20,0x20,0x20,0x20,0x20,0x20,0x20,0x20,0x20,0x76,
  0x69,0x73,0x69,0x62,0x6c,0x65,0x3a,0x20,0x72,0x69,0x67,0x68,0x74,0x4d,0x61,0x6e,
  0x61,0x67,0x65,0x64,0x5a,0x6f,0x6e,0x65,0x2e,0x74,0x68,0x69,0x73,0x51,0x6d,0x6c,
  0x20,0x3d,0x3d,0x3d,0x20,0x22,0x43,0x68,0x61,0x74,0x41,0x72,0x65,0x61,0x2e,0x71,
  0x6d,0x6c,0x22,0xd,0xa,0x20,0x20,0x20,0x20,0x20,0x20,0x20,0x20,0x7d,0xd,0xa,
  0xd,0xa,0x20,0x20,0x20,0x20,0x20,0x20,0x20,0x20,0x46,0x72,0x69,0x65,0x6e,0x64,
  0x41,0x75,0x74,0x68,0x4c,0x69,0x73,0x74,0x20,0x7b,0xd,0xa,0x20,0x20,0x20,0x20,
  0x20,0x20,0x20,0x20,0x20,0x20,0x20,0x20,0x4c,0x61,0x79,0x6f,0x75,0x74,0x2e,0x66,
  0x69,0x6c,0x6c,0x57,0x69,0x64,0x74,0x68,0x3a,0x20,0x74,0x72,0x75,0x65,0xd,0xa,
  0x20,0x20,0x20,0x20,0x20,0x20,0x20,0x20,0x20,0x20,0x20,0x20,0x4c,0x61,0x79,0x6f,
  0x75,0x74,0x2e,0x66,0x69,0x6c,0x6c,0x48,0x65,0x69,0x67,0x68,0x74,0x3a,0x20,0x74,
  0x72,0x75,0x65,0xd,0xa,0x20,0x20,0x20,0x20,0x20,0x20,0x20,0x20,0x20,0x20,0x20,
  0x20,0x76,0x69,0x73,0x69,0x62,0x6c,0x65,0x3a,0x20,0x72,0x69,0x67,0x68,0x74,0x4d,
  0x61,0x6e,0x61,0x67,0x65,0x64,0x5a,0x6f,0x6e,0x65,0x2e,0x74,0x68,0x69,0x73,0x51,
  0x6d,0x6c,0x20,0x3d,0x3d,0x3d,0x20,0x22,0x46,0x72,0x69,0x65,0x6e,0x64,0x41,0x75,
  0x74,0x68,0x4c,0x69,0x73,0x74,0x2e,0x71,0x6d,0x6c,0x22,0xd,0xa,0x20,0x20,0x20,
  0x20,0x20,0x20,0x20,0x20,0x7d,0xd,0xa,0xd,0xa,0x20,0x20,0x20,0x20,0x7d,0xd,
  0xa,0x7d,0xd,0xa,
    // FriendAuthItem.qml
  0x0,0x0,0x4,0x5d,
  0x69,
  0x6d,0x70,0x6f,0x72,0x74,0x20,0x51,0x74,0x51,0x75,0x69,0x63,0x6b,0xd,0xa,0x69,
  0x6d,0x70,0x6f,0x72,0x74,0x20,0x51,0x74,0x51,0x75,0x69,0x63,0x6b,0x2e,0x43,0x6f,
  0x6e,0x74,0x72,0x6f,0x6c,0x73,0xd,0xa,0x69,0x6d,0x70,0x6f,0x72,0x74,0x20,0x51,
  0x74,0x51,0x75,0x69,0x63,0x6b,0x2e,0x4c,0x61,0x79,0x6f,0x75,0x74,0x73,0xd,0xa,
  0xd,0xa,0x52,0x65,0x63,0x74,0x61,0x6e,0x67,0x6c,0x65,0x20,0x7b,0xd,0xa,0x20,
  0x20,0x20,0x20,0x69,0x64,0x3a,0x66,0x72,0x69,0x65,0x6e,0x64,0x41,0x75,0x74,0x68,
  0x49,0x74,0x65,0x6d,0xd,0xa,0x20,0x20,0x20,0x20,0x77,0x69,0x64,0x74,0x68,0x3a,
  0x20,0x70,0x61,0x72,0x65,0x6e,0x74,0x2e,0x77,0x69,0x64,0x74,0x68,0xd,0xa,0x20,
  0x20,0x20,0x20,0x68,0x65,0x69,0x67,0x68,0x74,0x3a,0x20,0x36,0x30,0xd,0xa,0x20,
  0x20,0x20,0x20,0x52,0x65,0x63,0x74,0x61,0x6e,0x67,0x6c,0x65,0x20,0x7b,0xd,0xa,
  0x20,0x20,0x20,0x20,0x20,0x20,0x20,0x20,0x77,0x69,0x64,0x74,0x68,0x3a,0x20,0x70,
  0x61,0x72,0x65,0x6e,0x74,0x2e,0x77,0x69,0x64,0x74,0x68,0xd,0xa,0x20,0x20,0x20,
  0x20,0x20,0x20,0x20,0x20,0x68,0x65,0x69,0x67,0x68,0x74,0x3a,0x20,0x31,0x20,0x20,
  0x2f,0x2f,0x20,0xe7,0xba,0xbf,0xe6,0x9d,0xa1,0xe7,0x9a,0x84,0xe9,0xab,0x98,0xe5,
  0xba,0xa6,0xd,0xa,0x20,0x20,0x20,0x20,0x20,0x20,0x20,0x20,0x63,0x6f,0x6c,0x6f,
  0x72,0x3a,0x20,0x22,0x23,0x45,0x37,0x45,0x37,0x45,0x37,0x22,0x20,0x20,0x2f,0x2f,
  0x20,0xe7,0xba,0xbf,0xe6,0x9d,0xa1,0xe7,0x9a,0x84,0xe9,0xa2,0x9c,0xe8,0x89,0xb2,
  0xd,0xa,0x20,0x20,0x20,0x20,0x20,0x20,0x20,0x20,0x61,0x6e,0x63,0x68,0x6f,0x72,
  0x73,0x2e,0x62,0x6f,0x74,0x74,0x6f,0x6d,0x3a,0x20,0x70,0x61,0x72,0x65,0x6e,0x74,
  0x2e,0x62,0x6f,0x74,0x74,0x6f,0x6d,0xd,0xa,0x20,0x20,0x20,0x20,0x20,0x20,0x20,
  0x20,0x61,0x6e,0x63,0x68,0x6f,0x72,0x73,0x2e,0x68,0x6f,0x72,0x69,0x7a,0x6f,0x6e,
  0x74,0x61,0x6c,0x43,0x65,0x6e,0x74,0x65,0x72,0x3a,0x20,0x70,0x61,0x72,0x65,0x6e,
  0x74,0x2e,0x68,0x6f,0x72,0x69,0x7a,0x6f,0x6e,0x74,0x61,0x6c,0x43,0x65,0x6e,0x74,
  0x65,0x72,0xd,0xa,0x20,0x20,0x20,0x20,0x7d,0xd,0xa,0x20,0x20,0x20,0x20,0x52,
  0x6f,0x77,0x4c,0x61,0x79,0x6f,0x75,0x74,0x20,0x7b,0xd,0xa,0x20,0x20,0x20,0x20,
  0x20,0x20,0x20,0x20,0x77,0x69,0x64,0x74,0x68,0x3a,0x20,0x70,0x61,0x72,0x65,0x6e,
  0x74,0x2e,0x77,0x69,0x64,0x74,0x68,0x20,0x2a,0x20,0x30,0x2e,0x38,0xd,0xa,0x20,
  0x20,0x20,0x20,0x20,0x20,0x20,0x20,0x68,0x65,0x69,0x67,0x68,0x74,0x3a,0x70,0x61,
  0x72,0x65,0x6e,0x74,0x2e,0x68,0x65,0x69,0x67,0x68,0x74,0x20,0x2a,0x20,0x30,0x2e,
  0x38,0xd,0xa,0x20,0x20,0x20,0x20,0x20,0x20,0x20,0x20,0x61,0x6e,0x63,0x68,0x6f,
  0x72,0x73,0x2e,0x63,0x65,0x6e,0x74,0x65,0x72,0x49,0x6e,0x3a,0x20,0x70,0x61,0x72,
  0x65,0x6e,0x74,0xd,0xa,0x20,0x20,0x20,0x20,0x20,0x20,0x20,0x20,0x49,0x6d,0x61,
  0x67,0x65,0x20,0x7b,0xd,0xa,0x20,0x20,0x20,0x20,0x20,0x20,0x20,0x20,0x20,0x20,
  0x20,0x20,0x4c,0x61,0x79,0x6f,0x75,0x74,0x2e,0x70,0x72,0x65,0x66,0x65,0x72,0x72,
  0x65,0x64,0x57,0x69,0x64,0x74,0x68,0x3a,0x20,0x33,0x32,0xd,0xa,0x20,0x20,0x20,
  0x20,0x20,0x20,0x20,0x20,0x20,0x20,0x20,0x20,0x4c,0x61,0x79,0x6f,0x75,0x74,0x2e,
  0x70,0x72,0x65,0x66,0x65,0x72,0x72,0x65,0x64,0x48,0x65,0x69,0x67,0x68,0x74,0x3a,
  0x20,0x33,0x32,0xd,0xa,0x20,0x20,0x20,0x20,0x20,0x20,0x20,0x20,0x20,0x20,0x20,
  0x20,0x73,0x6f,0x75,0x72,0x63,0x65,0x3a,0x20,0x6d,0x6f,0x64,0x65,0x6c,0x2e,0x61,
  0x76,0x61,0x74,0x61,0x72,0x7c,0x7c,0x20,0x22,0x22,0xd,0xa,0x20,0x20,0x20,0x20,
  0x20,0x20,0x20,0x20,0x7d,0xd,0xa,0x20,0x20,0x20,0x20,0x20,0x20,0x20,0x20,0x43,
  0x6f,0x6c,0x75,0x6d,0x6e,0x4c,0x61,0x79,0x6f,0x75,0x74,0x20,0x7b,0xd,0xa,0x20,
  0x20,0x20,0x20,0x20,0x20,0x20,0x20,0x20,0x20,0x20,0x20,0x54,0x65,0x78,0x74,0x20,
  0x7b,0xd,0xa,0x20,0x20,0x20,0x20,0x20,0x20,0x20,0x20,0x20,0x20,0x20,0x20,0x20,
  0x20,0x20,0x20,0x74,0x65,0x78,0x74,0x3a,0x71,0x73,0x54,0x72,0x28,0x6d,0x6f,0x64,
  0x65,0x6c,0x2e,0x6e,0x61,0x6d,0x65,0x20,0x7c,0x7c,0x20,0x22,0x22,0x29,0xd,0xa,
  0x20,0x20,0x20,0x20,0x20,0x20,0x20,0x20,0x20,0x20,0x20,0x20,0x20,0x20,0x20,0x20,
  0x66,0x6f,0x6e,0x74,0x2e,0x70,0x6f,0x69,0x6e,0x74,0x53,0x69,0x7a,0x65,0x3a,0x20,
  0x31,0x32,0xd,0xa,0x20,0x20,0x20,0x20,0x20,0x20,0x20,0x20,0x20,0x20,0x20,0x20,
  0x7d,0xd,0xa,0x20,0x20,0x20,0x20,0x20,0x20,0x20,0x20,0x20,0x20,0x20,0x20,0x54,
  0x65,0x78,0x74,0x20,0x7b,0xd,0xa,0x20,0x20,0x20,0x20,0x20,0x20,0x20,0x20,0x20,
  0x20,0x20,0x20,0x20,0x20,0x20,0x20,0x74,0x65,0x78,0x74,0x3a,0x71,0x73,0x54,0x72,
  0x28,0x6d,0x6f,0x64,0x65,0x6c,0x2e,0x64,0x65,0x73,0x63,0x20,0x7c,0x7c,0x20,0x22,
  0x22,0x29,0xd,0xa,0x20,0x20,0x20,0x20,0x20,0x20,0x20,0x20,0x20,0x20,0x20,0x20,
  0x20,0x20,0x20,0x20,0x66,0x6f,0x6e,0x74,0x2e,0x70,0x6f,0x69,0x6e,0x74,0x53,0x69,
  0x7a,0x65,0x3a,0x20,0x31,0x32,0xd,0xa,0x20,0x20,0x20,0x20,0x20,0x20,0x20,0x20,
  0x20,0x20,0x20,0x20,0x7d,0xd,0xa,0x20,0x20,0x20,0x20,0x20,0x20,0x20,0x20,0x7d,
  0xd,0xa,0x20,0x20,0x20,0x20,0x20,0x20,0x20,0x20,0x49,0x74,0x65,0x6d,0x20,0x7b,
  0xd,0xa,0x20,0x20,0x20,0x20,0x20,0x20,0x20,0x20,0x20,0x20,0x20,0x20,0x4c,0x61,
  0x79,0x6f,0x75,0x74,0x2e,0x66,0x69,0x6c,0x6c,0x57,0x69,0x64,0x74,0x68,0x3a,0x74,
  0x72,0x75,0x65,0xd,0xa,0x20,0x20,0x20,0x20,0x20,0x20,0x20,0x20,0x20,0x20,0x20,
  0x20,0x68,0x65,0x69,0x67,0x68,0x74,0x3a,0x70,0x61,0x72,0x65,0x6e,0x74,0x2e,0x68,
  0x65,0x69,0x67,0x68,0x74,0xd,0xa,0x20,0x20,0x20,0x20,0x20,0x20,0x20,0x20,0x7d,
  0xd,0xa,0xd,0xa,0x20,0x20,0x20,0x20,0x20,0x20,0x20,0x20,0x54,0x65,0x78,0x74,
  0x20,0x7b,0xd,0xa,0x20,0x20,0x20,0x20,0x20,0x20,0x20,0x20,0x20,0x20,0x20,0x20,
  0x74,0x65,0x78,0x74,0x3a,0x71,0x73,0x54,0x72,0x28,0x22,0xe5,0xb7,0xb2,0xe6,0xb7,
  0xbb,0xe5,0x8a,0xa0,0x22,0x29,0xd,0xa,0x20,0x20,0x20,0x20,0x20,0x20,0x20,0x20,
  0x20,0x20,0x20,0x20,0x66,0x6f,0x6e,0x74,0x2e,0x70,0x6f,0x69,0x6e,0x74,0x53,0x69,
  0x7a,0x65,0x3a,0x20,0x38,0xd,0xa,0x20,0x20,0x20,0x20,0x20,0x20,0x20,0x20,0x7d,
  0xd,0xa,0x20,0x20,0x20,0x20,0x7d,0xd,0xa,0x7d,0xd,0xa,
    // FramelessWindow.qml
  0x0,0x0,0x5,0x27,
  0x0,
  0x0,0x1c,0xf5,0x78,0xda,0xed,0x59,0x5d,0x4f,0x1b,0x47,0x14,0x7d,0x47,0xe2,0x3f,
  0xc,0xce,0x8b,0xdd,0x86,0xb5,0xc1,0xa0,0x48,0xae,0x50,0xa,0x14,0x14,0xa4,0x90,
  0x6,0xa8,0x94,0xf6,0x9,0xd,0xeb,0xb1,0x3d,0xca,0xee,0xce,0x32,0x3b,0xb,0x36,
  0x9,0x12,0x15,0x49,0xa3,0x10,0x52,0xaa,0x3e,0x24,0x6d,0x15,0x29,0x49,0xd3,0x6,
  0x9a,0x7,0x1a,0xb5,0x52,0x9a,0x42,0x4d,0xfe,0xc,0x6b,0x9b,0xa7,0xfe,0x85,0xce,
  0x7e,0xd8,0x5e,0xaf,0x77,0x6c,0x9c,0xb8,0x89,0x90,0xbc,0x2b,0x90,0x66,0xe6,0xde,
  0x99,0x3b,0xe7,0xdc,0x39,0x7b,0x77,0x8d,0x55,0x9d,0x50,0x6,0xe6,0xd8,0x9c,0x89,
  0xe5,0xeb,0xfd,0x7d,0xd8,0x6d,0x4f,0x53,0xa8,0x22,0x5,0x19,0xc6,0x35,0xac,0xa5,
  0xc9,0x2a,0x18,0x92,0x12,0xb5,0x31,0xcf,0x56,0xba,0xc,0xb,0xc4,0x64,0x46,0x7f,
  0x5f,0xfc,0xa3,0xae,0x5e,0xfd,0x7d,0xc0,0xf9,0x3,0x9f,0x66,0xb0,0x82,0x80,0x7b,
  0x5,0x2,0x92,0x96,0x55,0xc5,0xb1,0x1,0xd6,0xcb,0xaf,0x2b,0xcf,0x6e,0x97,0x7f,
  0xba,0x55,0x7a,0xf8,0xa4,0x72,0xf4,0x77,0xe9,0xe9,0x37,0xe5,0x17,0xf,0xad,0x9d,
  0x67,0xee,0xc,0xd0,0x64,0x39,0x42,0x9d,0x19,0xf2,0x26,0xa1,0x6b,0x6e,0x6f,0x1a,
  0xb2,0xea,0xbc,0xc3,0x89,0xe1,0xd1,0x78,0x22,0x19,0x4f,0x8c,0xba,0x43,0x39,0x6c,
  0x30,0x42,0xb,0x76,0xa3,0x9b,0x57,0xbc,0xbf,0x2f,0x8,0xe9,0xd,0xbe,0x6,0xbf,
  0x70,0x3a,0x95,0xa9,0x8e,0xac,0x3a,0x23,0x6e,0xbf,0x4e,0x89,0x8e,0x28,0x2b,0x80,
  0x15,0x48,0x41,0x1a,0x65,0xa0,0xc2,0x16,0x65,0xa2,0x10,0x9a,0x2,0x91,0x73,0xd3,
  0xa3,0xf6,0x1d,0x9,0xb1,0xcc,0x91,0x15,0x44,0xd3,0x75,0xcb,0xa9,0x61,0xfb,0xe,
  0xb3,0xcc,0xd7,0x8d,0x46,0xc6,0xed,0x3b,0x68,0xb4,0x44,0x88,0x2,0x18,0xd6,0xbf,
  0x20,0xfa,0x4,0xd3,0x16,0x72,0x64,0x35,0x5,0x18,0x35,0x51,0x98,0x99,0x8a,0xb5,
  0x9,0x8d,0xb5,0xb1,0x81,0xf9,0xb6,0x36,0xcb,0x26,0x66,0x21,0x46,0xf1,0x38,0x38,
  0x79,0xfa,0xea,0x64,0x73,0xaf,0xbc,0x7b,0x68,0x6d,0xed,0xb9,0x9d,0xf3,0x48,0x66,
  0x50,0xcb,0xf2,0x14,0xf1,0xa0,0xf4,0xe0,0x64,0x98,0x29,0x68,0x2,0xd2,0x7a,0xe7,
  0x2a,0x4e,0xb3,0x5c,0xa,0xe8,0x90,0x22,0x8d,0x49,0x4e,0xab,0x3e,0x98,0x43,0x38,
  0x9b,0x63,0x29,0x90,0x4c,0xd4,0xfb,0x5c,0x64,0x2,0xbc,0x48,0x7e,0x16,0xfa,0xfb,
  0xea,0xd6,0xf3,0x64,0xd5,0x3d,0xb,0xfe,0x40,0xec,0x6b,0x2d,0x5,0x86,0x1b,0x7b,
  0xa0,0x26,0xf3,0x7c,0x34,0x24,0x9e,0xd9,0x4a,0x35,0xa0,0x46,0x8b,0x78,0xdc,0xfa,
  0xeb,0xf9,0xf1,0xd1,0x6e,0xf9,0xb7,0x83,0xf2,0x8f,0x45,0xeb,0xfe,0x93,0xe3,0xe2,
  0xfd,0x46,0x8b,0x19,0x86,0xd4,0xe0,0x4a,0xfe,0x8d,0x78,0xdb,0x74,0x9b,0xcd,0x66,
  0x6e,0xa8,0x4e,0x4,0xd7,0x5c,0x5c,0xea,0x38,0x57,0xaf,0xf5,0x60,0x4c,0xe5,0xe2,
  0x3e,0x27,0xc0,0x3d,0x59,0xa5,0xed,0xbb,0x27,0xdf,0xef,0xfb,0x1,0x68,0x60,0x23,
  0x24,0xb2,0x46,0x8e,0xb1,0x71,0xc9,0x49,0xd2,0x14,0xe0,0x70,0x1a,0xa8,0xbd,0x39,
  0x4f,0x40,0xa1,0xad,0x47,0xed,0x48,0x42,0x8c,0x47,0x32,0x64,0xcc,0x4b,0xfd,0x6a,
  0x28,0x17,0x1,0x8,0x92,0xed,0x3f,0x48,0x20,0x5,0x5a,0xe7,0x42,0x70,0xfa,0x15,
  0x6c,0xe0,0x25,0x5,0x35,0xbb,0x35,0x1c,0xa7,0x66,0xbf,0x59,0x62,0x1a,0x68,0x9c,
  0x22,0x18,0xc6,0xef,0xe9,0xf2,0xa7,0xb6,0x7b,0x3b,0xfe,0x29,0xd,0xf2,0x30,0xd2,
  0x61,0x14,0xd7,0x90,0x30,0xa9,0x41,0xe8,0x42,0xe,0xea,0x3c,0xdc,0x39,0x26,0x5d,
  0x25,0x58,0x63,0x58,0xcb,0x5e,0x82,0x5a,0x7a,0xd2,0x19,0xb,0xf7,0x9b,0x51,0x61,
  0x16,0x89,0xc2,0xf4,0x4e,0x22,0x56,0xb3,0xe2,0x71,0x83,0x98,0x54,0xe6,0x6b,0x46,
  0x96,0xa9,0x9c,0x8a,0x1b,0x54,0x8e,0xeb,0x58,0xe3,0xe0,0x48,0xba,0x96,0x8d,0x88,
  0xdd,0xaa,0x8,0xc8,0x7c,0xe7,0x88,0xce,0x68,0xad,0x51,0x10,0x9c,0x7e,0xae,0xf4,
  0x9,0x29,0x29,0x76,0xa9,0xa6,0x4e,0x40,0x2a,0x2,0x47,0x24,0x7c,0x80,0x68,0x93,
  0xa,0x7f,0x3c,0xda,0xa8,0xb7,0x40,0xc7,0x8b,0xc6,0x49,0x6e,0x30,0x6,0x6,0xfc,
  0x6d,0xb1,0x57,0x30,0x9d,0xc,0xc4,0xdc,0xa7,0xc9,0xb4,0x2,0xb3,0x51,0xff,0x1c,
  0xb1,0x16,0xc4,0xa8,0x59,0xc9,0x5,0x9f,0x2f,0xdc,0x10,0xc7,0x45,0x1f,0x19,0x50,
  0x66,0x78,0x5,0xd,0xfa,0x38,0x1,0x42,0xae,0x84,0x8,0x85,0xe3,0x33,0x65,0x33,
  0x77,0x5a,0x7c,0xdc,0x3,0xca,0x23,0x15,0xa7,0xb0,0x78,0xa1,0x3c,0x66,0x1d,0xaf,
  0x23,0x10,0x1a,0xc1,0x42,0xeb,0x6d,0x84,0xb3,0xf4,0x68,0xc3,0x7a,0xb9,0x63,0x6d,
  0x3f,0x78,0x4f,0xda,0x79,0xc6,0xf4,0xb0,0x5e,0x37,0x9c,0x69,0x31,0xc,0x2d,0x45,
  0x3e,0xa8,0x72,0xd,0x89,0x4d,0x3c,0xae,0x83,0x54,0xe4,0x45,0xe4,0x75,0x41,0xed,
  0x9a,0x74,0x8b,0x13,0x3e,0x8b,0x35,0xac,0xe2,0x35,0x94,0x8e,0xc6,0x7a,0xfa,0x21,
  0xc4,0xd9,0x55,0x90,0x5f,0x76,0x9b,0x14,0xa4,0xa7,0x1f,0x8e,0x7e,0xd4,0xde,0x29,
  0x7a,0xfa,0xd1,0x55,0xfd,0x68,0x78,0x89,0x68,0xe7,0x54,0x7d,0x91,0x64,0x14,0x6a,
  0x86,0xeb,0x19,0x71,0x5e,0xda,0x2a,0xfb,0x47,0xf6,0x9b,0xc3,0xcf,0x8f,0x2a,0x77,
  0xff,0x38,0x7e,0x7d,0x70,0xb2,0xb1,0x53,0xfa,0xe1,0xdb,0x7f,0xff,0xd9,0x3e,0x3e,
  0xfc,0xf5,0xb8,0xf8,0xc6,0xba,0xfd,0x8a,0x77,0xf2,0x17,0x1d,0xeb,0xcd,0xa6,0x78,
  0xf2,0x25,0x42,0xd3,0x88,0x4a,0x6f,0xa3,0x5a,0x3e,0x77,0xf,0x8a,0xa1,0xff,0x45,
  0xde,0x70,0x26,0x1a,0x8c,0xcb,0xc9,0x58,0xac,0x60,0x7e,0xf0,0xc6,0xc6,0xc6,0x80,
  0xf7,0xd5,0x62,0x16,0xe6,0x5d,0xcd,0x8b,0xb5,0x9a,0x4e,0xa4,0x98,0x57,0x8,0x55,
  0xa1,0x12,0x6d,0x51,0xda,0xad,0x3,0xc4,0x4f,0xf5,0xdb,0xcc,0x5d,0x8b,0xac,0xe5,
  0xf4,0x3d,0xa1,0x6e,0x21,0xd4,0x27,0x1b,0x1b,0xd6,0x9d,0x83,0xb3,0xa5,0xd2,0x91,
  0x73,0xd3,0x13,0x17,0x92,0x17,0x92,0x91,0xee,0x49,0xb2,0xef,0x13,0x4e,0x4f,0x93,
  0xdf,0x57,0x4d,0x47,0x9,0x83,0xc,0x13,0xbe,0xfe,0xc8,0x68,0x3b,0x9d,0x8e,0x2c,
  0x29,0x50,0xbe,0x1e,0xe9,0xe8,0x88,0x9d,0x51,0x30,0x6,0xdf,0x1d,0x8d,0x77,0x79,
  0x2e,0xc8,0x44,0x33,0x88,0x82,0x24,0x85,0x64,0xa3,0x11,0x59,0x21,0x6,0x8a,0xc4,
  0x4e,0x5f,0x24,0x3b,0xe,0xbd,0xe2,0x38,0xb4,0xe9,0x10,0x53,0x6f,0xf2,0x2a,0xf9,
  0xde,0x83,0xd2,0xbd,0xa2,0xb5,0xf5,0xb8,0xb2,0x59,0xac,0xf7,0xb,0xe5,0xa6,0xe1,
  0x4b,0xb8,0x6c,0x53,0xb9,0xa8,0x13,0xc3,0xd1,0x7,0xdd,0xd6,0x87,0x68,0xe2,0x7c,
  0x22,0xd6,0xe9,0xa7,0x5b,0xa2,0x5d,0x25,0x6,0xb6,0x33,0x6f,0x32,0xc7,0xf,0x8b,
  0xd,0x4e,0xc6,0xd4,0x64,0xbb,0x23,0xaa,0xda,0x91,0x84,0x3e,0xf5,0x79,0xf1,0x30,
  0xa0,0x53,0x4e,0x3b,0x4a,0x83,0x9b,0x37,0x41,0x53,0x25,0xe1,0x78,0xda,0xd1,0x81,
  0x1,0x5e,0x48,0x4,0x7f,0x7,0xb9,0xf2,0xf9,0xfc,0xec,0xf8,0xe5,0x98,0x20,0x4b,
  0x28,0x62,0x26,0xd5,0xc2,0x92,0xd8,0x5e,0xb5,0xa9,0xe,0x60,0x90,0xb2,0x85,0x82,
  0xc1,0x90,0x3a,0xcb,0x9,0x8b,0xc6,0x78,0xbc,0xf6,0xf7,0xe8,0xef,0x7e,0xb7,0xb6,
  0xf6,0xca,0x7f,0x1e,0x96,0xf,0x1f,0x57,0xee,0xbc,0xb0,0x5e,0x3f,0xb7,0x7f,0x6d,
  0x9,0xc5,0xbb,0xe1,0x1,0xc1,0x91,0x25,0x99,0x8c,0x81,0x18,0xe7,0xbd,0x86,0xab,
  0xb3,0x9b,0x2f,0xc1,0x60,0x1d,0x74,0x29,0x7f,0x1e,0x38,0xbd,0x5f,0x35,0xf4,0x16,
  0x4,0x5b,0x6a,0x2a,0x0,0xc1,0xc7,0x63,0xde,0x3a,0x52,0xfe,0x74,0x2e,0x5,0x9f,
  0x4b,0xa1,0xd3,0x4f,0x3a,0x9c,0x64,0x97,0xac,0x4e,0x38,0xae,0x6d,0xab,0x19,0x8a,
  0xea,0xe6,0x63,0x6d,0x56,0xfd,0x8c,0x98,0xfc,0x49,0x57,0x55,0x9d,0x1b,0xa7,0x63,
  0x14,0x1b,0x8b,0x3c,0x58,0x5e,0xd6,0xc5,0xbc,0x54,0xf8,0x44,0x90,0xb,0xdd,0x2a,
  0x5f,0x3b,0x2b,0x5b,0x5b,0x97,0xab,0x1d,0x97,0xa9,0x2d,0xe5,0xa2,0xa6,0x1a,0xfc,
  0xdf,0x7f,0x35,0xa3,0x59,0x88,
    // rc.qrc
  0x0,0x0,0x1,0x1,
  0x0,
  0x0,0x5,0x7f,0x78,0xda,0x8d,0xd4,0xcd,0x4e,0x3,0x21,0x10,0x7,0xf0,0xbb,0x89,
  0xef,0xd0,0xf4,0x6e,0xe9,0xd4,0xaf,0x9a,0x60,0x2f,0x7d,0x3,0xe3,0x9d,0x20,0xcc,
  0xee,0x52,0x29,0xe0,0x40,0x1b,0x1f,0xdf,0xb5,0x6b,0xbc,0x68,0x76,0x86,0xe3,0xf0,
  0xcb,0x4,0xfe,0xc9,0x8c,0x7e,0xd9,0xef,0x77,0xd7,0x57,0x8b,0xf1,0xe8,0xf,0xc2,
  0x9a,0x4f,0xe4,0x70,0x51,0x8,0xbb,0xf0,0xf9,0xbc,0x54,0xcb,0x9f,0xbb,0xcb,0x7d,
  0x17,0x22,0xee,0x2a,0x39,0x55,0x42,0x7a,0xcd,0x65,0x55,0x52,0xaf,0xd5,0xa5,0xf8,
  0x1f,0xb2,0xae,0x85,0x33,0xde,0x88,0x6c,0xcc,0x7d,0xe6,0xda,0x9d,0x6d,0xb3,0xb4,
  0x3a,0x94,0x39,0xe4,0x6,0xdb,0x98,0x3e,0xdf,0xc4,0x4c,0x6f,0xe3,0x64,0x4e,0x6d,
  0x84,0x55,0xc8,0x64,0x4d,0x2b,0x5a,0x72,0xc3,0x1c,0x6a,0xb6,0x61,0x55,0x30,0xf7,
  0xd3,0x89,0x6c,0x78,0x72,0xcb,0x93,0x3b,0x9e,0xdc,0xf3,0xe4,0x81,0x27,0x8f,0x3c,
  0xd9,0xf2,0xe4,0x89,0x27,0xb0,0x16,0x18,0x41,0xbe,0x20,0x8,0x18,0x4,0x9,0x83,
  0x20,0x62,0x10,0x64,0xc,0x82,0x90,0x41,0x90,0x32,0x8,0x62,0x6,0x41,0xce,0x9b,
  0x35,0x33,0x8d,0x78,0xcc,0x87,0xc0,0xcc,0x43,0x97,0xa3,0x47,0x32,0x6f,0xd1,0xba,
  0x77,0x6e,0x3,0x78,0x7f,0xaa,0x48,0x8c,0xf2,0x18,0xb1,0x21,0xdf,0xca,0x74,0x14,
  0x30,0x79,0x31,0x34,0x29,0xd3,0xd1,0x46,0xc6,0x53,0xe8,0x87,0x66,0x5a,0xf8,0xbb,
  0xf0,0xb4,0xfa,0x5d,0xaf,0x63,0x45,0xab,0x69,0xef,0x7e,0x1,0xc6,0xa1,0x97,0x44,
  
    // SearchArea.qml
  0x0,0x0,0x4,0x64,
  0x0,
  0x0,0x13,0x43,0x78,0xda,0xd5,0x58,0x4f,0x6b,0xe4,0x36,0x14,0xbf,0x7,0xf2,0x1d,
  0x54,0xe7,0x32,0x5b,0xa8,0x67,0x92,0x36,0xb0,0x2b,0x28,0x25,0x99,0x24,0x6c,0x60,
  0x17,0x9a,0xcd,0xd2,0x1e,0x83,0x46,0xd6,0xd8,0x6a,0x34,0x92,0x23,0xc9,0x9b,0x64,
  0xcb,0x5c,0xa,0x85,0xfe,0x83,0x2d,0x3d,0xb4,0x97,0x1e,0x4a,0xa1,0xc7,0x6,0x4a,
  0x4b,0x7b,0x28,0xfd,0x38,0x93,0x25,0xdf,0xa2,0xb2,0xec,0x19,0x8f,0xc7,0x92,0xc7,
  0xb,0xdd,0xc2,0x8e,0xe7,0x60,0x4b,0xef,0x59,0xef,0xfd,0xde,0x7b,0x3f,0x3d,0x99,
  0x4e,0x52,0x21,0x35,0x38,0xd1,0x27,0x19,0xc5,0xe7,0x9b,0x1b,0xb4,0xf6,0x1c,0xe,
  0x5,0xd7,0x52,0x30,0xd5,0x98,0x78,0x84,0xae,0x45,0xa6,0x95,0x57,0x21,0x7c,0x8c,
  0x34,0x91,0x14,0xb1,0xcd,0x8d,0x27,0x4,0x6b,0xc4,0x63,0x46,0xc0,0xa7,0x9b,0x1b,
  0xc0,0xfc,0x68,0x4,0x15,0x41,0x12,0x27,0xfb,0xe2,0xaa,0x18,0x51,0x34,0xe6,0x88,
  0x1,0xcc,0xcc,0x2b,0x48,0xd4,0xbb,0x57,0x1b,0x25,0x57,0x54,0x57,0x83,0xa9,0x14,
  0x29,0x91,0xfa,0x1a,0x28,0x2d,0x29,0x8f,0x41,0xf1,0xa6,0x63,0x2c,0x38,0x4,0xc1,
  0x85,0xc4,0xb0,0xaf,0x24,0xee,0x17,0xa3,0x61,0xca,0xe3,0xa0,0x55,0x8d,0x8f,0x5,
  0xc,0x6e,0xbf,0xfd,0xf1,0xe5,0x1f,0x3f,0x97,0x82,0x92,0xa0,0x48,0x70,0x76,0x5d,
  0x69,0x20,0x46,0x91,0x2a,0x15,0x9e,0x92,0x2b,0xd,0xe7,0xba,0x69,0xa6,0x43,0x6d,
  0x6,0xa,0xc5,0x27,0xe2,0xb2,0x0,0x65,0xee,0x66,0xfe,0xbb,0xa4,0x91,0x4e,0x20,
  0x58,0xb8,0x1b,0xda,0x1,0xf0,0x36,0x18,0x84,0xf7,0x2b,0xa9,0x84,0xd0,0x38,0xd1,
  0x15,0x28,0x61,0x31,0x60,0xc5,0x76,0x2b,0x31,0xc4,0x71,0x22,0xa4,0xa,0x31,0xe1,
  0x6,0xdb,0x63,0xe,0x53,0x24,0xcd,0x6d,0x25,0xa0,0x52,0x84,0x8d,0x73,0x10,0x6c,
  0xf,0xaa,0xc1,0x6,0xfc,0xf3,0x5f,0x61,0x6d,0x38,0xa6,0x8c,0x7d,0x6c,0xcd,0xd4,
  0x32,0x23,0x5e,0x91,0x87,0x85,0x8d,0x4d,0x19,0x2c,0x98,0x90,0x10,0x2c,0x83,0x32,
  0x16,0x38,0x53,0x1f,0x80,0x60,0xeb,0xe8,0x41,0x7e,0x5,0x0,0x6,0x5b,0x87,0x3b,
  0xf9,0x15,0xd4,0x75,0x47,0x42,0x46,0x44,0x86,0x35,0x94,0x6a,0xaf,0xd8,0x6,0x10,
  0xc,0x9c,0x3a,0x6d,0xcb,0x1e,0x1c,0x1e,0xc,0xf,0xf6,0xcd,0xb2,0xc0,0xb3,0xae,
  0x44,0x11,0xcd,0x14,0xdc,0xad,0x8f,0x3a,0x23,0xb8,0xa,0x7e,0x8e,0xc5,0x2,0xf8,
  0xa6,0xd8,0xf1,0x4,0xc5,0xc4,0xa5,0x6f,0xe3,0x23,0x32,0x89,0x9,0xac,0x52,0xd6,
  0x2d,0x56,0xa6,0x3,0xd8,0x19,0xb8,0xe7,0x4b,0xb8,0x5c,0xd3,0xd3,0xe6,0x50,0x9e,
  0xb2,0x47,0x94,0xb0,0xc8,0x67,0xd5,0xa2,0x1c,0x2d,0x8a,0x6e,0x99,0x46,0xae,0x80,
  0x66,0x22,0xf8,0x93,0xa6,0x45,0xf8,0x99,0x29,0x31,0x8a,0x11,0xdb,0x63,0xa6,0xd8,
  0x27,0x6,0x54,0x68,0xd,0xe,0xed,0xf3,0x47,0x43,0x9b,0xe9,0x6e,0xcd,0x94,0x21,
  0x4c,0x12,0xc1,0x4c,0x32,0xd8,0xaa,0x4,0x36,0xfc,0xc0,0xc4,0x3f,0xf,0x7c,0x55,
  0xdf,0x6e,0xed,0x11,0xc2,0xe7,0xb1,0x14,0x19,0x8f,0xa0,0xbf,0x42,0x1c,0x69,0x1e,
  0x68,0x89,0xb8,0x2a,0xe2,0x1f,0xb8,0xa5,0xa7,0xee,0x61,0x9c,0x49,0x25,0xe4,0x1,
  0x61,0x24,0x36,0xd4,0xd8,0x71,0xd5,0x32,0xd4,0xdb,0xeb,0xed,0x1a,0x19,0x38,0xce,
  0xfd,0x16,0x79,0x12,0xd2,0x58,0x83,0xf5,0xfe,0xf5,0x63,0x91,0x29,0xd2,0x16,0xa6,
  0x42,0x90,0xa,0x3e,0x2c,0x97,0xdb,0x3a,0xbc,0x9f,0x5f,0x41,0x9b,0x38,0x89,0xf2,
  0xc0,0xc,0x3b,0x18,0x28,0xf8,0x51,0x1e,0xbc,0x61,0x62,0x0,0x21,0x26,0x22,0x2d,
  0x88,0xd0,0x71,0xcf,0x6,0xfa,0x5e,0x9b,0x90,0x5,0x86,0x9,0x45,0xf6,0x35,0xf,
  0x9f,0x51,0x45,0x47,0x6,0xe6,0xf7,0x5b,0xfc,0xab,0xc,0x9f,0x53,0xf0,0xca,0x5e,
  0xe4,0x84,0x15,0x10,0xa6,0xc8,0xab,0x9b,0x31,0x46,0x46,0xad,0xe5,0xb5,0x9d,0xd3,
  0xca,0x31,0xd4,0xef,0xcf,0x3e,0xff,0xfd,0xee,0x87,0x5f,0x6f,0xbf,0xf9,0xf2,0xee,
  0xbb,0x9b,0xe6,0xfc,0xda,0xac,0x33,0x6c,0x30,0x37,0xb9,0x8d,0x7d,0x7c,0xdc,0x54,
  0x72,0x97,0x6f,0xba,0x24,0x5e,0xfb,0xe,0x4f,0x99,0xd8,0x74,0xf1,0xf0,0xf6,0x82,
  0x35,0xa,0x2c,0x61,0x1b,0x94,0x9d,0xea,0xab,0xb1,0xa5,0x82,0xd5,0x3d,0xd5,0x53,
  0x91,0x85,0x98,0x7b,0x3b,0xf7,0xf1,0x79,0x4b,0x15,0x4b,0xa1,0x51,0x5e,0x5e,0x10,
  0xbc,0xb7,0xbb,0xae,0xd6,0x83,0xad,0x7,0x3b,0xf9,0xf5,0x6a,0xf4,0xf3,0x86,0xc2,
  0xf1,0xce,0xeb,0xc2,0xc3,0x52,0xde,0x9e,0xe9,0xf6,0xba,0xe0,0x61,0x37,0xfd,0xb5,
  0x58,0x18,0x76,0x2c,0x48,0x3,0xae,0xe3,0xa6,0xe5,0xae,0x5,0x33,0xf3,0xd0,0x46,
  0x33,0xab,0xa,0xc5,0x3e,0xb7,0x96,0x46,0xea,0x74,0x56,0x35,0xd1,0xaf,0x89,0x78,
  0x8e,0x35,0x99,0xf8,0xdc,0x2e,0x92,0x64,0xb7,0x6b,0xbb,0xe0,0xa6,0xe9,0x95,0x35,
  0x6b,0x7b,0xda,0xb4,0x43,0xbb,0x6b,0x88,0x4d,0xe6,0xaf,0x6f,0x10,0x5b,0x99,0xc2,
  0xef,0xe,0xd6,0xf5,0xbe,0xc0,0xd7,0xfc,0x7a,0xd8,0xca,0xdb,0xb,0x1a,0x53,0x68,
  0x3e,0xd7,0x9c,0xf1,0x93,0x6b,0xb,0xb1,0x76,0xaf,0xda,0xb2,0x1,0xad,0xce,0x49,
  0x28,0x8a,0xce,0xc6,0x92,0x12,0x1e,0x9d,0x71,0x21,0x27,0x88,0x2d,0x1d,0x99,0x9c,
  0x84,0xeb,0x8e,0xcd,0xda,0x62,0xea,0x5e,0x48,0x45,0x9b,0x74,0x9a,0xa0,0xd4,0xac,
  0x76,0xa2,0xc3,0xf,0x5,0xe5,0xda,0x1c,0x6a,0x1e,0x22,0x1e,0xd,0xed,0x9c,0xaf,
  0x85,0xe8,0x52,0x7c,0x5a,0xec,0x45,0xd1,0x91,0x75,0xd8,0x57,0x72,0xd3,0x2e,0xa9,
  0xb7,0xda,0x60,0x7b,0xa2,0x8c,0x8d,0xdf,0xec,0xff,0xf,0x73,0x7e,0x28,0x85,0x17,
  0xea,0xa9,0xec,0x5,0xb3,0x17,0xdf,0xdf,0xfe,0xf9,0x45,0xe0,0xf0,0x75,0x6c,0x4e,
  0xea,0x61,0x9a,0xa3,0x7b,0x4a,0x9f,0x13,0xb8,0xbd,0xe3,0x8f,0xfa,0x5b,0x36,0x5b,
  0xe7,0x1d,0xcc,0x1b,0x1c,0x7e,0x49,0xb0,0x30,0x27,0x8e,0xff,0x24,0xf4,0xb,0x2,
  0xb2,0x37,0xf3,0xcb,0x22,0x9b,0x71,0xdb,0x2b,0x57,0xcb,0x2d,0xdb,0x54,0x9d,0xfe,
  0xc,0x87,0xb7,0x7c,0xb1,0x58,0xa6,0xfd,0xb1,0xc8,0x65,0x6b,0xdf,0x29,0xac,0x3b,
  0x25,0x9f,0x15,0x87,0xe1,0x5c,0xa4,0x49,0x44,0xb5,0xd0,0x35,0x7a,0x60,0xef,0x46,
  0x34,0x6d,0x38,0x53,0x2b,0x9d,0x65,0x87,0x8c,0x27,0x4a,0x30,0x12,0x32,0x11,0xf7,
  0x82,0xdb,0xbf,0xfe,0x9e,0x7d,0xf5,0xd3,0xec,0x97,0x7f,0x66,0x2f,0xbe,0x5e,0xce,
  0x3a,0x8f,0xd7,0xeb,0xf8,0xa7,0xe,0x40,0x46,0xa3,0xfe,0xdd,0x67,0x37,0x2f,0x6f,
  0x7e,0x6b,0x5,0xc1,0x7d,0x44,0x5b,0x5,0x62,0x65,0xfb,0x4c,0xcf,0xc4,0xe8,0x13,
  0xb3,0x77,0x84,0xea,0x92,0x6a,0x9c,0x14,0x27,0xcf,0xfc,0x6b,0x96,0xb9,0xe9,0x5,
  0xa7,0xd6,0x8e,0x47,0x54,0xe9,0xf0,0x62,0xc2,0x82,0xa,0x24,0xf3,0xff,0x17,0xbf,
  0x1b,0x8f,0xd5,
    // UserItem.qml
  0x0,0x0,0x4,0xc2,
  0x69,
  0x6d,0x70,0x6f,0x72,0x74,0x20,0x51,0x74,0x51,0x75,0x69,0x63,0x6b,0xd,0xa,0x69,
  0x6d,0x70,0x6f,0x72,0x74,0x20,0x51,0x74,0x51,0x75,0x69,0x63,0x6b,0x2e,0x43,0x6f,
  0x6e,0x74,0x72,0x6f,0x6c,0x73,0xd,0xa,0x69,0x6d,0x70,0x6f,0x72,0x74,0x20,0x51,
  0x74,0x51,0x75,0x69,0x63,0x6b,0x2e,0x4c,0x61,0x79,0x6f,0x75,0x74,0x73,0xd,0xa,
  0x2f,0x2a,0x2a,0x2a,0x2a,0x2a,0x2a,0x2a,0x2a,0x2a,0x2a,0x2a,0x2a,0x2a,0x2a,0x2a,
  0x2a,0x2a,0x2a,0x2a,0x2a,0x2a,0x2a,0x2a,0x2a,0x2a,0x2a,0x2a,0x2a,0x2a,0x2a,0x2a,
  0x2a,0x2a,0x2a,0x2a,0x2a,0x2a,0x2a,0x2a,0x2a,0x2a,0x2a,0x2a,0x2a,0x2a,0x2a,0x2a,
  0x2a,0x2a,0x2a,0x2a,0x2a,0x2a,0x2a,0x2a,0x2a,0x2a,0x2a,0x2a,0x2a,0x2a,0x2a,0x2a,
  0x2a,0x2a,0x2a,0x2a,0x2a,0x2a,0x2a,0x2a,0x2a,0x2a,0x2a,0x2a,0x2a,0x2a,0x2a,0xd,
  0xa,0x20,0x2a,0xd,0xa,0x20,0x2a,0x20,0x40,0x66,0x69,0x6c,0x65,0x20,0x20,0x20,
  0x20,0x20,0x20,0x20,0x55,0x73,0x65,0x72,0x49,0x74,0x65,0x6d,0x2e,0x71,0x6d,0x6c,
  0xd,0xa,0x20,0x2a,0x20,0x20,0x20,0x20,0x20,0x20,0x20,0x20,0x20,0x20,0x20,0x20,
  0x20,0x20,0xe7,0x94,0xa8,0xe6,0x88,0xb7,0xe5,0x88,0x97,0xe8,0xa1,0xa8,0xe9,0xa1,
  0xb9,0xd,0xa,0x20,0x2a,0x20,0x40,0x61,0x75,0x74,0x68,0x6f,0x72,0x20,0x20,0x20,
  0x20,0x20,0x78,0x75,0x6f,0x72,0x7a,0xd,0xa,0x20,0x2a,0x20,0x40,0x64,0x61,0x74,
  0x65,0x20,0x20,0x20,0x20,0x20,0x20,0x20,0x32,0x30,0x32,0x35,0x2f,0x30,0x33,0x2f,
  0x31,0x37,0xd,0xa,0x20,0x2a,0x20,0x40,0x68,0x69,0x73,0x74,0x6f,0x72,0x79,0xd,
  0xa,0x20,0x2a,0x2a,0x2a,0x2a,0x2a,0x2a,0x2a,0x2a,0x2a,0x2a,0x2a,0x2a,0x2a,0x2a,
  0x2a,0x2a,0x2a,0x2a,0x2a,0x2a,0x2a,0x2a,0x2a,0x2a,0x2a,0x2a,0x2a,0x2a,0x2a,0x2a,
  0x2a,0x2a,0x2a,0x2a,0x2a,0x2a,0x2a,0x2a,0x2a,0x2a,0x2a,0x2a,0x2a,0x2a,0x2a,0x2a,
  0x2a,0x2a,0x2a,0x2a,0x2a,0x2a,0x2a,0x2a,0x2a,0x2a,0x2a,0x2a,0x2a,0x2a,0x2a,0x2a,
  0x2a,0x2a,0x2a,0x2a,0x2a,0x2a,0x2a,0x2a,0x2a,0x2a,0x2a,0x2a,0x2a,0x2a,0x2a,0x2f,
  0xd,0xa,0x52,0x65,0x63,0x74,0x61,0x6e,0x67,0x6c,0x65,0x20,0x7b,0xd,0xa,0x20,
  0x20,0x20,0x20,0x69,0x64,0x3a,0x75,0x73,0x65,0x72,0x49,0x74,0x65,0x6d,0xd,0xa,
  0x20,0x20,0x20,0x20,0x68,0x65,0x69,0x67,0x68,0x74,0x3a,0x20,0x36,0x30,0xd,0xa,
  0x20,0x20,0x20,0x20,0x70,0x72,0x6f,0x70,0x65,0x72,0x74,0x79,0x20,0x62,0x6f,0x6f,
  0x6c,0x20,0x69,0x73,0x41,0x63,0x74,0x69,0x76,0x65,0x3a,0x20,0x66,0x61,0x6c,0x73,
  0x65,0xd,0xa,0x20,0x20,0x20,0x20,0x2f,0x2f,0x20,0xe6,0xb7,0xbb,0xe5,0x8a,0xa0,
  0xe7,0x82,0xb9,0xe5,0x87,0xbb,0xe4,0xbf,0xa1,0xe5,0x8f,0xb7,0xd,0xa,0x20,0x20,
  0x20,0x20,0x73,0x69,0x67,0x6e,0x61,0x6c,0x20,0x63,0x6c,0x69,0x63,0x6b,0x65,0x64,
  0x28,0x29,0xd,0xa,0x20,0x20,0x20,0x20,0x63,0x6f,0x6c,0x6f,0x72,0x3a,0x20,0x69,
  0x73,0x41,0x63,0x74,0x69,0x76,0x65,0x20,0x3f,0x20,0x22,0x23,0x43,0x38,0x43,0x37,
  0x43,0x36,0x22,0x20,0x3a,0x20,0x28,0x6d,0x6f,0x75,0x73,0x65,0x41,0x72,0x65,0x61,
  0x2e,0x63,0x6f,0x6e,0x74,0x61,0x69,0x6e,0x73,0x4d,0x6f,0x75,0x73,0x65,0x20,0x3f,
  0x20,0x22,0x23,0x44,0x45,0x44,0x43,0x44,0x41,0x22,0x20,0x3a,0x20,0x22,0x23,0x45,
  0x35,0x45,0x34,0x45,0x34,0x22,0x29,0xd,0xa,0x20,0x20,0x20,0x20,0x52,0x6f,0x77,
  0x4c,0x61,0x79,0x6f,0x75,0x74,0x20,0x7b,0xd,0xa,0x20,0x20,0x20,0x20,0x20,0x20,
  0x20,0x20,0x61,0x6e,0x63,0x68,0x6f,0x72,0x73,0x2e,0x66,0x69,0x6c,0x6c,0x3a,0x20,
  0x70,0x61,0x72,0x65,0x6e,0x74,0xd,0xa,0x20,0x20,0x20,0x20,0x20,0x20,0x20,0x20,
  0x73,0x70,0x61,0x63,0x69,0x6e,0x67,0x3a,0x20,0x31,0x32,0xd,0xa,0x20,0x20,0x20,
  0x20,0x20,0x20,0x20,0x20,0x61,0x6e,0x63,0x68,0x6f,0x72,0x73,0x2e,0x6c,0x65,0x66,
  0x74,0x4d,0x61,0x72,0x67,0x69,0x6e,0x3a,0x31,0x30,0xd,0xa,0x20,0x20,0x20,0x20,
  0x20,0x20,0x20,0x20,0x61,0x6e,0x63,0x68,0x6f,0x72,0x73,0x2e,0x72,0x69,0x67,0x68,
  0x74,0x4d,0x61,0x72,0x67,0x69,0x6e,0x3a,0x31,0x30,0xd,0xa,0x20,0x20,0x20,0x20,
  0x20,0x20,0x20,0x20,0x2f,0x2f,0x20,0xe5,0xa4,0xb4,0xe5,0x83,0x8f,0xd,0xa,0x20,
  0x20,0x20,0x20,0x20,0x20,0x20,0x20,0x49,0x6d,0x61,0x67,0x65,0x20,0x7b,0xd,0xa,
  0x20,0x20,0x20,0x20,0x20,0x20,0x20,0x20,0x20,0x20,0x20,0x20,0x4c,0x61,0x79,0x6f,
  0x75,0x74,0x2e,0x70,0x72,0x65,0x66,0x65,0x72,0x72,0x65,0x64,0x57,0x69,0x64,0x74,
  0x68,0x3a,0x20,0x33,0x32,0xd,0xa,0x20,0x20,0x20,0x20,0x20,0x20,0x20,0x20,0x20,
  0x20,0x20,0x20,0x4c,0x61,0x79,0x6f,0x75,0x74,0x2e,0x70,0x72,0x65,0x66,0x65,0x72,
  0x72,0x65,0x64,0x48,0x65,0x69,0x67,0x68,0x74,0x3a,0x20,0x33,0x32,0xd,0xa,0x20,
  0x20,0x20,0x20,0x20,0x20,0x20,0x20,0x20,0x20,0x20,0x20,0x73,0x6f,0x75,0x72,0x63,
  0x65,0x3a,0x20,0x6d,0x6f,0x64,0x65,0x6c,0x2e,0x61,0x76,0x61,0x74,0x61,0x72,0x7c,
  0x7c,0x20,0x22,0x22,0xd,0xa,0x20,0x20,0x20,0x20,0x20,0x20,0x20,0x20,0x7d,0xd,
  0xa,0xd,0xa,0x20,0x20,0x20,0x20,0x20,0x20,0x20,0x20,0x54,0x65,0x78,0x74,0x20,
  0x7b,0xd,0xa,0x20,0x20,0x20,0x20,0x20,0x20,0x20,0x20,0x20,0x20,0x20,0x20,0x74,
  0x65,0x78,0x74,0x3a,0x20,0x6d,0x6f,0x64,0x65,0x6c,0x2e,0x6e,0x61,0x6d,0x65,0x20,
  0x7c,0x7c,0x20,0x22,0x22,0xd,0xa,0x20,0x20,0x20,0x20,0x20,0x20,0x20,0x20,0x20,
  0x20,0x20,0x20,0x66,0x6f,0x6e,0x74,0x2e,0x70,0x69,0x78,0x65,0x6c,0x53,0x69,0x7a,
  0x65,0x3a,0x20,0x31,0x34,0xd,0xa,0x20,0x20,0x20,0x20,0x20,0x20,0x20,0x20,0x20,
  0x20,0x20,0x20,0x63,0x6f,0x6c,0x6f,0x72,0x3a,0x20,0x22,0x23,0x30,0x30,0x30,0x30,
  0x30,0x30,0x22,0xd,0xa,0x20,0x20,0x20,0x20,0x20,0x20,0x20,0x20,0x20,0x20,0x20,
  0x20,0x65,0x6c,0x69,0x64,0x65,0x3a,0x20,0x54,0x65,0x78,0x74,0x2e,0x45,0x6c,0x69,
  0x64,0x65,0x52,0x69,0x67,0x68,0x74,0x20,0x20,0x2f,0x2f,0x20,0xe6,0x96,0x87,0xe6,
  0x9c,0xac,0xe8,0xbf,0x87,0xe9,0x95,0xbf,0xe6,0x97,0xb6,0xe6,0x98,0xbe,0xe7,0xa4,
  0xba,0xe7,0x9c,0x81,0xe7,0x95,0xa5,0xe5,0x8f,0xb7,0xd,0xa,0x20,0x20,0x20,0x20,
  0x20,0x20,0x20,0x20,0x7d,0xd,0xa,0x20,0x20,0x20,0x20,0x7d,0xd,0xa,0x20,0x20,
  0x20,0x20,0x4d,0x6f,0x75,0x73,0x65,0x41,0x72,0x65,0x61,0x20,0x7b,0xd,0xa,0x20,
  0x20,0x20,0x20,0x20,0x20,0x20,0x20,0x69,0x64,0x3a,0x20,0x6d,0x6f,0x75,0x73,0x65,
  0x41,0x72,0x65,0x61,0xd,0xa,0x20,0x20,0x20,0x20,0x20,0x20,0x20,0x20,0x61,0x6e,
  0x63,0x68,0x6f,0x72,0x73,0x2e,0x66,0x69,0x6c,0x6c,0x3a,0x20,0x70,0x61,0x72,0x65,
  0x6e,0x74,0xd,0xa,0x20,0x20,0x20,0x20,0x20,0x20,0x20,0x20,0x68,0x6f,0x76,0x65,
  0x72,0x45,0x6e,0x61,0x62,0x6c,0x65,0x64,0x3a,0x20,0x74,0x72,0x75,0x65,0xd,0xa,
  0x20,0x20,0x20,0x20,0x20,0x20,0x20,0x20,0x6f,0x6e,0x43,0x6c,0x69,0x63,0x6b,0x65,
  0x64,0x3a,0x20,0x75,0x73,0x65,0x72,0x49,0x74,0x65,0x6d,0x2e,0x63,0x6c,0x69,0x63,
  0x6b,0x65,0x64,0x28,0x29,0xd,0xa,0x20,0x20,0x20,0x20,0x7d,0xd,0xa,0x7d,0xd,
  0xa,
    // ChatArea.qml
  0x0,0x0,0x4,0x15,
  0x69,
  0x6d,0x70,0x6f,0x72,0x74,0x20,0x51,0x74,0x51,0x75,0x69,0x63,0x6b,0xd,0xa,0x69,
  0x6d,0x70,0x6f,0x72,0x74,0x20,0x51,0x74,0x51,0x75,0x69,0x63,0x6b,0x2e,0x43,0x6f,
  0x6e,0x74,0x72,0x6f,0x6c,0x73,0xd,0xa,0x69,0x6d,0x70,0x6f,0x72,0x74,0x20,0x51,
  0x74,0x51,0x75,0x69,0x63,0x6b,0x2e,0x4c,0x61,0x79,0x6f,0x75,0x74,0x73,0xd,0xa,
  0x69,0x6d,0x70,0x6f,0x72,0x74,0x20,0x51,0x74,0x51,0x75,0x69,0x63,0x6b,0x2e,0x43,
  0x6f,0x6e,0x74,0x72,0x6f,0x6c,0x73,0x2e,0x4d,0x61,0x74,0x65,0x72,0x69,0x61,0x6c,
  0xd,0xa,0xd,0xa,0x2f,0x2a,0x2a,0x2a,0x2a,0x2a,0x2a,0x2a,0x2a,0x2a,0x2a,0x2a,
  0x2a,0x2a,0x2a,0x2a,0x2a,0x2a,0x2a,0x2a,0x2a,0x2a,0x2a,0x2a,0x2a,0x2a,0x2a,0x2a,
  0x2a,0x2a,0x2a,0x2a,0x2a,0x2a,0x2a,0x2a,0x2a,0x2a,0x2a,0x2a,0x2a,0x2a,0x2a,0x2a,
  0x2a,0x2a,0x2a,0x2a,0x2a,0x2a,0x2a,0x2a,0x2a,0x2a,0x2a,0x2a,0x2a,0x2a,0x2a,0x2a,
  0x2a,0x2a,0x2a,0x2a,0x2a,0x2a,0x2a,0x2a,0x2a,0x2a,0x2a,0x2a,0x2a,0x2a,0x2a,0x2a,
  0x2a,0x2a,0x2a,0xd,0xa,0x20,0x2a,0xd,0xa,0x20,0x2a,0x20,0x40,0x66,0x69,0x6c,
  0x65,0x20,0x20,0x20,0x20,0x20,0x20,0x20,0x43,0x68,0x61,0x74,0x41,0x72,0x65,0x61,
  0x2e,0x71,0x6d,0x6c,0xd,0xa,0x20,0x2a,0x20,0x20,0x20,0x20,0x20,0x20,0x20,0x20,
  0x20,0x20,0x20,0x20,0x20,0x20,0xe8,0x81,0x8a,0xe5,0xa4,0xa9,0xe5,0x8c,0xba,0xe5,
  0x9f,0x9f,0xd,0xa,0x20,0x2a,0x20,0x40,0x61,0x75,0x74,0x68,0x6f,0x72,0x20,0x20,
  0x20,0x20,0x20,0x78,0x75,0x6f,0x72,0x7a,0xd,0xa,0x20,0x2a,0x20,0x40,0x64,0x61,
  0x74,0x65,0x20,0x20,0x20,0x20,0x20,0x20,0x20,0x32,0x30,0x32,0x35,0x2f,0x30,0x33,
  0x2f,0x31,0x38,0xd,0xa,0x20,0x2a,0x20,0x40,0x68,0x69,0x73,0x74,0x6f,0x72,0x79,
  0xd,0xa,0x20,0x2a,0x2a,0x2a,0x2a,0x2a,0x2a,0x2a,0x2a,0x2a,0x2a,0x2a,0x2a,0x2a,
  0x2a,0x2a,0x2a,0x2a,0x2a,0x2a,0x2a,0x2a,0x2a,0x2a,0x2a,0x2a,0x2a,0x2a,0x2a,0x2a,
  0x2a,0x2a,0x2a,0x2a,0x2a,0x2a,0x2a,0x2a,0x2a,0x2a,0x2a,0x2a,0x2a,0x2a,0x2a,0x2a,
  0x2a,0x2a,0x2a,0x2a,0x2a,0x2a,0x2a,0x2a,0x2a,0x2a,0x2a,0x2a,0x2a,0x2a,0x2a,0x2a,
  0x2a,0x2a,0x2a,0x2a,0x2a,0x2a,0x2a,0x2a,0x2a,0x2a,0x2a,0x2a,0x2a,0x2a,0x2a,0x2a,
  0x2f,0xd,0xa,0xd,0xa,0x43,0x6f,0x6c,0x75,0x6d,0x6e,0x4c,0x61,0x79,0x6f,0x75,
  0x74,0x20,0x7b,0xd,0xa,0x20,0x20,0x20,0x20,0x69,0x64,0x3a,0x63,0x68,0x61,0x74,
  0x41,0x72,0x65,0x61,0xd,0xa,0x20,0x20,0x20,0x20,0x73,0x70,0x61,0x63,0x69,0x6e,
  0x67,0x3a,0x20,0x30,0xd,0xa,0xd,0xa,0xd,0xa,0x20,0x20,0x20,0x20,0x2f,0x2f,
  0xe6,0xb6,0x88,0xe6,0x81,0xaf,0xe8,0xae,0xb0,0xe5,0xbd,0x95,0xe6,0xa1,0x86,0xd,
  0xa,0x20,0x20,0x20,0x20,0x43,0x68,0x61,0x74,0x43,0x6f,0x6e,0x74,0x65,0x6e,0x74,
  0x20,0x7b,0xd,0xa,0x20,0x20,0x20,0x20,0x20,0x20,0x20,0x20,0x69,0x64,0x3a,0x63,
  0x68,0x61,0x74,0x43,0x6f,0x6e,0x74,0x65,0x6e,0x74,0xd,0xa,0x20,0x20,0x20,0x20,
  0x20,0x20,0x20,0x20,0x4c,0x61,0x79,0x6f,0x75,0x74,0x2e,0x66,0x69,0x6c,0x6c,0x57,
  0x69,0x64,0x74,0x68,0x3a,0x20,0x74,0x72,0x75,0x65,0xd,0xa,0x20,0x20,0x20,0x20,
  0x20,0x20,0x20,0x20,0x4c,0x61,0x79,0x6f,0x75,0x74,0x2e,0x66,0x69,0x6c,0x6c,0x48,
  0x65,0x69,0x67,0x68,0x74,0x3a,0x20,0x74,0x72,0x75,0x65,0xd,0xa,0xd,0xa,0x20,
  0x20,0x20,0x20,0x7d,0xd,0xa,0xd,0xa,0x20,0x20,0x20,0x20,0x2f,0x2f,0xe5,0xb7,
  0xa5,0xe5,0x85,0xb7,0xe6,0xa0,0x8f,0xe5,0x8c,0xba,0xe5,0x9f,0x9f,0xd,0xa,0x20,
  0x20,0x20,0x20,0x43,0x68,0x61,0x74,0x54,0x6f,0x6f,0x6c,0x73,0x20,0x7b,0xd,0xa,
  0x20,0x20,0x20,0x20,0x20,0x20,0x20,0x20,0x69,0x64,0x3a,0x74,0x6f,0x6f,0x6c,0x73,
  0xd,0xa,0x20,0x20,0x20,0x20,0x20,0x20,0x20,0x20,0x4c,0x61,0x79,0x6f,0x75,0x74,
  0x2e,0x66,0x69,0x6c,0x6c,0x57,0x69,0x64,0x74,0x68,0x3a,0x20,0x74,0x72,0x75,0x65,
  0xd,0xa,0x20,0x20,0x20,0x20,0x20,0x20,0x20,0x20,0x68,0x65,0x69,0x67,0x68,0x74,
  0x3a,0x20,0x32,0x32,0xd,0xa,0x20,0x20,0x20,0x20,0x20,0x20,0x20,0x20,0x6f,0x6e,
  0x53,0x65,0x6e,0x64,0x4d,0x65,0x73,0x73,0x61,0x67,0x65,0x3a,0x20,0x66,0x75,0x6e,
  0x63,0x74,0x69,0x6f,0x6e,0x28,0x6d,0x65,0x73,0x73,0x61,0x67,0x65,0x29,0x7b,0xd,
  0xa,0x20,0x20,0x20,0x20,0x20,0x20,0x20,0x20,0x20,0x20,0x20,0x20,0x63,0x68,0x61,
  0x74,0x43,0x6f,0x6e,0x74,0x65,0x6e,0x74,0x2e,0x61,0x70,0x70,0x65,0x6e,0x64,0x4d,
  0x65,0x73,0x73,0x61,0x67,0x65,0x28,0x6d,0x65,0x73,0x73,0x61,0x67,0x65,0x29,0xd,
  0xa,0x20,0x20,0x20,0x20,0x20,0x20,0x20,0x20,0x7d,0xd,0xa,0x20,0x20,0x20,0x20,
  0x7d,0xd,0xa,0xd,0xa,0x20,0x20,0x20,0x20,0x2f,0x2f,0xe5,0xba,0x95,0xe9,0x83,
  0xa8,0xe6,0xb6,0x88,0xe6,0x81,0xaf,0xe8,0xbe,0x93,0xe5,0x85,0xa5,0xe6,0xa1,0x86,
  0xd,0xa,0x20,0x20,0x20,0x20,0x43,0x68,0x61,0x74,0x49,0x6e,0x70,0x75,0x74,0x20,
  0x7b,0xd,0xa,0x20,0x20,0x20,0x20,0x20,0x20,0x20,0x20,0x69,0x64,0x3a,0x63,0x68,
  0x61,0x74,0x49,0x6e,0x70,0x75,0x74,0xd,0xa,0x20,0x20,0x20,0x20,0x20,0x20,0x20,
  0x20,0x4c,0x61,0x79,0x6f,0x75,0x74,0x2e,0x66,0x69,0x6c,0x6c,0x57,0x69,0x64,0x74,
  0x68,0x3a,0x20,0x74,0x72,0x75,0x65,0xd,0xa,0x20,0x20,0x20,0x20,0x20,0x20,0x20,
  0x20,0x68,0x65,0x69,0x67,0x68,0x74,0x3a,0x20,0x31,0x32,0x30,0xd,0xa,0x20,0x20,
  0x20,0x20,0x20,0x20,0x20,0x20,0x6f,0x6e,0x53,0x65,0x6e,0x64,0x4d,0x65,0x73,0x73,
  0x61,0x67,0x65,0x3a,0x20,0x66,0x75,0x6e,0x63,0x74,0x69,0x6f,0x6e,0x28,0x6d,0x65,
  0x73,0x73,0x61,0x67,0x65,0x29,0x7b,0xd,0xa,0x20,0x20,0x20,0x20,0x20,0x20,0x20,
  0x20,0x20,0x20,0x20,0x20,0x63,0x68,0x61,0x74,0x43,0x6f,0x6e,0x74,0x65,0x6e,0x74,
  0x2e,0x61,0x70,0x70,0x65,0x6e,0x64,0x4d,0x65,0x73,0x73,0x61,0x67,0x65,0x28,0x6d,
  0x65,0x73,0x73,0x61,0x67,0x65,0x29,0xd,0xa,0x20,0x20,0x20,0x20,0x20,0x20,0x20,
  0x20,0x7d,0xd,0xa,0x20,0x20,0x20,0x20,0x7d,0xd,0xa,0x7d,0xd,0xa,0xd,0xa,
  0xd,0xa,0xd,0xa,
    // ChatContent.qml
  0x0,0x0,0x6,0x19,
  0x69,
  0x6d,0x70,0x6f,0x72,0x74,0x20,0x51,0x74,0x51,0x75,0x69,0x63,0x6b,0xd,0xa,0x69,
  0x6d,0x70,0x6f,0x72,0x74,0x20,0x51,0x74,0x51,0x75,0x69,0x63,0x6b,0x2e,0x43,0x6f,
  0x6e,0x74,0x72,0x6f,0x6c,0x73,0xd,0xa,0x69,0x6d,0x70,0x6f,0x72,0x74,0x20,0x51,
  0x74,0x51,0x75,0x69,0x63,0x6b,0x2e,0x4c,0x61,0x79,0x6f,0x75,0x74,0x73,0xd,0xa,
  0x69,0x6d,0x70,0x6f,0x72,0x74,0x20,0x51,0x74,0x51,0x75,0x69,0x63,0x6b,0x2e,0x43,
  0x6f,0x6e,0x74,0x72,0x6f,0x6c,0x73,0x2e,0x4d,0x61,0x74,0x65,0x72,0x69,0x61,0x6c,
  0xd,0xa,0xd,0xa,0x2f,0x2a,0x2a,0x2a,0x2a,0x2a,0x2a,0x2a,0x2a,0x2a,0x2a,0x2a,
  0x2a,0x2a,0x2a,0x2a,0x2a,0x2a,0x2a,0x2a,0x2a,0x2a,0x2a,0x2a,0x2a,0x2a,0x2a,0x2a,
  0x2a,0x2a,0x2a,0x2a,0x2a,0x2a,0x2a,0x2a,0x2a,0x2a,0x2a,0x2a,0x2a,0x2a,0x2a,0x2a,
  0x2a,0x2a,0x2a,0x2a,0x2a,0x2a,0x2a,0x2a,0x2a,0x2a,0x2a,0x2a,0x2a,0x2a,0x2a,0x2a,
  0x2a,0x2a,0x2a,0x2a,0x2a,0x2a,0x2a,0x2a,0x2a,0x2a,0x2a,0x2a,0x2a,0x2a,0x2a,0x2a,
  0x2a,0x2a,0x2a,0xd,0xa,0x20,0x2a,0xd,0xa,0x20,0x2a,0x20,0x40,0x66,0x69,0x6c,
  0x65,0x20,0x20,0x20,0x20,0x20,0x20,0x20,0x43,0x68,0x61,0x74,0x43,0x6f,0x6e,0x74,
  0x65,0x6e,0x74,0x2e,0x71,0x6d,0x6c,0xd,0xa,0x20,0x2a,0x20,0x20,0x20,0x20,0x20,
  0x20,0x20,0x20,0x20,0x20,0x20,0x20,0x20,0xe8,0x81,0x8a,0xe5,0xa4,0xa9,0xe5,0x86,
  0x85,0xe5,0xae,0xb9,0xe5,0x8c,0xba,0xe5,0x9f,0x9f,0xd,0xa,0x20,0x2a,0x20,0x40,
  0x61,0x75,0x74,0x68,0x6f,0x72,0x20,0x20,0x20,0x20,0x20,0x78,0x75,0x6f,0x72,0x7a,
  0xd,0xa,0x20,0x2a,0x20,0x40,0x64,0x61,0x74,0x65,0x20,0x20,0x20,0x20,0x20,0x20,
  0x20,0x32,0x30,0x32,0x35,0x2f,0x30,0x33,0x2f,0x31,0x38,0xd,0xa,0x20,0x2a,0x20,
  0x40,0x68,0x69,0x73,0x74,0x6f,0x72,0x79,0xd,0xa,0x20,0x2a,0x2a,0x2a,0x2a,0x2a,
  0x2a,0x2a,0x2a,0x2a,0x2a,0x2a,0x2a,0x2a,0x2a,0x2a,0x2a,0x2a,0x2a,0x2a,0x2a,0x2a,
  0x2a,0x2a,0x2a,0x2a,0x2a,0x2a,0x2a,0x2a,0x2a,0x2a,0x2a,0x2a,0x2a,0x2a,0x2a,0x2a,
  0x2a,0x2a,0x2a,0x2a,0x2a,0x2a,0x2a,0x2a,0x2a,0x2a,0x2a,0x2a,0x2a,0x2a,0x2a,0x2a,
  0x2a,0x2a,0x2a,0x2a,0x2a,0x2a,0x2a,0x2a,0x2a,0x2a,0x2a,0x2a,0x2a,0x2a,0x2a,0x2a,
  0x2a,0x2a,0x2a,0x2a,0x2a,0x2a,0x2a,0x2a,0x2f,0xd,0xa,0x52,0x65,0x63,0x74,0x61,
  0x6e,0x67,0x6c,0x65,0x20,0x7b,0xd,0xa,0x20,0x20,0x20,0x20,0x63,0x6f,0x6c,0x6f,
  0x72,0x3a,0x20,0x22,0x23,0x46,0x35,0x46,0x35,0x46,0x35,0x22,0xd,0xa,0x20,0x20,
  0x20,0x20,0x62,0x6f,0x72,0x64,0x65,0x72,0x2e,0x77,0x69,0x64,0x74,0x68,0x3a,0x31,
  0xd,0xa,0x20,0x20,0x20,0x20,0x62,0x6f,0x72,0x64,0x65,0x72,0x2e,0x63,0x6f,0x6c,
  0x6f,0x72,0x3a,0x22,0x23,0x45,0x37,0x45,0x37,0x45,0x37,0x22,0xd,0xa,0x20,0x20,
  0x20,0x20,0x4c,0x69,0x73,0x74,0x56,0x69,0x65,0x77,0x20,0x7b,0xd,0xa,0x20,0x20,
  0x20,0x20,0x20,0x20,0x20,0x20,0x69,0x64,0x3a,0x6d,0x65,0x73,0x73,0x61,0x67,0x65,
  0x4c,0x69,0x73,0x74,0xd,0xa,0x20,0x20,0x20,0x20,0x20,0x20,0x20,0x20,0x63,0x6c,
  0x69,0x70,0x3a,0x20,0x74,0x72,0x75,0x65,0x20,0x20,0x2f,0x2f,0x20,0xe9,0x98,0xb2,
  0xe6,0xad,0xa2,0xe5,0x86,0x85,0xe5,0xae,0xb9,0xe6,0xba,0xa2,0xe5,0x87,0xba,0xd,
  0xa,0x20,0x20,0x20,0x20,0x20,0x20,0x20,0x20,0x62,0x6f,0x75,0x6e,0x64,0x73,0x42,
  0x65,0x68,0x61,0x76,0x69,0x6f,0x72,0x3a,0x46,0x6c,0x69,0x63,0x6b,0x61,0x62,0x6c,
  0x65,0x2e,0x53,0x74,0x6f,0x70,0x41,0x74,0x42,0x6f,0x75,0x6e,0x64,0x73,0xd,0xa,
  0x20,0x20,0x20,0x20,0x20,0x20,0x20,0x20,0x61,0x6e,0x63,0x68,0x6f,0x72,0x73,0x2e,
  0x66,0x69,0x6c,0x6c,0x3a,0x20,0x70,0x61,0x72,0x65,0x6e,0x74,0xd,0xa,0x20,0x20,
  0x20,0x20,0x20,0x20,0x20,0x20,0x70,0x72,0x6f,0x70,0x65,0x72,0x74,0x79,0x20,0x69,
  0x6e,0x74,0x20,0x61,0x63,0x74,0x69,0x76,0x65,0x49,0x6e,0x64,0x65,0x78,0x3a,0x20,
  0x30,0xd,0xa,0x20,0x20,0x20,0x20,0x20,0x20,0x20,0x20,0x73,0x70,0x61,0x63,0x69,
  0x6e,0x67,0x3a,0x31,0x30,0xd,0xa,0xd,0xa,0x20,0x20,0x20,0x20,0x20,0x20,0x20,
  0x20,0x2f,0x2f,0x20,0xe6,0xb7,0xbb,0xe5,0x8a,0xa0,0xe6,0xbb,0x9a,0xe5,0x8a,0xa8,
  0xe6,0x9d,0xa1,0xd,0xa,0x20,0x20,0x20,0x20,0x20,0x20,0x20,0x20,0x53,0x63,0x72,
  0x6f,0x6c,0x6c,0x42,0x61,0x72,0x2e,0x76,0x65,0x72,0x74,0x69,0x63,0x61,0x6c,0x3a,
  0x20,0x53,0x63,0x72,0x6f,0x6c,0x6c,0x42,0x61,0x72,0x20,0x7b,0xd,0xa,0x20,0x20,
  0x20,0x20,0x20,0x20,0x20,0x20,0x20,0x20,0x20,0x20,0x61,0x63,0x74,0x69,0x76,0x65,
  0x3a,0x20,0x74,0x72,0x75,0x65,0xd,0xa,0x20,0x20,0x20,0x20,0x20,0x20,0x20,0x20,
  0x7d,0xd,0xa,0x20,0x20,0x20,0x20,0x20,0x20,0x20,0x20,0x6d,0x6f,0x64,0x65,0x6c,
  0x3a,0x20,0x4c,0x69,0x73,0x74,0x4d,0x6f,0x64,0x65,0x6c,0x20,0x7b,0xd,0xa,0x20,
  0x20,0x20,0x20,0x20,0x20,0x20,0x20,0x20,0x20,0x20,0x20,0x69,0x64,0x3a,0x20,0x6d,
  0x65,0x73,0x73,0x61,0x67,0x65,0x4d,0x6f,0x64,0x65,0x6c,0xd,0xa,0x20,0x20,0x20,
  0x20,0x20,0x20,0x20,0x20,0x7d,0xd,0xa,0x20,0x20,0x20,0x20,0x20,0x20,0x20,0x20,
  0x64,0x65,0x6c,0x65,0x67,0x61,0x74,0x65,0x3a,0x20,0x42,0x75,0x62,0x62,0x6c,0x65,
  0x43,0x68,0x61,0x74,0x42,0x6f,0x78,0x20,0x7b,0xd,0xa,0x20,0x20,0x20,0x20,0x20,
  0x20,0x20,0x20,0x20,0x20,0x20,0x20,0x77,0x69,0x64,0x74,0x68,0x3a,0x20,0x6d,0x65,
  0x73,0x73,0x61,0x67,0x65,0x4c,0x69,0x73,0x74,0x2e,0x77,0x69,0x64,0x74,0x68,0xd,
  0xa,0x20,0x20,0x20,0x20,0x20,0x20,0x20,0x20,0x20,0x20,0x20,0x20,0x2f,0x2f,0x20,
  0x68,0x65,0x69,0x67,0x68,0x74,0x3a,0x20,0x34,0x30,0xd,0xa,0x20,0x20,0x20,0x20,
  0x20,0x20,0x20,0x20,0x20,0x20,0x20,0x20,0x61,0x76,0x61,0x74,0x61,0x72,0x3a,0x20,
  0x6d,0x6f,0x64,0x65,0x6c,0x2e,0x61,0x76,0x61,0x74,0x61,0x72,0xd,0xa,0x20,0x20,
  0x20,0x20,0x20,0x20,0x20,0x20,0x20,0x20,0x20,0x20,0x75,0x73,0x65,0x72,0x4e,0x61,
  0x6d,0x65,0x3a,0x20,0x6d,0x6f,0x64,0x65,0x6c,0x2e,0x75,0x73,0x65,0x72,0x4e,0x61,
  0x6d,0x65,0xd,0xa,0x20,0x20,0x20,0x20,0x20,0x20,0x20,0x20,0x20,0x20,0x20,0x20,
  0x6d,0x65,0x73,0x73,0x61,0x67,0x65,0x3a,0x20,0x6d,0x6f,0x64,0x65,0x6c,0x2e,0x6d,
  0x65,0x73,0x73,0x61,0x67,0x65,0xd,0xa,0x20,0x20,0x20,0x20,0x20,0x20,0x20,0x20,
  0x20,0x20,0x20,0x20,0x69,0x73,0x53,0x65,0x6c,0x66,0x3a,0x20,0x6d,0x6f,0x64,0x65,
  0x6c,0x2e,0x69,0x73,0x53,0x65,0x6c,0x66,0xd,0xa,0x20,0x20,0x20,0x20,0x20,0x20,
  0x20,0x20,0x20,0x20,0x20,0x20,0x74,0x79,0x70,0x65,0x3a,0x6d,0x6f,0x64,0x65,0x6c,
  0x2e,0x74,0x79,0x70,0x65,0xd,0xa,0x20,0x20,0x20,0x20,0x20,0x20,0x20,0x20,0x7d,
  0xd,0xa,0x20,0x20,0x20,0x20,0x7d,0xd,0xa,0x20,0x20,0x20,0x20,0x66,0x75,0x6e,
  0x63,0x74,0x69,0x6f,0x6e,0x20,0x61,0x70,0x70,0x65,0x6e,0x64,0x4d,0x65,0x73,0x73,
  0x61,0x67,0x65,0x28,0x6d,0x65,0x73,0x73,0x61,0x67,0x65,0x29,0x20,0x7b,0xd,0xa,
  0x20,0x20,0x20,0x20,0x20,0x20,0x20,0x20,0x6d,0x65,0x73,0x73,0x61,0x67,0x65,0x4d,
  0x6f,0x64,0x65,0x6c,0x2e,0x61,0x70,0x70,0x65,0x6e,0x64,0x28,0x7b,0xd,0xa,0x20,
  0x20,0x20,0x20,0x20,0x20,0x20,0x20,0x20,0x20,0x20,0x20,0x22,0x61,0x76,0x61,0x74,
  0x61,0x72,0x22,0x3a,0x20,0x6d,0x65,0x73,0x73,0x61,0x67,0x65,0x2e,0x61,0x76,0x61,
  0x74,0x61,0x72,0x2c,0xd,0xa,0x20,0x20,0x20,0x20,0x20,0x20,0x20,0x20,0x20,0x20,
  0x20,0x20,0x22,0x75,0x73,0x65,0x72,0x4e,0x61,0x6d,0x65,0x22,0x3a,0x20,0x6d,0x65,
  0x73,0x73,0x61,0x67,0x65,0x2e,0x75,0x73,0x65,0x72,0x4e,0x61,0x6d,0x65,0x2c,0xd,
  0xa,0x20,0x20,0x20,0x20,0x20,0x20,0x20,0x20,0x20,0x20,0x20,0x20,0x22,0x6d,0x65,
  0x73,0x73,0x61,0x67,0x65,0x22,0x3a,0x20,0x6d,0x65,0x73,0x73,0x61,0x67,0x65,0x2e,
  0x6d,0x65,0x73,0x73,0x61,0x67,0x65,0x2c,0xd,0xa,0x20,0x20,0x20,0x20,0x20,0x20,
  0x20,0x20,0x20,0x20,0x20,0x20,0x22,0x69,0x73,0x53,0x65,0x6c,0x66,0x22,0x3a,0x20,
  0x6d,0x65,0x73,0x73,0x61,0x67,0x65,0x2e,0x69,0x73,0x53,0x65,0x6c,0x66,0x2c,0xd,
  0xa,0x20,0x20,0x20,0x20,0x20,0x20,0x20,0x20,0x20,0x20,0x20,0x20,0x22,0x74,0x79,
  0x70,0x65,0x22,0x3a,0x20,0x6d,0x65,0x73,0x73,0x61,0x67,0x65,0x2e,0x74,0x79,0x70,
  0x65,0xd,0xa,0x20,0x20,0x20,0x20,0x20,0x20,0x20,0x20,0x7d,0x29,0xd,0xa,0x20,
  0x20,0x20,0x20,0x20,0x20,0x20,0x20,0x6d,0x65,0x73,0x73,0x61,0x67,0x65,0x4c,0x69,
  0x73,0x74,0x2e,0x70,0x6f,0x73,0x69,0x74,0x69,0x6f,0x6e,0x56,0x69,0x65,0x77,0x41,
  0x74,0x45,0x6e,0x64,0x28,0x29,0xd,0xa,0x20,0x20,0x20,0x20,0x7d,0xd,0xa,0x20,
  0x20,0x20,0x20,0x66,0x75,0x6e,0x63,0x74,0x69,0x6f,0x6e,0x20,0x63,0x6c,0x65,0x61,
  0x72,0x4d,0x65,0x73,0x73,0x61,0x67,0x65,0x28,0x29,0x20,0x7b,0xd,0xa,0x20,0x20,
  0x20,0x20,0x20,0x20,0x20,0x20,0x6d,0x65,0x73,0x73,0x61,0x67,0x65,0x4d,0x6f,0x64,
  0x65,0x6c,0x2e,0x63,0x6c,0x65,0x61,0x72,0x28,0x29,0xd,0xa,0x20,0x20,0x20,0x20,
  0x7d,0xd,0xa,0x7d,0xd,0xa,0xd,0xa,
    // ApplyFriendPage.qml
  0x0,0x0,0x2,0x13,
  0x69,
  0x6d,0x70,0x6f,0x72,0x74,0x20,0x51,0x74,0x51,0x75,0x69,0x63,0x6b,0xd,0xa,0x69,
  0x6d,0x70,0x6f,0x72,0x74,0x20,0x51,0x74,0x51,0x75,0x69,0x63,0x6b,0x2e,0x43,0x6f,
  0x6e,0x74,0x72,0x6f,0x6c,0x73,0xd,0xa,0x69,0x6d,0x70,0x6f,0x72,0x74,0x20,0x51,
  0x74,0x51,0x75,0x69,0x63,0x6b,0x2e,0x4c,0x61,0x79,0x6f,0x75,0x74,0x73,0xd,0xa,
  0x2f,0x2a,0x2a,0x2a,0x2a,0x2a,0x2a,0x2a,0x2a,0x2a,0x2a,0x2a,0x2a,0x2a,0x2a,0x2a,
  0x2a,0x2a,0x2a,0x2a,0x2a,0x2a,0x2a,0x2a,0x2a,0x2a,0x2a,0x2a,0x2a,0x2a,0x2a,0x2a,
  0x2a,0x2a,0x2a,0x2a,0x2a,0x2a,0x2a,0x2a,0x2a,0x2a,0x2a,0x2a,0x2a,0x2a,0x2a,0x2a,
  0x2a,0x2a,0x2a,0x2a,0x2a,0x2a,0x2a,0x2a,0x2a,0x2a,0x2a,0x2a,0x2a,0x2a,0x2a,0x2a,
  0x2a,0x2a,0x2a,0x2a,0x2a,0x2a,0x2a,0x2a,0x2a,0x2a,0x2a,0x2a,0x2a,0x2a,0x2a,0xd,
  0xa,0x20,0x2a,0xd,0xa,0x20,0x2a,0x20,0x40,0x66,0x69,0x6c,0x65,0x20,0x20,0x20,
  0x20,0x20,0x20,0x20,0x41,0x70,0x70,0x6c,0x79,0x46,0x72,0x69,0x65,0x6e,0x64,0x50,
  0x61,0x67,0x65,0x2e,0x71,0x6d,0x6c,0xd,0xa,0x20,0x2a,0x20,0x40,0x62,0x72,0x69,
  0x65,0x66,0x20,0x20,0x20,0x20,0x20,0x20,0xe5,0xa5,0xbd,0xe5,0x8f,0x8b,0xe7,0x94,
  0xb3,0xe8,0xaf,0xb7,0xd,0xa,0x20,0x2a,0xd,0xa,0x20,0x2a,0x20,0x40,0x61,0x75,
  0x74,0x68,0x6f,0x72,0x20,0x20,0x20,0x20,0x20,0x78,0x75,0x6f,0x72,0x7a,0xd,0xa,
  0x20,0x2a,0x20,0x40,0x64,0x61,0x74,0x65,0x20,0x20,0x20,0x20,0x20,0x20,0x20,0x32,
  0x30,0x32,0x35,0x2f,0x30,0x34,0x2f,0x32,0x33,0xd,0xa,0x20,0x2a,0x20,0x40,0x68,
  0x69,0x73,0x74,0x6f,0x72,0x79,0xd,0xa,0x20,0x2a,0x2a,0x2a,0x2a,0x2a,0x2a,0x2a,
  0x2a,0x2a,0x2a,0x2a,0x2a,0x2a,0x2a,0x2a,0x2a,0x2a,0x2a,0x2a,0x2a,0x2a,0x2a,0x2a,
  0x2a,0x2a,0x2a,0x2a,0x2a,0x2a,0x2a,0x2a,0x2a,0x2a,0x2a,0x2a,0x2a,0x2a,0x2a,0x2a,
  0x2a,0x2a,0x2a,0x2a,0x2a,0x2a,0x2a,0x2a,0x2a,0x2a,0x2a,0x2a,0x2a,0x2a,0x2a,0x2a,
  0x2a,0x2a,0x2a,0x2a,0x2a,0x2a,0x2a,0x2a,0x2a,0x2a,0x2a,0x2a,0x2a,0x2a,0x2a,0x2a,
  0x2a,0x2a,0x2a,0x2a,0x2a,0x2a,0x2f,0xd,0xa,0x46,0x72,0x61,0x6d,0x65,0x6c,0x65,
  0x73,0x73,0x57,0x69,0x6e,0x64,0x6f,0x77,0x20,0x7b,0xd,0xa,0x20,0x20,0x20,0x20,
  0x77,0x69,0x64,0x74,0x68,0x3a,0x33,0x30,0x30,0xd,0xa,0x20,0x20,0x20,0x20,0x68,
  0x65,0x69,0x67,0x68,0x74,0x3a,0x35,0x34,0x30,0xd,0xa,0x20,0x20,0x20,0x20,0x74,
  0x69,0x70,0x54,0x6f,0x70,0x42,0x74,0x6e,0x53,0x68,0x6f,0x77,0x3a,0x20,0x66,0x61,
  0x6c,0x73,0x65,0xd,0xa,0x20,0x20,0x20,0x20,0x6d,0x69,0x6e,0x42,0x6e,0x74,0x53,
  0x68,0x6f,0x77,0x3a,0x20,0x66,0x61,0x6c,0x73,0x65,0xd,0xa,0x20,0x20,0x20,0x20,
  0x6d,0x61,0x78,0x42,0x6e,0x74,0x53,0x68,0x6f,0x77,0x3a,0x20,0x66,0x61,0x6c,0x73,
  0x65,0xd,0xa,0x20,0x20,0x20,0x20,0x71,0x75,0x69,0x74,0x42,0x6e,0x74,0x53,0x68,
  0x6f,0x77,0x3a,0x20,0x74,0x72,0x75,0x65,0xd,0xa,0x20,0x20,0x20,0x20,0x76,0x69,
  0x73,0x69,0x62,0x6c,0x65,0x3a,0x66,0x61,0x6c,0x73,0x65,0xd,0xa,0xd,0xa,0x7d,
  0xd,0xa,
    // LeftNavBar.qml
  0x0,0x0,0xb,0x9f,
  0x69,
  0x6d,0x70,0x6f,0x72,0x74,0x20,0x51,0x74,0x51,0x75,0x69,0x63,0x6b,0xd,0xa,0x69,
  0x6d,0x70,0x6f,0x72,0x74,0x20,0x51,0x74,0x51,0x75,0x69,0x63,0x6b,0x2e,0x43,0x6f,
  0x6e,0x74,0x72,0x6f,0x6c,0x73,0xd,0xa,0x69,0x6d,0x70,0x6f,0x72,0x74,0x20,0x51,
  0x74,0x51,0x75,0x69,0x63,0x6b,0x2e,0x4c,0x61,0x79,0x6f,0x75,0x74,0x73,0xd,0xa,
  0xd,0xa,0xd,0xa,0x52,0x65,0x63,0x74,0x61,0x6e,0x67,0x6c,0x65,0x20,0x7b,0xd,
  0xa,0x20,0x20,0x20,0x20,0x69,0x64,0x3a,0x20,0x6c,0x65,0x66,0x74,0x4e,0x61,0x76,
  0x42,0x61,0x72,0xd,0xa,0xd,0xa,0x20,0x20,0x20,0x20,0x43,0x6f,0x6c,0x75,0x6d,
  0x6e,0x4c,0x61,0x79,0x6f,0x75,0x74,0x20,0x7b,0xd,0xa,0x20,0x20,0x20,0x20,0x20,
  0x20,0x20,0x20,0x61,0x6e,0x63,0x68,0x6f,0x72,0x73,0x2e,0x66,0x69,0x6c,0x6c,0x3a,
  0x20,0x6c,0x65,0x66,0x74,0x4e,0x61,0x76,0x42,0x61,0x72,0xd,0xa,0x20,0x20,0x20,
  0x20,0x20,0x20,0x20,0x20,0x73,0x70,0x61,0x63,0x69,0x6e,0x67,0x3a,0x20,0x31,0x30,
  0xd,0xa,0x20,0x20,0x20,0x20,0x20,0x20,0x20,0x20,0x52,0x6f,0x75,0x6e,0x64,0x42,
  0x75,0x74,0x74,0x6f,0x6e,0x20,0x7b,0xd,0xa,0x20,0x20,0x20,0x20,0x20,0x20,0x20,
  0x20,0x20,0x20,0x20,0x20,0x69,0x64,0x3a,0x61,0x76,0x61,0x74,0x61,0x72,0x42,0x75,
  0x74,0x74,0x6f,0x6e,0xd,0xa,0x20,0x20,0x20,0x20,0x20,0x20,0x20,0x20,0x20,0x20,
  0x20,0x20,0x70,0x72,0x6f,0x70,0x65,0x72,0x74,0x79,0x20,0x69,0x6e,0x74,0x20,0x69,
  0x63,0x6f,0x6e,0x5f,0x77,0x69,0x64,0x74,0x68,0x3a,0x36,0x20,0x2a,0x20,0x6c,0x65,
  0x66,0x74,0x4e,0x61,0x76,0x42,0x61,0x72,0x2e,0x77,0x69,0x64,0x74,0x68,0x20,0x2f,
  0x20,0x37,0xd,0xa,0x20,0x20,0x20,0x20,0x20,0x20,0x20,0x20,0x20,0x20,0x20,0x20,
  0x4c,0x61,0x79,0x6f,0x75,0x74,0x2e,0x61,0x6c,0x69,0x67,0x6e,0x6d,0x65,0x6e,0x74,
  0x3a,0x20,0x51,0x74,0x2e,0x41,0x6c,0x69,0x67,0x6e,0x48,0x43,0x65,0x6e,0x74,0x65,
  0x72,0xd,0xa,0x20,0x20,0x20,0x20,0x20,0x20,0x20,0x20,0x20,0x20,0x20,0x20,0x4c,
  0x61,0x79,0x6f,0x75,0x74,0x2e,0x74,0x6f,0x70,0x4d,0x61,0x72,0x67,0x69,0x6e,0x3a,
  0x20,0x33,0x30,0xd,0xa,0x20,0x20,0x20,0x20,0x20,0x20,0x20,0x20,0x20,0x20,0x20,
  0x20,0x4c,0x61,0x79,0x6f,0x75,0x74,0x2e,0x70,0x72,0x65,0x66,0x65,0x72,0x72,0x65,
  0x64,0x57,0x69,0x64,0x74,0x68,0x3a,0x20,0x69,0x63,0x6f,0x6e,0x5f,0x77,0x69,0x64,
  0x74,0x68,0xd,0xa,0x20,0x20,0x20,0x20,0x20,0x20,0x20,0x20,0x20,0x20,0x20,0x20,
  0x4c,0x61,0x79,0x6f,0x75,0x74,0x2e,0x70,0x72,0x65,0x66,0x65,0x72,0x72,0x65,0x64,
  0x48,0x65,0x69,0x67,0x68,0x74,0x3a,0x20,0x69,0x63,0x6f,0x6e,0x5f,0x77,0x69,0x64,
  0x74,0x68,0xd,0xa,0x20,0x20,0x20,0x20,0x20,0x20,0x20,0x20,0x20,0x20,0x20,0x20,
  0x69,0x63,0x6f,0x6e,0x2e,0x73,0x6f,0x75,0x72,0x63,0x65,0x3a,0x20,0x22,0x71,0x72,
  0x63,0x3a,0x2f,0x73,0x72,0x63,0x2f,0x61,0x76,0x61,0x74,0x61,0x72,0x2e,0x6a,0x70,
  0x67,0x22,0xd,0xa,0x20,0x20,0x20,0x20,0x20,0x20,0x20,0x20,0x20,0x20,0x20,0x20,
  0x69,0x63,0x6f,0x6e,0x2e,0x77,0x69,0x64,0x74,0x68,0x3a,0x20,0x69,0x63,0x6f,0x6e,
  0x5f,0x77,0x69,0x64,0x74,0x68,0xd,0xa,0x20,0x20,0x20,0x20,0x20,0x20,0x20,0x20,
  0x20,0x20,0x20,0x20,0x69,0x63,0x6f,0x6e,0x2e,0x68,0x65,0x69,0x67,0x68,0x74,0x3a,
  0x20,0x69,0x63,0x6f,0x6e,0x5f,0x77,0x69,0x64,0x74,0x68,0xd,0xa,0x20,0x20,0x20,
  0x20,0x20,0x20,0x20,0x20,0x20,0x20,0x20,0x20,0x69,0x63,0x6f,0x6e,0x2e,0x63,0x6f,
  0x6c,0x6f,0x72,0x3a,0x20,0x22,0x74,0x72,0x61,0x6e,0x73,0x70,0x61,0x72,0x65,0x6e,
  0x74,0x22,0xd,0xa,0x20,0x20,0x20,0x20,0x20,0x20,0x20,0x20,0x20,0x20,0x20,0x20,
  0x62,0x61,0x63,0x6b,0x67,0x72,0x6f,0x75,0x6e,0x64,0x3a,0x20,0x52,0x65,0x63,0x74,
  0x61,0x6e,0x67,0x6c,0x65,0x20,0x7b,0xd,0xa,0x20,0x20,0x20,0x20,0x20,0x20,0x20,
  0x20,0x20,0x20,0x20,0x20,0x20,0x20,0x20,0x20,0x72,0x61,0x64,0x69,0x75,0x73,0x3a,
  0x20,0x77,0x69,0x64,0x74,0x68,0x2f,0x32,0xd,0xa,0x20,0x20,0x20,0x20,0x20,0x20,
  0x20,0x20,0x20,0x20,0x20,0x20,0x20,0x20,0x20,0x20,0x63,0x6f,0x6c,0x6f,0x72,0x3a,
  0x20,0x22,0x74,0x72,0x61,0x6e,0x73,0x70,0x61,0x72,0x65,0x6e,0x74,0x22,0xd,0xa,
  0x20,0x20,0x20,0x20,0x20,0x20,0x20,0x20,0x20,0x20,0x20,0x20,0x7d,0xd,0xa,0x20,
  0x20,0x20,0x20,0x20,0x20,0x20,0x20,0x20,0x20,0x20,0x20,0x4d,0x6f,0x75,0x73,0x65,
  0x41,0x72,0x65,0x61,0x20,0x7b,0xd,0xa,0x20,0x20,0x20,0x20,0x20,0x20,0x20,0x20,
  0x20,0x20,0x20,0x20,0x20,0x20,0x20,0x20,0x61,0x6e,0x63,0x68,0x6f,0x72,0x73,0x2e,
  0x66,0x69,0x6c,0x6c,0x3a,0x20,0x70,0x61,0x72,0x65,0x6e,0x74,0xd,0xa,0x20,0x20,
  0x20,0x20,0x20,0x20,0x20,0x20,0x20,0x20,0x20,0x20,0x20,0x20,0x20,0x20,0x68,0x6f,
  0x76,0x65,0x72,0x45,0x6e,0x61,0x62,0x6c,0x65,0x64,0x3a,0x20,0x74,0x72,0x75,0x65,
  0x20,0x20,0x2f,0x2f,0x20,0xe5,0x90,0xaf,0xe7,0x94,0xa8,0xe6,0x82,0xac,0xe6,0xb5,
  0xae,0xe6,0xa3,0x80,0xe6,0xb5,0x8b,0xd,0xa,0x20,0x20,0x20,0x20,0x20,0x20,0x20,
  0x20,0x20,0x20,0x20,0x20,0x20,0x20,0x20,0x20,0x63,0x75,0x72,0x73,0x6f,0x72,0x53,
  0x68,0x61,0x70,0x65,0x3a,0x20,0x51,0x74,0x2e,0x50,0x6f,0x69,0x6e,0x74,0x69,0x6e,
  0x67,0x48,0x61,0x6e,0x64,0x43,0x75,0x72,0x73,0x6f,0x72,0x20,0x20,0x2f,0x2f,0x20,
  0xe8,0xae,0xbe,0xe7,0xbd,0xae,0xe9,0xbc,0xa0,0xe6,0xa0,0x87,0xe5,0xbd,0xa2,0xe7,
  0x8a,0xb6,0xe4,0xb8,0xba,0xe6,0x89,0x8b,0xe5,0xbd,0xa2,0xd,0xa,0x20,0x20,0x20,
  0x20,0x20,0x20,0x20,0x20,0x20,0x20,0x20,0x20,0x7d,0xd,0xa,0x20,0x20,0x20,0x20,
  0x20,0x20,0x20,0x20,0x7d,0xd,0xa,0x20,0x20,0x20,0x20,0x20,0x20,0x20,0x20,0x4c,
  0x69,0x73,0x74,0x56,0x69,0x65,0x77,0x20,0x7b,0xd,0xa,0x20,0x20,0x20,0x20,0x20,
  0x20,0x20,0x20,0x20,0x20,0x20,0x20,0x69,0x64,0x3a,0x6c,0x69,0x73,0x74,0x56,0x69,
  0x65,0x77,0xd,0xa,0x20,0x20,0x20,0x20,0x20,0x20,0x20,0x20,0x20,0x20,0x20,0x20,
  0x4c,0x61,0x79,0x6f,0x75,0x74,0x2e,0x66,0x69,0x6c,0x6c,0x48,0x65,0x69,0x67,0x68,
  0x74,0x3a,0x20,0x74,0x72,0x75,0x65,0xd,0xa,0x20,0x20,0x20,0x20,0x20,0x20,0x20,
  0x20,0x20,0x20,0x20,0x20,0x4c,0x61,0x79,0x6f,0x75,0x74,0x2e,0x70,0x72,0x65,0x66,
  0x65,0x72,0x72,0x65,0x64,0x57,0x69,0x64,0x74,0x68,0x3a,0x20,0x70,0x61,0x72,0x65,
  0x6e,0x74,0x2e,0x77,0x69,0x64,0x74,0x68,0xd,0xa,0x20,0x20,0x20,0x20,0x20,0x20,
  0x20,0x20,0x20,0x20,0x20,0x20,0x73,0x70,0x61,0x63,0x69,0x6e,0x67,0x3a,0x20,0x35,
  0xd,0xa,0x20,0x20,0x20,0x20,0x20,0x20,0x20,0x20,0x20,0x20,0x20,0x20,0x6d,0x6f,
  0x64,0x65,0x6c,0x3a,0x20,0x4c,0x69,0x73,0x74,0x4d,0x6f,0x64,0x65,0x6c,0x20,0x7b,
  0xd,0xa,0x20,0x20,0x20,0x20,0x20,0x20,0x20,0x20,0x20,0x20,0x20,0x20,0x20,0x20,
  0x20,0x20,0x69,0x64,0x3a,0x6c,0x69,0x73,0x74,0x4d,0x6f,0x64,0x65,0x6c,0xd,0xa,
  0x20,0x20,0x20,0x20,0x20,0x20,0x20,0x20,0x20,0x20,0x20,0x20,0x20,0x20,0x20,0x20,
  0x4c,0x69,0x73,0x74,0x45,0x6c,0x65,0x6d,0x65,0x6e,0x74,0x20,0x7b,0x20,0x69,0x63,
  0x6f,0x6e,0x3a,0x20,0x22,0x63,0x68,0x61,0x74,0x22,0x3b,0x20,0x63,0x65,0x6e,0x74,
  0x65,0x72,0x4e,0x61,0x6d,0x65,0x3a,0x22,0x43,0x68,0x61,0x74,0x4c,0x69,0x73,0x74,
  0x2e,0x71,0x6d,0x6c,0x22,0x3b,0x20,0x61,0x63,0x74,0x69,0x76,0x65,0x3a,0x20,0x74,
  0x72,0x75,0x65,0x20,0x7d,0xd,0xa,0x20,0x20,0x20,0x20,0x20,0x20,0x20,0x20,0x20,
  0x20,0x20,0x20,0x20,0x20,0x20,0x20,0x4c,0x69,0x73,0x74,0x45,0x6c,0x65,0x6d,0x65,
  0x6e,0x74,0x20,0x7b,0x20,0x69,0x63,0x6f,0x6e,0x3a,0x20,0x22,0x63,0x6f,0x6e,0x74,
  0x61,0x63,0x74,0x73,0x22,0x3b,0x20,0x63,0x65,0x6e,0x74,0x65,0x72,0x4e,0x61,0x6d,
  0x65,0x3a,0x22,0x55,0x73,0x65,0x72,0x4c,0x69,0x73,0x74,0x2e,0x71,0x6d,0x6c,0x22,
  0x3b,0x20,0x61,0x63,0x74,0x69,0x76,0x65,0x3a,0x20,0x66,0x61,0x6c,0x73,0x65,0x20,
  0x7d,0xd,0xa,0x20,0x20,0x20,0x20,0x20,0x20,0x20,0x20,0x20,0x20,0x20,0x20,0x7d,
  0xd,0xa,0xd,0xa,0x20,0x20,0x20,0x20,0x20,0x20,0x20,0x20,0x20,0x20,0x20,0x20,
  0x64,0x65,0x6c,0x65,0x67,0x61,0x74,0x65,0x3a,0x20,0x52,0x65,0x63,0x74,0x61,0x6e,
  0x67,0x6c,0x65,0x20,0x7b,0xd,0xa,0x20,0x20,0x20,0x20,0x20,0x20,0x20,0x20,0x20,
  0x20,0x20,0x20,0x20,0x20,0x20,0x20,0x77,0x69,0x64,0x74,0x68,0x3a,0x20,0x70,0x61,
  0x72,0x65,0x6e,0x74,0x2e,0x77,0x69,0x64,0x74,0x68,0xd,0xa,0x20,0x20,0x20,0x20,
  0x20,0x20,0x20,0x20,0x20,0x20,0x20,0x20,0x20,0x20,0x20,0x20,0x68,0x65,0x69,0x67,
  0x68,0x74,0x3a,0x20,0x35,0x30,0xd,0xa,0x20,0x20,0x20,0x20,0x20,0x20,0x20,0x20,
  0x20,0x20,0x20,0x20,0x20,0x20,0x20,0x20,0x63,0x6f,0x6c,0x6f,0x72,0x3a,0x20,0x22,
  0x74,0x72,0x61,0x6e,0x73,0x70,0x61,0x72,0x65,0x6e,0x74,0x22,0xd,0xa,0xd,0xa,
  0x20,0x20,0x20,0x20,0x20,0x20,0x20,0x20,0x20,0x20,0x20,0x20,0x20,0x20,0x20,0x20,
  0x49,0x6d,0x61,0x67,0x65,0x20,0x7b,0xd,0xa,0x20,0x20,0x20,0x20,0x20,0x20,0x20,
  0x20,0x20,0x20,0x20,0x20,0x20,0x20,0x20,0x20,0x20,0x20,0x20,0x20,0x61,0x6e,0x63,
  0x68,0x6f,0x72,0x73,0x2e,0x63,0x65,0x6e,0x74,0x65,0x72,0x49,0x6e,0x3a,0x20,0x70,
  0x61,0x72,0x65,0x6e,0x74,0xd,0xa,0x20,0x20,0x20,0x20,0x20,0x20,0x20,0x20,0x20,
  0x20,0x20,0x20,0x20,0x20,0x20,0x20,0x20,0x20,0x20,0x20,0x77,0x69,0x64,0x74,0x68,
  0x3a,0x20,0x32,0x34,0xd,0xa,0x20,0x20,0x20,0x20,0x20,0x20,0x20,0x20,0x20,0x20,
  0x20,0x20,0x20,0x20,0x20,0x20,0x20,0x20,0x20,0x20,0x68,0x65,0x69,0x67,0x68,0x74,
  0x3a,0x20,0x32,0x34,0xd,0xa,0x20,0x20,0x20,0x20,0x20,0x20,0x20,0x20,0x20,0x20,
  0x20,0x20,0x20,0x20,0x20,0x20,0x20,0x20,0x20,0x20,0x73,0x6f,0x75,0x72,0x63,0x65,
  0x3a,0x20,0x6d,0x6f,0x64,0x65,0x6c,0x2e,0x61,0x63,0x74,0x69,0x76,0x65,0x20,0x3f,
  0x20,0x22,0x71,0x72,0x63,0x3a,0x2f,0x73,0x72,0x63,0x2f,0x22,0x20,0x2b,0x20,0x6d,
  0x6f,0x64,0x65,0x6c,0x2e,0x69,0x63,0x6f,0x6e,0x20,0x2b,0x20,0x22,0x5f,0x61,0x63,
  0x74,0x69,0x76,0x65,0x2e,0x70,0x6e,0x67,0x22,0x20,0x3a,0xd,0xa,0x20,0x20,0x20,
  0x20,0x20,0x20,0x20,0x20,0x20,0x20,0x20,0x20,0x20,0x20,0x20,0x20,0x20,0x20,0x20,
  0x20,0x20,0x20,0x20,0x20,0x20,0x20,0x20,0x20,0x20,0x20,0x20,0x20,0x20,0x20,0x20,
  0x20,0x20,0x20,0x20,0x20,0x20,0x20,0x20,0x22,0x71,0x72,0x63,0x3a,0x2f,0x73,0x72,
  0x63,0x2f,0x22,0x20,0x2b,0x20,0x6d,0x6f,0x64,0x65,0x6c,0x2e,0x69,0x63,0x6f,0x6e,
  0x20,0x2b,0x20,0x22,0x2e,0x70,0x6e,0x67,0x22,0xd,0xa,0x20,0x20,0x20,0x20,0x20,
  0x20,0x20,0x20,0x20,0x20,0x20,0x20,0x20,0x20,0x20,0x20,0x20,0x20,0x20,0x20,0x6f,
  0x70,0x61,0x63,0x69,0x74,0x79,0x3a,0x20,0x6d,0x6f,0x64,0x65,0x6c,0x2e,0x61,0x63,
  0x74,0x69,0x76,0x65,0x20,0x3f,0x20,0x31,0x2e,0x30,0x20,0x3a,0x20,0x30,0x2e,0x35,
  0xd,0xa,0xd,0xa,0x20,0x20,0x20,0x20,0x20,0x20,0x20,0x20,0x20,0x20,0x20,0x20,
  0x20,0x20,0x20,0x20,0x7d,0xd,0xa,0xd,0xa,0x20,0x20,0x20,0x20,0x20,0x20,0x20,
  0x20,0x20,0x20,0x20,0x20,0x20,0x20,0x20,0x20,0x4d,0x6f,0x75,0x73,0x65,0x41,0x72,
  0x65,0x61,0x20,0x7b,0xd,0xa,0x20,0x20,0x20,0x20,0x20,0x20,0x20,0x20,0x20,0x20,
  0x20,0x20,0x20,0x20,0x20,0x20,0x20,0x20,0x20,0x20,0x61,0x6e,0x63,0x68,0x6f,0x72,
  0x73,0x2e,0x66,0x69,0x6c,0x6c,0x3a,0x20,0x70,0x61,0x72,0x65,0x6e,0x74,0xd,0xa,
  0x20,0x20,0x20,0x20,0x20,0x20,0x20,0x20,0x20,0x20,0x20,0x20,0x20,0x20,0x20,0x20,
  0x20,0x20,0x20,0x20,0x68,0x6f,0x76,0x65,0x72,0x45,0x6e,0x61,0x62,0x6c,0x65,0x64,
  0x3a,0x20,0x74,0x72,0x75,0x65,0xd,0xa,0x20,0x20,0x20,0x20,0x20,0x20,0x20,0x20,
  0x20,0x20,0x20,0x20,0x20,0x20,0x20,0x20,0x20,0x20,0x20,0x20,0x63,0x75,0x72,0x73,
  0x6f,0x72,0x53,0x68,0x61,0x70,0x65,0x3a,0x20,0x51,0x74,0x2e,0x50,0x6f,0x69,0x6e,
  0x74,0x69,0x6e,0x67,0x48,0x61,0x6e,0x64,0x43,0x75,0x72,0x73,0x6f,0x72,0xd,0xa,
  0x20,0x20,0x20,0x20,0x20,0x20,0x20,0x20,0x20,0x20,0x20,0x20,0x20,0x20,0x20,0x20,
  0x20,0x20,0x20,0x20,0x6f,0x6e,0x43,0x6c,0x69,0x63,0x6b,0x65,0x64,0x3a,0x20,0x7b,
  0xd,0xa,0x20,0x20,0x20,0x20,0x20,0x20,0x20,0x20,0x20,0x20,0x20,0x20,0x20,0x20,
  0x20,0x20,0x20,0x20,0x20,0x20,0x20,0x20,0x20,0x20,0x66,0x6f,0x72,0x20,0x28,0x76,
  0x61,0x72,0x20,0x69,0x20,0x3d,0x20,0x30,0x3b,0x20,0x69,0x20,0x3c,0x20,0x70,0x61,
  0x72,0x65,0x6e,0x74,0x2e,0x4c,0x69,0x73,0x74,0x56,0x69,0x65,0x77,0x2e,0x76,0x69,
  0x65,0x77,0x2e,0x6d,0x6f,0x64,0x65,0x6c,0x2e,0x63,0x6f,0x75,0x6e,0x74,0x3b,0x20,
  0x69,0x2b,0x2b,0x29,0x20,0x7b,0xd,0xa,0x20,0x20,0x20,0x20,0x20,0x20,0x20,0x20,
  0x20,0x20,0x20,0x20,0x20,0x20,0x20,0x20,0x20,0x20,0x20,0x20,0x20,0x20,0x20,0x20,
  0x20,0x20,0x20,0x20,0x70,0x61,0x72,0x65,0x6e,0x74,0x2e,0x4c,0x69,0x73,0x74,0x56,
  0x69,0x65,0x77,0x2e,0x76,0x69,0x65,0x77,0x2e,0x6d,0x6f,0x64,0x65,0x6c,0x2e,0x73,
  0x65,0x74,0x50,0x72,0x6f,0x70,0x65,0x72,0x74,0x79,0x28,0x69,0x2c,0x20,0x22,0x61,
  0x63,0x74,0x69,0x76,0x65,0x22,0x2c,0x20,0x69,0x20,0x3d,0x3d,0x3d,0x20,0x69,0x6e,
  0x64,0x65,0x78,0x29,0xd,0xa,0x20,0x20,0x20,0x20,0x20,0x20,0x20,0x20,0x20,0x20,
  0x20,0x20,0x20,0x20,0x20,0x20,0x20,0x20,0x20,0x20,0x20,0x20,0x20,0x20,0x7d,0xd,
  0xa,0x20,0x20,0x20,0x20,0x20,0x20,0x20,0x20,0x20,0x20,0x20,0x20,0x20,0x20,0x20,
  0x20,0x20,0x20,0x20,0x20,0x20,0x20,0x20,0x20,0x63,0x6f,0x6e,0x73,0x74,0x20,0x63,
  0x65,0x6e,0x74,0x65,0x72,0x4e,0x61,0x6d,0x65,0x20,0x3d,0x20,0x6c,0x69,0x73,0x74,
  0x4d,0x6f,0x64,0x65,0x6c,0x2e,0x67,0x65,0x74,0x28,0x69,0x6e,0x64,0x65,0x78,0x29,
  0x2e,0x63,0x65,0x6e,0x74,0x65,0x72,0x4e,0x61,0x6d,0x65,0xd,0xa,0x20,0x20,0x20,
  0x20,0x20,0x20,0x20,0x20,0x20,0x20,0x20,0x20,0x20,0x20,0x20,0x20,0x20,0x20,0x20,
  0x20,0x20,0x20,0x20,0x20,0x70,0x5f,0x6f,0x62,0x6a,0x65,0x63,0x74,0x2e,0x73,0x77,
  0x69,0x74,0x63,0x68,0x43,0x65,0x6e,0x74,0x65,0x72,0x43,0x6f,0x6e,0x74,0x65,0x6e,
  0x74,0x28,0x63,0x65,0x6e,0x74,0x65,0x72,0x4e,0x61,0x6d,0x65,0x29,0xd,0xa,0x20,
  0x20,0x20,0x20,0x20,0x20,0x20,0x20,0x20,0x20,0x20,0x20,0x20,0x20,0x20,0x20,0x20,
  0x20,0x20,0x20,0x20,0x20,0x20,0x20,0x63,0x6f,0x6e,0x73,0x6f,0x6c,0x65,0x2e,0x6c,
  0x6f,0x67,0x28,0x22,0x73,0x77,0x69,0x74,0x63,0x68,0x20,0x63,0x65,0x6e,0x74,0x65,
  0x72,0x20,0x74,0x6f,0x22,0x2c,0x20,0x63,0x65,0x6e,0x74,0x65,0x72,0x4e,0x61,0x6d,
  0x65,0x29,0xd,0xa,0x20,0x20,0x20,0x20,0x20,0x20,0x20,0x20,0x20,0x20,0x20,0x20,
  0x20,0x20,0x20,0x20,0x20,0x20,0x20,0x20,0x7d,0xd,0xa,0x20,0x20,0x20,0x20,0x20,
  0x20,0x20,0x20,0x20,0x20,0x20,0x20,0x20,0x20,0x20,0x20,0x7d,0xd,0xa,0x20,0x20,
  0x20,0x20,0x20,0x20,0x20,0x20,0x20,0x20,0x20,0x20,0x20,0x20,0x20,0x20,0x43,0x6f,
  0x6d,0x70,0x6f,0x6e,0x65,0x6e,0x74,0x2e,0x6f,0x6e,0x43,0x6f,0x6d,0x70,0x6c,0x65,
  0x74,0x65,0x64,0x3a,0x20,0x7b,0xd,0xa,0x20,0x20,0x20,0x20,0x20,0x20,0x20,0x20,
  0x20,0x20,0x20,0x20,0x20,0x20,0x20,0x20,0x20,0x20,0x20,0x20,0x69,0x66,0x28,0x69,
  0x6e,0x64,0x65,0x78,0x20,0x21,0x3d,0x3d,0x20,0x30,0x29,0xd,0xa,0x20,0x20,0x20,
  0x20,0x20,0x20,0x20,0x20,0x20,0x20,0x20,0x20,0x20,0x20,0x20,0x20,0x20,0x20,0x20,
  0x20,0x20,0x20,0x20,0x20,0x72,0x65,0x74,0x75,0x72,0x6e,0xd,0xa,0x20,0x20,0x20,
  0x20,0x20,0x20,0x20,0x20,0x20,0x20,0x20,0x20,0x20,0x20,0x20,0x20,0x20,0x20,0x20,
  0x20,0x63,0x6f,0x6e,0x73,0x74,0x20,0x63,0x65,0x6e,0x74,0x65,0x72,0x4e,0x61,0x6d,
  0x65,0x20,0x3d,0x20,0x6c,0x69,0x73,0x74,0x4d,0x6f,0x64,0x65,0x6c,0x2e,0x67,0x65,
  0x74,0x28,0x30,0x29,0x2e,0x63,0x65,0x6e,0x74,0x65,0x72,0x4e,0x61,0x6d,0x65,0xd,
  0xa,0x20,0x20,0x20,0x20,0x20,0x20,0x20,0x20,0x20,0x20,0x20,0x20,0x20,0x20,0x20,
  0x20,0x20,0x20,0x20,0x20,0x70,0x5f,0x6f,0x62,0x6a,0x65,0x63,0x74,0x2e,0x73,0x77,
  0x69,0x74,0x63,0x68,0x43,0x65,0x6e,0x74,0x65,0x72,0x43,0x6f,0x6e,0x74,0x65,0x6e,
  0x74,0x28,0x63,0x65,0x6e,0x74,0x65,0x72,0x4e,0x61,0x6d,0x65,0x29,0xd,0xa,0x20,
  0x20,0x20,0x20,0x20,0x20,0x20,0x20,0x20,0x20,0x20,0x20,0x20,0x20,0x20,0x20,0x7d,
  0xd,0xa,0x20,0x20,0x20,0x20,0x20,0x20,0x20,0x20,0x20,0x20,0x20,0x20,0x7d,0xd,
  0xa,0x20,0x20,0x20,0x20,0x20,0x20,0x20,0x20,0x7d,0xd,0xa,0xd,0xa,0x20,0x20,
  0x20,0x20,0x20,0x20,0x20,0x20,0x49,0x74,0x65,0x6d,0x20,0x7b,0xd,0xa,0x20,0x20,
  0x20,0x20,0x20,0x20,0x20,0x20,0x20,0x20,0x20,0x20,0x4c,0x61,0x79,0x6f,0x75,0x74,
  0x2e,0x66,0x69,0x6c,0x6c,0x57,0x69,0x64,0x74,0x68,0x3a,0x20,0x74,0x72,0x75,0x65,
  0xd,0xa,0x20,0x20,0x20,0x20,0x20,0x20,0x20,0x20,0x20,0x20,0x20,0x20,0x4c,0x61,
  0x79,0x6f,0x75,0x74,0x2e,0x66,0x69,0x6c,0x6c,0x48,0x65,0x69,0x67,0x68,0x74,0x3a,
  0x20,0x74,0x72,0x75,0x65,0xd,0xa,0x20,0x20,0x20,0x20,0x20,0x20,0x20,0x20,0x7d,
  0xd,0xa,0x20,0x20,0x20,0x20,0x7d,0xd,0xa,0xd,0xa,0x7d,0xd,0xa,
    // LoginPage.qml
  0x0,0x0,0x8,0x35,
  0x0,
  0x0,0x1c,0xba,0x78,0xda,0xdd,0x19,0xef,0x6f,0x13,0xc9,0xf5,0x3b,0x12,0xff,0xc3,
  0x74,0xfb,0x65,0x8d,0x7c,0x6b,0x3b,0x21,0x10,0x8c,0x68,0x4b,0x7d,0xf4,0x92,0xea,
  0xc2,0x8f,0x98,0xab,0x2a,0x55,0xc8,0xda,0xd8,0x63,0x7b,0x61,0xbd,0x63,0x66,0xc7,
  0x4,0x38,0x45,0xba,0xa4,0xbd,0x13,0x44,0xe1,0xa0,0x77,0xd0,0xf6,0xda,0x40,0xa1,
  0x7,0x57,0x2a,0xb5,0x4,0x5a,0x44,0x38,0x85,0xbb,0xfc,0x33,0x5d,0xdb,0xf9,0xd4,
  0x7f,0xa1,0x6f,0x66,0x76,0xbd,0xbf,0x66,0x1d,0xab,0x47,0xbf,0xdc,0x20,0x60,0xf7,
  0xcd,0x7b,0x6f,0xde,0x7b,0xf3,0x7e,0xed,0xb3,0xd5,0xe9,0x12,0xca,0xd0,0x39,0x76,
  0xae,0x67,0xd5,0x2f,0x1d,0x3c,0x60,0xc5,0xde,0x8d,0xa,0x71,0x18,0x25,0xb6,0x9b,
  0xb9,0x61,0x2c,0x98,0xc,0x53,0xcb,0xb4,0x47,0x18,0x6d,0xc6,0xba,0x9d,0x16,0x1d,
  0xbd,0xb7,0x6c,0xb2,0x14,0xd9,0x66,0x75,0xb9,0x5b,0x38,0xf4,0x56,0xd7,0xc1,0x3,
  0x48,0xfc,0x45,0x3f,0x69,0x5a,0x36,0x46,0x72,0xbd,0x4f,0x5a,0x96,0x73,0xd6,0x6c,
  0x61,0xe3,0x72,0x7,0x24,0x38,0x84,0xe2,0x6b,0xf0,0xc5,0x8e,0xf7,0xcd,0xbd,0xc1,
  0xbd,0x8d,0xbd,0xfb,0x7f,0x91,0xb4,0x66,0x8f,0xb5,0x9,0x15,0x9b,0x57,0x7b,0x84,
  0x5e,0x97,0xd0,0x6,0xa8,0xe8,0x93,0x4c,0x15,0xa7,0x66,0xa,0xc5,0xe9,0x42,0x69,
  0x5a,0x6e,0xb5,0x2d,0x97,0x11,0x7a,0x8d,0xbf,0xbc,0xcd,0x55,0x38,0x78,0x60,0x11,
  0xd7,0x99,0xe9,0xb4,0x40,0x97,0xf,0x81,0x3b,0x2c,0xab,0x51,0x46,0x76,0xa0,0x90,
  0x4,0x2d,0x5b,0xd,0xd6,0x2e,0xa3,0xa9,0xd9,0xa2,0x7c,0x6f,0x63,0xab,0xd5,0x66,
  0x65,0x34,0x3d,0xe3,0x3,0xea,0xc4,0x26,0xb4,0x8c,0xb4,0x1f,0x36,0x67,0xf8,0x1f,
  0xed,0xe0,0x1,0x9,0x77,0xad,0x96,0x63,0xda,0xc8,0x5d,0xb6,0x58,0xbd,0xbd,0x88,
  0x5b,0xa0,0x5,0xa6,0x7a,0x4e,0xb1,0xf9,0x33,0x42,0x5b,0x98,0x9d,0x35,0x5d,0x77,
  0x99,0xd0,0x46,0x2,0x45,0x88,0x93,0x24,0xb3,0x5a,0xb5,0x3a,0x71,0x1c,0x10,0xbf,
  0x6,0x77,0xad,0x5f,0x31,0x29,0x22,0x4b,0x17,0x13,0x48,0x36,0x61,0x35,0x41,0x5d,
  0x6b,0x9a,0x70,0x5f,0xd,0x81,0x86,0x29,0xf5,0xd1,0xba,0x94,0x74,0x31,0x65,0xd7,
  0x10,0x7,0xd7,0xda,0xa6,0xd3,0xb0,0x31,0x75,0xcb,0xc8,0xc1,0xcb,0x68,0xc1,0xec,
  0x26,0x90,0x5c,0x46,0x2d,0xa7,0x85,0x6a,0x3d,0xab,0x91,0xb1,0xc3,0xc8,0x25,0xec,
  0xc8,0xbd,0x8a,0x94,0xcd,0x22,0x8e,0x1b,0x58,0x96,0x2f,0x66,0x72,0x3d,0xcb,0x68,
  0xe,0xbc,0x77,0x81,0xfb,0x67,0xb0,0xd1,0xec,0x39,0x2,0x1b,0x11,0xa7,0xa,0xaa,
  0x49,0xa1,0x3b,0xa4,0x51,0x6b,0x5a,0x8e,0xe5,0xb6,0x75,0xab,0x91,0x47,0x14,0xbb,
  0x79,0x21,0x7d,0x94,0xa3,0xb4,0xbf,0xe3,0x12,0x1b,0x1b,0x40,0xa5,0x6b,0x56,0x3,
  0x59,0x2e,0xd2,0xf2,0x70,0x93,0xb9,0x31,0x68,0xc0,0xcc,0xc7,0x83,0xa7,0x71,0x88,
  0x70,0xa0,0x8f,0x18,0x1a,0x2e,0x58,0x56,0x53,0xe7,0xdb,0x3f,0x38,0x71,0x2,0xbd,
  0x27,0xe2,0xcf,0xa8,0x7e,0x50,0xa9,0x9c,0xaa,0x56,0x53,0x22,0xa6,0xd8,0xe,0xbe,
  0xf9,0xed,0x60,0x67,0x73,0xb8,0xb5,0xdd,0x7f,0xb1,0xb6,0x77,0xf7,0x8b,0xe1,0xd6,
  0x96,0x96,0x4b,0x93,0x50,0xcc,0x7a,0xd4,0x89,0xc3,0x57,0x2,0xf7,0xa,0xd6,0xe8,
  0xe6,0xc,0xb0,0x2d,0x58,0x2a,0xa7,0x4b,0x95,0x42,0xac,0x15,0xf9,0xb8,0x32,0xd1,
  0xdd,0x9c,0xaf,0x8f,0xbd,0x1a,0xd0,0xa2,0xe6,0xf6,0xea,0x75,0xec,0xba,0x3a,0xb9,
  0x94,0x52,0x14,0x4c,0xa2,0x80,0xa6,0xd4,0x1f,0xae,0xae,0x7b,0x8f,0xff,0xd6,0xdf,
  0xbc,0xe5,0xad,0x3f,0x1a,0xee,0x3e,0xe8,0x7f,0xfa,0xa4,0x7f,0xe3,0x8e,0xb7,0xfe,
  0xe7,0xff,0xbc,0xd9,0xe8,0xff,0xe3,0x4b,0x6f,0xf3,0xa9,0xcc,0x1a,0x86,0x61,0xa8,
  0xcc,0xc2,0x59,0x31,0x74,0xd1,0x25,0xce,0x99,0xa5,0x8b,0xe8,0x84,0xea,0x34,0xbe,
  0x34,0x70,0x55,0xad,0x8c,0x4e,0xf7,0x3a,0x4b,0x10,0x77,0xdc,0x71,0x73,0xf9,0xc,
  0x4c,0xe1,0xba,0x80,0x1b,0xf5,0xe1,0x84,0xd1,0xb3,0x85,0xa8,0x32,0xa,0x42,0xfc,
  0xbc,0x7a,0xe6,0xb4,0x21,0x43,0xc1,0x6a,0x5e,0xd3,0x7d,0xe9,0x14,0xd2,0x4b,0x3,
  0x1b,0x3c,0x84,0x5d,0xec,0x34,0x6a,0x90,0xf8,0x4c,0xdd,0xf7,0x9f,0xf9,0x77,0x6b,
  0x95,0xb9,0x93,0xe7,0x6b,0xef,0x9f,0x79,0x6f,0xfe,0x74,0x3e,0xe0,0xae,0x60,0x12,
  0x4b,0xa,0x23,0x29,0x11,0xb6,0x5d,0x3c,0xa1,0xef,0x79,0x6f,0xd6,0xbc,0xd7,0xaf,
  0x93,0xe6,0x5d,0x89,0x79,0xcd,0x3e,0x1,0xea,0x67,0x15,0x55,0x4c,0xa6,0x73,0x4f,
  0x3c,0x7c,0x42,0x97,0x94,0xf,0x23,0xe7,0xa,0x52,0x5a,0x19,0xe9,0x3c,0xa1,0x9d,
  0xf8,0x51,0x84,0xb1,0x34,0xb9,0x9b,0x36,0x36,0x89,0x19,0x3a,0xa6,0xec,0x3b,0xa3,
  0xa5,0xe5,0xa3,0x81,0x1e,0xdc,0x2,0x97,0x13,0x8e,0xb,0x8e,0xd6,0x3,0x9c,0xa8,
  0x64,0x49,0x5d,0x40,0x36,0xae,0x4d,0x4a,0xb6,0xd0,0xc2,0xc2,0x7b,0xbd,0xc7,0x2f,
  0x86,0x2f,0x9f,0x68,0x49,0x86,0x15,0x62,0xf7,0x3a,0x4e,0xd4,0x60,0xa6,0x53,0x87,
  0x82,0xe8,0x1a,0x50,0x54,0xed,0x32,0xea,0x9a,0x14,0x3b,0x2c,0xdc,0x75,0xbb,0x66,
  0x1d,0xf4,0x84,0xa,0x54,0x4c,0x93,0x74,0x20,0x6a,0x2d,0x7,0x92,0xf6,0x74,0x31,
  0x7a,0x5d,0x85,0x82,0xf7,0xf8,0xa5,0xf7,0xeb,0xdb,0x21,0x64,0x91,0xf4,0x9c,0xc6,
  0x7c,0x7,0xaa,0x5a,0xf2,0xaa,0xfc,0xfa,0x56,0x2a,0x16,0xe3,0xf0,0xa0,0xce,0x89,
  0xfd,0xf8,0x16,0x35,0x1b,0x56,0xcf,0x55,0x6e,0x5,0x82,0xc1,0x3f,0xd6,0x75,0x68,
  0x5f,0x4c,0xbb,0x2,0xda,0x60,0x5a,0x96,0x6a,0xa5,0xe0,0x9,0xb7,0x21,0x3d,0x5a,
  0xc7,0x50,0x4b,0x2f,0xd3,0x7a,0xb9,0xe0,0xd2,0x7a,0xc1,0xbc,0x2,0xe1,0x41,0x8d,
  0x8b,0xdd,0x96,0x96,0xf2,0x1e,0xa9,0xe9,0xe0,0xee,0xd3,0xfe,0x8d,0x6d,0xef,0xce,
  0xad,0x10,0xf8,0xcb,0xf3,0xf8,0x2a,0x9b,0x77,0xba,0x3d,0x96,0xca,0x4f,0x70,0x79,
  0xb8,0x3,0xb7,0x28,0x76,0x13,0xa,0x5b,0xe,0xa8,0xab,0x41,0x52,0x1e,0x7e,0xfb,
  0xb9,0xf7,0xf1,0x93,0xbd,0xb5,0x67,0x83,0x67,0x2f,0xbc,0xcd,0xe7,0xde,0xfd,0x8f,
  0xb4,0x8c,0xb8,0x0,0x43,0x6f,0x7d,0x32,0x78,0xb8,0x3a,0xe9,0xd9,0x5d,0xbf,0xc6,
  0x4f,0x70,0xbc,0x64,0xac,0xc5,0x91,0x30,0x58,0x77,0x81,0x34,0xc0,0x44,0xa3,0x63,
  0x8c,0xa0,0x6f,0xc8,0xb2,0x8f,0x70,0xc6,0xfe,0xc6,0xcd,0xbd,0xcf,0x9e,0x85,0xf0,
  0x9f,0xf6,0x18,0x23,0x8e,0x4a,0x44,0xe1,0xe9,0x72,0x3b,0xbe,0xc9,0xe0,0x44,0x10,
  0x10,0xf8,0x21,0x60,0xa8,0x29,0xbd,0xc8,0xbf,0x65,0xf1,0x86,0xde,0x41,0x87,0x33,
  0x7c,0x6a,0x7a,0x66,0x42,0xaf,0x41,0x99,0x6e,0x13,0x67,0x50,0x28,0x20,0xef,0xf6,
  0xef,0xfa,0xaf,0x6e,0xec,0xed,0xfc,0x61,0xf8,0xec,0xf1,0xe0,0x8f,0xbf,0x91,0xa,
  0xf7,0x1f,0x6e,0x7b,0x6f,0x6e,0xc7,0x71,0x9b,0xb6,0x9,0x22,0x30,0xda,0xc3,0x49,
  0x2e,0x4b,0x66,0xfd,0x52,0x8b,0xf2,0x48,0x29,0xa3,0x54,0x6b,0xa8,0xa,0x80,0xc3,
  0xe9,0xad,0x25,0xb8,0x9,0x4c,0x8d,0x20,0xaa,0x32,0x11,0x46,0x5d,0x63,0xe9,0xd8,
  0xec,0xd1,0x99,0xc3,0x9a,0x2a,0x69,0xb,0x8c,0x8c,0xea,0x66,0x35,0x91,0x1e,0xb9,
  0x2a,0xb0,0xd0,0x15,0x4c,0x71,0x23,0xe7,0x37,0xd,0x9c,0xf1,0xcc,0xd1,0xe9,0xc3,
  0x47,0x35,0xdf,0x3c,0xfd,0xb5,0xbf,0x7b,0xab,0x9b,0xfd,0xdf,0xbf,0xea,0x6f,0xbf,
  0x18,0xec,0xec,0xaa,0x99,0x86,0xb4,0x52,0x28,0x34,0x6e,0x71,0xa6,0x50,0xac,0x5f,
  0xbf,0x1e,0xac,0xbf,0xea,0x7f,0xb4,0xa,0x4c,0x87,0x37,0xff,0xa9,0xac,0x9d,0x69,
  0x20,0xd0,0x9e,0x6c,0x34,0xd0,0x2,0xe9,0xb9,0xf8,0x24,0xc5,0x26,0x6a,0xc2,0x17,
  0x41,0xbd,0x47,0x5d,0xfe,0x1f,0x34,0x34,0x41,0xf3,0x1d,0x5d,0x21,0x72,0x86,0x49,
  0xc6,0xe7,0xd1,0x98,0x69,0xc5,0x49,0xd5,0xb6,0xd9,0x85,0x48,0x3a,0x7,0x21,0x44,
  0x20,0xf8,0x20,0xc9,0xce,0x41,0x2b,0x55,0x11,0x7b,0x6a,0x3a,0xe2,0x9c,0x85,0xe6,
  0xca,0xc5,0xf1,0x30,0x31,0xba,0x12,0xa8,0xe7,0xb2,0xa8,0x16,0xb1,0x8d,0xcd,0x14,
  0x19,0xf5,0xa1,0x2a,0xba,0x95,0x7d,0xba,0x3e,0xa8,0x37,0xc,0xd4,0x9b,0x67,0xb8,
  0x23,0x73,0x81,0xca,0x28,0x32,0x62,0xfd,0x10,0xe2,0x2f,0x99,0x4e,0xa6,0x2d,0xb7,
  0x2d,0x86,0x15,0x4e,0x18,0x6,0xde,0x49,0x1b,0x3e,0x2b,0x3a,0x98,0x27,0x29,0x7e,
  0x9e,0x21,0xde,0xe7,0x54,0x59,0x9c,0x2f,0x70,0x46,0x66,0xd5,0x33,0xa8,0x7e,0x91,
  0x45,0xd5,0x84,0x93,0x8c,0xae,0x75,0x15,0xdb,0x55,0xeb,0x3a,0x5c,0x4d,0xe9,0xc8,
  0x3e,0x66,0x20,0x4e,0xc5,0x86,0x2f,0x65,0x6e,0xd9,0xf,0x95,0x5e,0xa6,0x6c,0x94,
  0xe2,0xfd,0x5b,0x8d,0x8c,0xed,0x22,0x45,0xb9,0xd0,0xa2,0x65,0x43,0x98,0x32,0xab,
  0x95,0x14,0x19,0x9e,0xf7,0x9d,0xb1,0x54,0x9f,0x61,0x7d,0x65,0x6c,0xf8,0x5f,0x47,
  0xe0,0x94,0x2e,0xe3,0xcf,0x8b,0xf8,0xb2,0xae,0xf1,0xf,0xfe,0x72,0xa1,0x50,0x3a,
  0x36,0x65,0x94,0x8e,0xcc,0x1a,0x33,0x47,0x8c,0x52,0xb1,0x54,0x9e,0x2d,0xce,0x16,
  0xb,0x10,0x15,0x54,0xf6,0x27,0x5a,0x7e,0xa4,0x50,0x1e,0x85,0x2d,0xa5,0xe8,0x26,
  0x6b,0x1f,0x54,0x4f,0x2d,0x8e,0xa0,0x2,0xb4,0x70,0xe6,0xdd,0x9,0xdb,0x3f,0x1e,
  0xea,0xdb,0x3b,0xde,0xfa,0xc3,0xfe,0xbf,0x9e,0x7a,0x9f,0x6c,0x78,0x9f,0x6d,0x78,
  0xbb,0x90,0x67,0x9f,0xcb,0x1a,0x5,0xd9,0x76,0xf8,0x68,0x23,0xda,0x6b,0x2c,0x67,
  0x34,0x19,0x93,0x96,0x87,0xe2,0x77,0x2e,0xf,0xb1,0xae,0x22,0xe8,0xa0,0x4a,0xc5,
  0xa4,0xbd,0xb3,0x22,0x87,0x17,0x42,0xea,0x7f,0xb2,0x9f,0x57,0x5e,0x9d,0x5f,0xd,
  0xa5,0x41,0x86,0x2f,0xbf,0xf2,0x6e,0x6f,0x67,0xe7,0xf0,0x80,0x15,0xcf,0x5e,0x6,
  0xf,0x5d,0x13,0x9a,0x36,0x91,0xcf,0xd0,0x8f,0x21,0xdb,0x1e,0x11,0x4b,0x43,0xbc,
  0x1c,0x1c,0x13,0x4b,0x9b,0x20,0x36,0x14,0xc5,0x27,0x30,0x54,0x10,0x7d,0x9,0x33,
  0xc5,0xc1,0x2a,0xdf,0xdb,0x37,0xc7,0x46,0xd,0xc3,0xf1,0xbe,0x6b,0x26,0x16,0x65,
  0xeb,0x94,0x63,0x2e,0x89,0xbe,0x5a,0x16,0xe5,0xb7,0x9b,0xb1,0xc7,0x25,0x88,0x8c,
  0xd9,0x80,0x54,0x4f,0xcb,0x65,0x13,0x8c,0x66,0x44,0x86,0x7a,0xbc,0x33,0xc1,0x7,
  0xe4,0x7e,0x19,0x9e,0xa7,0x76,0x95,0xcc,0xea,0x50,0x8a,0x3a,0xeb,0x8,0xd8,0x14,
  0x73,0xa5,0x18,0xc8,0x27,0xf3,0x43,0x2,0x1d,0x42,0x53,0x8a,0x9c,0xef,0x87,0x61,
  0x69,0x1f,0x9,0xc7,0x5,0x4f,0x78,0x74,0x66,0xe8,0x44,0x53,0x48,0x76,0xe8,0x48,
  0x46,0xdf,0x8f,0xc0,0x9,0x75,0xf9,0x1e,0x86,0x8d,0x54,0x2e,0xa8,0x7a,0x5a,0x4e,
  0x65,0xa5,0xac,0xf0,0x51,0xf,0x40,0xff,0xa7,0x20,0xca,0x1a,0x7a,0x75,0xba,0xc4,
  0xe1,0x57,0x9,0x9a,0xc1,0xb3,0x8d,0x59,0x42,0x37,0xcb,0xb1,0x44,0xb5,0x9d,0xf3,
  0xa7,0x69,0x7a,0x2e,0xc6,0x60,0x34,0x0,0x49,0xe3,0x45,0xb9,0x84,0xc3,0x38,0x17,
  0x33,0x5d,0x5d,0x82,0xc5,0x7c,0x2e,0x36,0x3c,0x10,0x26,0xc1,0xa3,0x91,0xd6,0xf1,
  0xc4,0x77,0x17,0xbd,0x96,0xd1,0xdc,0x78,0xcf,0xef,0xf,0xb7,0xee,0xd,0xff,0xfa,
  0x65,0xff,0xc1,0x1d,0x31,0x13,0x49,0x63,0x85,0x53,0x32,0x31,0x33,0x1,0x9f,0x72,
  0xb1,0x10,0xe0,0x78,0x72,0x76,0x54,0x37,0xe1,0x22,0x90,0x8e,0x73,0x59,0x87,0x7d,
  0xb5,0xd6,0x7f,0xb0,0x29,0xf,0x93,0xa3,0xd,0x3e,0xad,0xbb,0xf9,0xb9,0x77,0xeb,
  0xb9,0x9c,0x60,0xfe,0x7b,0xf7,0x51,0x7f,0x75,0xcb,0xfb,0xfa,0xd5,0x70,0xf7,0xae,
  0xf7,0xa7,0x7,0xd9,0x53,0x28,0x4c,0x29,0xa1,0xba,0xc6,0x5,0x42,0x51,0x7e,0x65,
  0x3e,0x65,0x35,0x3a,0xd0,0x4b,0x83,0x67,0x24,0x5,0xc,0x3f,0x4f,0x8e,0x67,0xde,
  0x79,0xd8,0xd7,0x89,0x23,0x40,0x69,0x7f,0xf8,0xe7,0x5b,0xe1,0x57,0x9a,0x80,0x6b,
  0x17,0x94,0x83,0x5c,0xc2,0x47,0xb9,0xc9,0x49,0xee,0xff,0x75,0x90,0x9b,0xbc,0x7f,
  0xd1,0x62,0x82,0xd4,0xa1,0xb8,0xa2,0xf7,0xbc,0x70,0x5c,0xa5,0x22,0x74,0x7d,0x90,
  0x3,0xd4,0x8d,0xab,0xd6,0x86,0xde,0x11,0x7a,0xd0,0xaa,0x18,0x91,0x85,0xea,0xb,
  0xf0,0x5,0xd5,0x18,0x54,0xe3,0xbf,0x1b,0x29,0x28,0x4,0x58,0x4d,0x11,0xc,0x4d,
  0x93,0x24,0x12,0xae,0xa6,0x89,0x8d,0x64,0x47,0x14,0x1c,0x9a,0xc2,0x4f,0xd8,0x87,
  0xcf,0x6f,0x41,0x59,0xa9,0xb5,0x31,0xfa,0x15,0x62,0xb4,0x2d,0x4e,0xd,0x11,0x14,
  0x83,0xdc,0xf8,0x5c,0x5f,0x98,0xda,0x9f,0xec,0xf3,0xe7,0x7c,0x76,0xb6,0xe2,0xf2,
  0xf9,0xa8,0xe1,0xf1,0xe3,0xf0,0xb9,0x99,0xe3,0x4,0x1c,0x32,0x8e,0x42,0xfc,0x6a,
  0x17,0xa3,0xe0,0x90,0x71,0x14,0x52,0xdf,0x18,0x89,0x0,0xa5,0xf2,0x6e,0x24,0xd7,
  0x26,0x7e,0x35,0xd2,0x25,0x5d,0x2e,0x3a,0x97,0x8d,0x4e,0x2b,0xe1,0x9f,0xff,0x2,
  0xf2,0xb7,0xbd,0x60,
    // MainWindow.qml
  0x0,0x0,0x4,0xef,
  0x69,
  0x6d,0x70,0x6f,0x72,0x74,0x20,0x51,0x74,0x51,0x75,0x69,0x63,0x6b,0xd,0xa,0x69,
  0x6d,0x70,0x6f,0x72,0x74,0x20,0x51,0x74,0x51,0x75,0x69,0x63,0x6b,0x2e,0x43,0x6f,
  0x6e,0x74,0x72,0x6f,0x6c,0x73,0xd,0xa,0x69,0x6d,0x70,0x6f,0x72,0x74,0x20,0x51,
  0x74,0x51,0x75,0x69,0x63,0x6b,0x2e,0x4c,0x61,0x79,0x6f,0x75,0x74,0x73,0xd,0xa,
  0x52,0x65,0x63,0x74,0x61,0x6e,0x67,0x6c,0x65,0x20,0x7b,0xd,0xa,0x20,0x20,0x20,
  0x20,0x69,0x64,0x3a,0x6d,0x61,0x69,0x6e,0xd,0xa,0x20,0x20,0x20,0x20,0x51,0x74,
  0x4f,0x62,0x6a,0x65,0x63,0x74,0x20,0x7b,0xd,0xa,0x20,0x20,0x20,0x20,0x20,0x20,
  0x20,0x20,0x69,0x64,0x3a,0x20,0x70,0x5f,0x6f,0x62,0x6a,0x65,0x63,0x74,0xd,0xa,
  0x20,0x20,0x20,0x20,0x20,0x20,0x20,0x20,0x70,0x72,0x6f,0x70,0x65,0x72,0x74,0x79,
  0x20,0x73,0x74,0x72,0x69,0x6e,0x67,0x20,0x6e,0x61,0x6d,0x65,0x3a,0x20,0x22,0x22,
  0xd,0xa,0x20,0x20,0x20,0x20,0x20,0x20,0x20,0x20,0x73,0x69,0x67,0x6e,0x61,0x6c,
  0x20,0x73,0x77,0x69,0x74,0x63,0x68,0x43,0x65,0x6e,0x74,0x65,0x72,0x43,0x6f,0x6e,
  0x74,0x65,0x6e,0x74,0x28,0x76,0x61,0x72,0x20,0x73,0x29,0xd,0xa,0x20,0x20,0x20,
  0x20,0x20,0x20,0x20,0x20,0x73,0x69,0x67,0x6e,0x61,0x6c,0x20,0x73,0x77,0x69,0x74,
  0x63,0x68,0x52,0x69,0x67,0x68,0x74,0x43,0x6f,0x6e,0x74,0x65,0x6e,0x74,0x28,0x76,
  0x61,0x72,0x20,0x73,0x29,0xd,0xa,0x20,0x20,0x20,0x20,0x20,0x20,0x20,0x20,0x6f,
  0x6e,0x53,0x77,0x69,0x74,0x63,0x68,0x43,0x65,0x6e,0x74,0x65,0x72,0x43,0x6f,0x6e,
  0x74,0x65,0x6e,0x74,0x3a,0x20,0x28,0x63,0x6f,0x6e,0x74,0x65,0x6e,0x74,0x4e,0x61,
  0x6d,0x65,0x29,0x3d,0x3e,0x20,0x7b,0xd,0xa,0x20,0x20,0x20,0x20,0x20,0x20,0x20,
  0x20,0x20,0x20,0x20,0x63,0x65,0x6e,0x74,0x65,0x72,0x43,0x6f,0x6e,0x74,0x72,0x6f,
  0x6c,0x41,0x72,0x65,0x61,0x2e,0x74,0x68,0x69,0x73,0x51,0x6d,0x6c,0x20,0x3d,0x20,
  0x53,0x74,0x72,0x69,0x6e,0x67,0x28,0x63,0x6f,0x6e,0x74,0x65,0x6e,0x74,0x4e,0x61,
  0x6d,0x65,0x29,0xd,0xa,0x20,0x20,0x20,0x20,0x20,0x20,0x20,0x7d,0xd,0xa,0x20,
  0x20,0x20,0x20,0x20,0x20,0x20,0x20,0x6f,0x6e,0x53,0x77,0x69,0x74,0x63,0x68,0x52,
  0x69,0x67,0x68,0x74,0x43,0x6f,0x6e,0x74,0x65,0x6e,0x74,0x3a,0x20,0x28,0x63,0x6f,
  0x6e,0x74,0x65,0x6e,0x74,0x4e,0x61,0x6d,0x65,0x29,0x3d,0x3e,0x20,0x7b,0xd,0xa,
  0x20,0x20,0x20,0x20,0x20,0x20,0x20,0x20,0x20,0x20,0x20,0x20,0x72,0x69,0x67,0x68,
  0x74,0x4d,0x61,0x6e,0x61,0x67,0x65,0x64,0x5a,0x6f,0x6e,0x65,0x2e,0x74,0x68,0x69,
  0x73,0x51,0x6d,0x6c,0x20,0x3d,0x20,0x53,0x74,0x72,0x69,0x6e,0x67,0x28,0x63,0x6f,
  0x6e,0x74,0x65,0x6e,0x74,0x4e,0x61,0x6d,0x65,0x29,0xd,0xa,0x20,0x20,0x20,0x20,
  0x20,0x20,0x20,0x20,0x7d,0xd,0xa,0x20,0x20,0x20,0x20,0x7d,0xd,0xa,0x20,0x20,
  0x20,0x20,0x63,0x6f,0x6c,0x6f,0x72,0x3a,0x20,0x22,0x74,0x72,0x61,0x6e,0x73,0x70,
  0x61,0x72,0x65,0x6e,0x74,0x22,0x20,0x20,0x2f,0x2f,0x20,0xe8,0xae,0xbe,0xe7,0xbd,
  0xae,0xe4,0xb8,0xba,0xe9,0x80,0x8f,0xe6,0x98,0x8e,0x5c,0xd,0xa,0xd,0xa,0xd,
  0xa,0x20,0x20,0x20,0x20,0x70,0x72,0x6f,0x70,0x65,0x72,0x74,0x79,0x20,0x76,0x61,
  0x72,0x20,0x72,0x69,0x67,0x68,0x74,0x4c,0x69,0x73,0x74,0x3a,0x20,0x5b,0xd,0xa,
  0x20,0x20,0x20,0x20,0x20,0x20,0x20,0x20,0x22,0x43,0x68,0x61,0x74,0x41,0x72,0x65,
  0x61,0x2e,0x71,0x6d,0x6c,0x22,0x2c,0x22,0x55,0x73,0x65,0x72,0x49,0x6e,0x66,0x6f,
  0x41,0x72,0x65,0x61,0x2e,0x71,0x6d,0x6c,0x22,0xd,0xa,0x20,0x20,0x20,0x20,0x5d,
  0xd,0xa,0xd,0xa,0xd,0xa,0x20,0x20,0x20,0x20,0x52,0x6f,0x77,0x4c,0x61,0x79,
  0x6f,0x75,0x74,0x20,0x7b,0xd,0xa,0x20,0x20,0x20,0x20,0x20,0x20,0x20,0x20,0x61,
  0x6e,0x63,0x68,0x6f,0x72,0x73,0x2e,0x66,0x69,0x6c,0x6c,0x3a,0x20,0x6d,0x61,0x69,
  0x6e,0xd,0xa,0x20,0x20,0x20,0x20,0x20,0x20,0x20,0x20,0x73,0x70,0x61,0x63,0x69,
  0x6e,0x67,0x3a,0x30,0xd,0xa,0x20,0x20,0x20,0x20,0x20,0x20,0x20,0x20,0x4c,0x65,
  0x66,0x74,0x4e,0x61,0x76,0x42,0x61,0x72,0x20,0x7b,0xd,0xa,0x20,0x20,0x20,0x20,
  0x20,0x20,0x20,0x20,0x20,0x20,0x20,0x20,0x69,0x64,0x3a,0x6c,0x65,0x66,0x74,0x4e,
  0x61,0x76,0x42,0x61,0x72,0xd,0xa,0x20,0x20,0x20,0x20,0x20,0x20,0x20,0x20,0x20,
  0x20,0x20,0x20,0x4c,0x61,0x79,0x6f,0x75,0x74,0x2e,0x70,0x72,0x65,0x66,0x65,0x72,
  0x72,0x65,0x64,0x57,0x69,0x64,0x74,0x68,0x3a,0x20,0x35,0x36,0xd,0xa,0x20,0x20,
  0x20,0x20,0x20,0x20,0x20,0x20,0x20,0x20,0x20,0x20,0x4c,0x61,0x79,0x6f,0x75,0x74,
  0x2e,0x66,0x69,0x6c,0x6c,0x48,0x65,0x69,0x67,0x68,0x74,0x3a,0x20,0x74,0x72,0x75,
  0x65,0xd,0xa,0x20,0x20,0x20,0x20,0x20,0x20,0x20,0x20,0x20,0x20,0x20,0x20,0x63,
  0x6f,0x6c,0x6f,0x72,0x3a,0x20,0x22,0x23,0x32,0x45,0x32,0x45,0x32,0x45,0x22,0xd,
  0xa,0x20,0x20,0x20,0x20,0x20,0x20,0x20,0x20,0x7d,0xd,0xa,0x20,0x20,0x20,0x20,
  0x20,0x20,0x20,0x20,0x43,0x65,0x6e,0x74,0x65,0x72,0x43,0x6f,0x6e,0x74,0x72,0x6f,
  0x6c,0x41,0x72,0x65,0x61,0x20,0x7b,0xd,0xa,0x20,0x20,0x20,0x20,0x20,0x20,0x20,
  0x20,0x20,0x20,0x20,0x20,0x69,0x64,0x3a,0x63,0x65,0x6e,0x74,0x65,0x72,0x43,0x6f,
  0x6e,0x74,0x72,0x6f,0x6c,0x41,0x72,0x65,0x61,0xd,0xa,0x20,0x20,0x20,0x20,0x20,
  0x20,0x20,0x20,0x20,0x20,0x20,0x20,0x4c,0x61,0x79,0x6f,0x75,0x74,0x2e,0x70,0x72,
  0x65,0x66,0x65,0x72,0x72,0x65,0x64,0x57,0x69,0x64,0x74,0x68,0x3a,0x20,0x32,0x32,
  0x34,0xd,0xa,0x20,0x20,0x20,0x20,0x20,0x20,0x20,0x20,0x20,0x20,0x20,0x20,0x4c,
  0x61,0x79,0x6f,0x75,0x74,0x2e,0x66,0x69,0x6c,0x6c,0x48,0x65,0x69,0x67,0x68,0x74,
  0x3a,0x20,0x74,0x72,0x75,0x65,0xd,0xa,0x20,0x20,0x20,0x20,0x20,0x20,0x20,0x20,
  0x20,0x20,0x20,0x20,0x2f,0x2f,0x20,0x74,0x68,0x69,0x73,0x51,0x6d,0x6c,0x3a,0x20,
  0x63,0x65,0x6e,0x74,0x65,0x72,0x74,0x4c,0x69,0x73,0x74,0x5b,0x6c,0x65,0x66,0x74,
  0x4e,0x61,0x76,0x42,0x61,0x72,0x2e,0x63,0x75,0x72,0x72,0x65,0x6e,0x74,0x49,0x6e,
  0x64,0x65,0x78,0x5d,0xd,0xa,0x20,0x20,0x20,0x20,0x20,0x20,0x20,0x20,0x7d,0xd,
  0xa,0x20,0x20,0x20,0x20,0x20,0x20,0x20,0x20,0x52,0x69,0x67,0x68,0x74,0x4d,0x61,
  0x6e,0x61,0x67,0x65,0x64,0x5a,0x6f,0x6e,0x65,0x20,0x7b,0xd,0xa,0x20,0x20,0x20,
  0x20,0x20,0x20,0x20,0x20,0x20,0x20,0x20,0x20,0x69,0x64,0x3a,0x72,0x69,0x67,0x68,
  0x74,0x4d,0x61,0x6e,0x61,0x67,0x65,0x64,0x5a,0x6f,0x6e,0x65,0xd,0xa,0x20,0x20,
  0x20,0x20,0x20,0x20,0x20,0x20,0x20,0x20,0x20,0x20,0x4c,0x61,0x79,0x6f,0x75,0x74,
  0x2e,0x66,0x69,0x6c,0x6c,0x57,0x69,0x64,0x74,0x68,0x3a,0x20,0x74,0x72,0x75,0x65,
  0xd,0xa,0x20,0x20,0x20,0x20,0x20,0x20,0x20,0x20,0x20,0x20,0x20,0x20,0x4c,0x61,
  0x79,0x6f,0x75,0x74,0x2e,0x66,0x69,0x6c,0x6c,0x48,0x65,0x69,0x67,0x68,0x74,0x3a,
  0x20,0x74,0x72,0x75,0x65,0xd,0xa,0x20,0x20,0x20,0x20,0x20,0x20,0x20,0x20,0x20,
  0x20,0x20,0x20,0x63,0x6f,0x6c,0x6f,0x72,0x3a,0x20,0x22,0x74,0x72,0x61,0x6e,0x73,
  0x70,0x61,0x72,0x65,0x6e,0x74,0x22,0xd,0xa,0x20,0x20,0x20,0x20,0x20,0x20,0x20,
  0x20,0x7d,0xd,0xa,0x20,0x20,0x20,0x20,0x7d,0xd,0xa,0x7d,0xd,0xa,
  
};

static const unsigned char qt_resource_name[] = {
  // qt
  0x0,0x2,
  0x0,0x0,0x7,0x84,
  0x0,0x71,
  0x0,0x74,
    // qml
  0x0,0x3,
  0x0,0x0,0x78,0x3c,
  0x0,0x71,
  0x0,0x6d,0x0,0x6c,
    // chat
  0x0,0x4,
  0x0,0x6,0x9e,0x84,
  0x0,0x63,
  0x0,0x68,0x0,0x61,0x0,0x74,
    // Main.qml
  0x0,0x8,
  0x8,0x1,0x5e,0x5c,
  0x0,0x4d,
  0x0,0x61,0x0,0x69,0x0,0x6e,0x0,0x2e,0x0,0x71,0x0,0x6d,0x0,0x6c,
    // ChatList.qml
  0x0,0xc,
  0x9,0x9a,0x46,0x5c,
  0x0,0x43,
  0x0,0x68,0x0,0x61,0x0,0x74,0x0,0x4c,0x0,0x69,0x0,0x73,0x0,0x74,0x0,0x2e,0x0,0x71,0x0,0x6d,0x0,0x6c,
    // ChatTools.qml
  0x0,0xd,
  0x9,0xe7,0x63,0xdc,
  0x0,0x43,
  0x0,0x68,0x0,0x61,0x0,0x74,0x0,0x54,0x0,0x6f,0x0,0x6f,0x0,0x6c,0x0,0x73,0x0,0x2e,0x0,0x71,0x0,0x6d,0x0,0x6c,
    // SendFileDialog.qml
  0x0,0x12,
  0xd,0x7c,0x2a,0x3c,
  0x0,0x53,
  0x0,0x65,0x0,0x6e,0x0,0x64,0x0,0x46,0x0,0x69,0x0,0x6c,0x0,0x65,0x0,0x44,0x0,0x69,0x0,0x61,0x0,0x6c,0x0,0x6f,0x0,0x67,0x0,0x2e,0x0,0x71,0x0,0x6d,
  0x0,0x6c,
    // FriendAuthList.qml
  0x0,0x12,
  0x2,0xdd,0xff,0x5c,
  0x0,0x46,
  0x0,0x72,0x0,0x69,0x0,0x65,0x0,0x6e,0x0,0x64,0x0,0x41,0x0,0x75,0x0,0x74,0x0,0x68,0x0,0x4c,0x0,0x69,0x0,0x73,0x0,0x74,0x0,0x2e,0x0,0x71,0x0,0x6d,
  0x0,0x6c,
    // BubbleChatBox.qml
  0x0,0x11,
  0xd,0x7e,0x67,0x7c,
  0x0,0x42,
  0x0,0x75,0x0,0x62,0x0,0x62,0x0,0x6c,0x0,0x65,0x0,0x43,0x0,0x68,0x0,0x61,0x0,0x74,0x0,0x42,0x0,0x6f,0x0,0x78,0x0,0x2e,0x0,0x71,0x0,0x6d,0x0,0x6c,
  
    // HoverImage.qml
  0x0,0xe,
  0xa,0x50,0x87,0x9c,
  0x0,0x48,
  0x0,0x6f,0x0,0x76,0x0,0x65,0x0,0x72,0x0,0x49,0x0,0x6d,0x0,0x61,0x0,0x67,0x0,0x65,0x0,0x2e,0x0,0x71,0x0,0x6d,0x0,0x6c,
    // UserList.qml
  0x0,0xc,
  0xb,0x34,0xda,0x5c,
  0x0,0x55,
  0x0,0x73,0x0,0x65,0x0,0x72,0x0,0x4c,0x0,0x69,0x0,0x73,0x0,0x74,0x0,0x2e,0x0,0x71,0x0,0x6d,0x0,0x6c,
    // ChatInput.qml
  0x0,0xd,
  0x4,0x16,0x79,0xbc,
  0x0,0x43,
  0x0,0x68,0x0,0x61,0x0,0x74,0x0,0x49,0x0,0x6e,0x0,0x70,0x0,0x75,0x0,0x74,0x0,0x2e,0x0,0x71,0x0,0x6d,0x0,0x6c,
    // ForgetPasswordPage.qml
  0x0,0x16,
  0x5,0x1a,0x54,0x3c,
  0x0,0x46,
  0x0,0x6f,0x0,0x72,0x0,0x67,0x0,0x65,0x0,0x74,0x0,0x50,0x0,0x61,0x0,0x73,0x0,0x73,0x0,0x77,0x0,0x6f,0x0,0x72,0x0,0x64,0x0,0x50,0x0,0x61,0x0,0x67,
  0x0,0x65,0x0,0x2e,0x0,0x71,0x0,0x6d,0x0,0x6c,
    // XTextInput.qml
  0x0,0xe,
  0x2,0x58,0x5b,0xfc,
  0x0,0x58,
  0x0,0x54,0x0,0x65,0x0,0x78,0x0,0x74,0x0,0x49,0x0,0x6e,0x0,0x70,0x0,0x75,0x0,0x74,0x0,0x2e,0x0,0x71,0x0,0x6d,0x0,0x6c,
    // CenterControlArea.qml
  0x0,0x15,
  0x5,0x75,0xe2,0x9c,
  0x0,0x43,
  0x0,0x65,0x0,0x6e,0x0,0x74,0x0,0x65,0x0,0x72,0x0,0x43,0x0,0x6f,0x0,0x6e,0x0,0x74,0x0,0x72,0x0,0x6f,0x0,0x6c,0x0,0x41,0x0,0x72,0x0,0x65,0x0,0x61,
  0x0,0x2e,0x0,0x71,0x0,0x6d,0x0,0x6c,
    // SearchList.qml
  0x0,0xe,
  0x7,0xb6,0x7c,0x3c,
  0x0,0x53,
  0x0,0x65,0x0,0x61,0x0,0x72,0x0,0x63,0x0,0x68,0x0,0x4c,0x0,0x69,0x0,0x73,0x0,0x74,0x0,0x2e,0x0,0x71,0x0,0x6d,0x0,0x6c,
    // RoundImage.qml
  0x0,0xe,
  0xa,0x61,0x5a,0x1c,
  0x0,0x52,
  0x0,0x6f,0x0,0x75,0x0,0x6e,0x0,0x64,0x0,0x49,0x0,0x6d,0x0,0x61,0x0,0x67,0x0,0x65,0x0,0x2e,0x0,0x71,0x0,0x6d,0x0,0x6c,
    // RegisterPage.qml
  0x0,0x10,
  0x6,0x97,0xf9,0x7c,
  0x0,0x52,
  0x0,0x65,0x0,0x67,0x0,0x69,0x0,0x73,0x0,0x74,0x0,0x65,0x0,0x72,0x0,0x50,0x0,0x61,0x0,0x67,0x0,0x65,0x0,0x2e,0x0,0x71,0x0,0x6d,0x0,0x6c,
    // ChatItem.qml
  0x0,0xc,
  0x3,0x85,0x46,0x3c,
  0x0,0x43,
  0x0,0x68,0x0,0x61,0x0,0x74,0x0,0x49,0x0,0x74,0x0,0x65,0x0,0x6d,0x0,0x2e,0x0,0x71,0x0,0x6d,0x0,0x6c,
    // RightManagedZone.qml
  0x0,0x14,
  0x5,0xc5,0x42,0x7c,
  0x0,0x52,
  0x0,0x69,0x0,0x67,0x0,0x68,0x0,0x74,0x0,0x4d,0x0,0x61,0x0,0x6e,0x0,0x61,0x0,0x67,0x0,0x65,0x0,0x64,0x0,0x5a,0x0,0x6f,0x0,0x6e,0x0,0x65,0x0,0x2e,
  0x0,0x71,0x0,0x6d,0x0,0x6c,
    // FriendAuthItem.qml
  0x0,0x12,
  0x8,0xc6,0xff,0x3c,
  0x0,0x46,
  0x0,0x72,0x0,0x69,0x0,0x65,0x0,0x6e,0x0,0x64,0x0,0x41,0x0,0x75,0x0,0x74,0x0,0x68,0x0,0x49,0x0,0x74,0x0,0x65,0x0,0x6d,0x0,0x2e,0x0,0x71,0x0,0x6d,
  0x0,0x6c,
    // FramelessWindow.qml
  0x0,0x13,
  0x4,0x1b,0x6,0x7c,
  0x0,0x46,
  0x0,0x72,0x0,0x61,0x0,0x6d,0x0,0x65,0x0,0x6c,0x0,0x65,0x0,0x73,0x0,0x73,0x0,0x57,0x0,0x69,0x0,0x6e,0x0,0x64,0x0,0x6f,0x0,0x77,0x0,0x2e,0x0,0x71,
  0x0,0x6d,0x0,0x6c,
    // rc.qrc
  0x0,0x6,
  0x7,0x86,0x58,0x83,
  0x0,0x72,
  0x0,0x63,0x0,0x2e,0x0,0x71,0x0,0x72,0x0,0x63,
    // SearchArea.qml
  0x0,0xe,
  0xf,0xa5,0x7b,0x5c,
  0x0,0x53,
  0x0,0x65,0x0,0x61,0x0,0x72,0x0,0x63,0x0,0x68,0x0,0x41,0x0,0x72,0x0,0x65,0x0,0x61,0x0,0x2e,0x0,0x71,0x0,0x6d,0x0,0x6c,
    // UserItem.qml
  0x0,0xc,
  0x1,0x2f,0xda,0x3c,
  0x0,0x55,
  0x0,0x73,0x0,0x65,0x0,0x72,0x0,0x49,0x0,0x74,0x0,0x65,0x0,0x6d,0x0,0x2e,0x0,0x71,0x0,0x6d,0x0,0x6c,
    // ChatArea.qml
  0x0,0xc,
  0x1,0x91,0x49,0x3c,
  0x0,0x43,
  0x0,0x68,0x0,0x61,0x0,0x74,0x0,0x41,0x0,0x72,0x0,0x65,0x0,0x61,0x0,0x2e,0x0,0x71,0x0,0x6d,0x0,0x6c,
    // ChatContent.qml
  0x0,0xf,
  0xd,0x42,0xbc,0xdc,
  0x0,0x43,
  0x0,0x68,0x0,0x61,0x0,0x74,0x0,0x43,0x0,0x6f,0x0,0x6e,0x0,0x74,0x0,0x65,0x0,0x6e,0x0,0x74,0x0,0x2e,0x0,0x71,0x0,0x6d,0x0,0x6c,
    // ApplyFriendPage.qml
  0x0,0x13,
  0x7,0xfc,0x33,0xdc,
  0x0,0x41,
  0x0,0x70,0x0,0x70,0x0,0x6c,0x0,0x79,0x0,0x46,0x0,0x72,0x0,0x69,0x0,0x65,0x0,0x6e,0x0,0x64,0x0,0x50,0x0,0x61,0x0,0x67,0x0,0x65,0x0,0x2e,0x0,0x71,
  0x0,0x6d,0x0,0x6c,
    // LeftNavBar.qml
  0x0,0xe,
  0xf,0x37,0xd5,0xdc,
  0x0,0x4c,
  0x0,0x65,0x0,0x66,0x0,0x74,0x0,0x4e,0x0,0x61,0x0,0x76,0x0,0x42,0x0,0x61,0x0,0x72,0x0,0x2e,0x0,0x71,0x0,0x6d,0x0,0x6c,
    // LoginPage.qml
  0x0,0xd,
  0x1,0x6c,0x53,0xbc,
  0x0,0x4c,
  0x0,0x6f,0x0,0x67,0x0,0x69,0x0,0x6e,0x0,0x50,0x0,0x61,0x0,0x67,0x0,0x65,0x0,0x2e,0x0,0x71,0x0,0x6d,0x0,0x6c,
    // MainWindow.qml
  0x0,0xe,
  0xb,0x71,0xfc,0x5c,
  0x0,0x4d,
  0x0,0x61,0x0,0x69,0x0,0x6e,0x0,0x57,0x0,0x69,0x0,0x6e,0x0,0x64,0x0,0x6f,0x0,0x77,0x0,0x2e,0x0,0x71,0x0,0x6d,0x0,0x6c,
  
};

static const unsigned char qt_resource_struct[] = {
  // :
  0x0,0x0,0x0,0x0,0x0,0x2,0x0,0x0,0x0,0x1,0x0,0x0,0x0,0x1,
0x0,0x0,0x0,0x0,0x0,0x0,0x0,0x0,
  // :/qt
  0x0,0x0,0x0,0x0,0x0,0x2,0x0,0x0,0x0,0x1,0x0,0x0,0x0,0x2,
0x0,0x0,0x0,0x0,0x0,0x0,0x0,0x0,
  // :/qt/qml
  0x0,0x0,0x0,0xa,0x0,0x2,0x0,0x0,0x0,0x1,0x0,0x0,0x0,0x3,
0x0,0x0,0x0,0x0,0x0,0x0,0x0,0x0,
  // :/qt/qml/chat
  0x0,0x0,0x0,0x16,0x0,0x2,0x0,0x0,0x0,0x1c,0x0,0x0,0x0,0x4,
0x0,0x0,0x0,0x0,0x0,0x0,0x0,0x0,
  // :/qt/qml/chat/UserItem.qml
  0x0,0x0,0x3,0x18,0x0,0x0,0x0,0x0,0x0,0x1,0x0,0x0,0x88,0x1f,
0x0,0x0,0x1,0x96,0x61,0x3a,0x2a,0x11,
  // :/qt/qml/chat/LoginPage.qml
  0x0,0x0,0x3,0xc6,0x0,0x1,0x0,0x0,0x0,0x1,0x0,0x0,0xa4,0xd5,
0x0,0x0,0x1,0x96,0x6b,0x6f,0xe0,0xcc,
  // :/qt/qml/chat/ChatArea.qml
  0x0,0x0,0x3,0x36,0x0,0x0,0x0,0x0,0x0,0x1,0x0,0x0,0x8c,0xe5,
0x0,0x0,0x1,0x96,0x61,0x41,0xa7,0x2c,
  // :/qt/qml/chat/XTextInput.qml
  0x0,0x0,0x1,0x86,0x0,0x0,0x0,0x0,0x0,0x1,0x0,0x0,0x50,0xe6,
0x0,0x0,0x1,0x96,0x5b,0xb3,0x42,0x20,
  // :/qt/qml/chat/FriendAuthList.qml
  0x0,0x0,0x0,0xa2,0x0,0x0,0x0,0x0,0x0,0x1,0x0,0x0,0x1a,0x64,
0x0,0x0,0x1,0x96,0x65,0x44,0x5f,0x14,
  // :/qt/qml/chat/ChatItem.qml
  0x0,0x0,0x2,0x42,0x0,0x0,0x0,0x0,0x0,0x1,0x0,0x0,0x68,0xb7,
0x0,0x0,0x1,0x96,0x5c,0xf4,0x61,0x94,
  // :/qt/qml/chat/ChatInput.qml
  0x0,0x0,0x1,0x34,0x0,0x0,0x0,0x0,0x0,0x1,0x0,0x0,0x3c,0x95,
0x0,0x0,0x1,0x96,0x5d,0x97,0x44,0x8d,
  // :/qt/qml/chat/FramelessWindow.qml
  0x0,0x0,0x2,0xb8,0x0,0x1,0x0,0x0,0x0,0x1,0x0,0x0,0x7d,0x87,
0x0,0x0,0x1,0x96,0x60,0xc1,0x36,0x39,
  // :/qt/qml/chat/ForgetPasswordPage.qml
  0x0,0x0,0x1,0x54,0x0,0x1,0x0,0x0,0x0,0x1,0x0,0x0,0x48,0xd5,
0x0,0x0,0x1,0x96,0x5b,0xb3,0x42,0x1e,
  // :/qt/qml/chat/CenterControlArea.qml
  0x0,0x0,0x1,0xa8,0x0,0x0,0x0,0x0,0x0,0x1,0x0,0x0,0x53,0x49,
0x0,0x0,0x1,0x96,0x65,0xab,0xc1,0x57,
  // :/qt/qml/chat/RightManagedZone.qml
  0x0,0x0,0x2,0x60,0x0,0x0,0x0,0x0,0x0,0x1,0x0,0x0,0x73,0x8d,
0x0,0x0,0x1,0x96,0x65,0x41,0x7a,0x22,
  // :/qt/qml/chat/RegisterPage.qml
  0x0,0x0,0x2,0x1c,0x0,0x1,0x0,0x0,0x0,0x1,0x0,0x0,0x60,0x37,
0x0,0x0,0x1,0x96,0x5b,0xb3,0x42,0x20,
  // :/qt/qml/chat/rc.qrc
  0x0,0x0,0x2,0xe4,0x0,0x1,0x0,0x0,0x0,0x1,0x0,0x0,0x82,0xb2,
0x0,0x0,0x1,0x96,0x65,0x83,0xf7,0x8c,
  // :/qt/qml/chat/SearchList.qml
  0x0,0x0,0x1,0xd8,0x0,0x0,0x0,0x0,0x0,0x1,0x0,0x0,0x58,0x25,
0x0,0x0,0x1,0x96,0x6b,0xac,0xde,0x4f,
  // :/qt/qml/chat/ApplyFriendPage.qml
  0x0,0x0,0x3,0x78,0x0,0x0,0x0,0x0,0x0,0x1,0x0,0x0,0x97,0x1b,
0x0,0x0,0x1,0x96,0x6b,0xb3,0x3d,0x84,
  // :/qt/qml/chat/Main.qml
  0x0,0x0,0x0,0x24,0x0,0x1,0x0,0x0,0x0,0x1,0x0,0x0,0x0,0x0,
0x0,0x0,0x1,0x96,0x5b,0xd9,0xff,0x29,
  // :/qt/qml/chat/FriendAuthItem.qml
  0x0,0x0,0x2,0x8e,0x0,0x0,0x0,0x0,0x0,0x1,0x0,0x0,0x79,0x26,
0x0,0x0,0x1,0x96,0x65,0x5d,0x78,0x75,
  // :/qt/qml/chat/ChatList.qml
  0x0,0x0,0x0,0x3a,0x0,0x0,0x0,0x0,0x0,0x1,0x0,0x0,0x2,0x85,
0x0,0x0,0x1,0x96,0x65,0x38,0xf2,0x2,
  // :/qt/qml/chat/ChatTools.qml
  0x0,0x0,0x0,0x58,0x0,0x0,0x0,0x0,0x0,0x1,0x0,0x0,0x11,0x18,
0x0,0x0,0x1,0x96,0x60,0xc4,0xb2,0xfc,
  // :/qt/qml/chat/HoverImage.qml
  0x0,0x0,0x0,0xf4,0x0,0x0,0x0,0x0,0x0,0x1,0x0,0x0,0x2e,0x63,
0x0,0x0,0x1,0x96,0x5d,0x5b,0xd9,0x41,
  // :/qt/qml/chat/RoundImage.qml
  0x0,0x0,0x1,0xfa,0x0,0x0,0x0,0x0,0x0,0x1,0x0,0x0,0x5e,0xc2,
0x0,0x0,0x1,0x96,0x5b,0xb3,0x42,0x20,
  // :/qt/qml/chat/UserList.qml
  0x0,0x0,0x1,0x16,0x0,0x0,0x0,0x0,0x0,0x1,0x0,0x0,0x32,0xa1,
0x0,0x0,0x1,0x96,0x65,0x77,0x1b,0xf8,
  // :/qt/qml/chat/MainWindow.qml
  0x0,0x0,0x3,0xe6,0x0,0x0,0x0,0x0,0x0,0x1,0x0,0x0,0xad,0xe,
0x0,0x0,0x1,0x96,0x65,0x4a,0x54,0x12,
  // :/qt/qml/chat/ChatContent.qml
  0x0,0x0,0x3,0x54,0x0,0x0,0x0,0x0,0x0,0x1,0x0,0x0,0x90,0xfe,
0x0,0x0,0x1,0x96,0x5d,0xae,0xa0,0x46,
  // :/qt/qml/chat/SendFileDialog.qml
  0x0,0x0,0x0,0x78,0x0,0x1,0x0,0x0,0x0,0x1,0x0,0x0,0x17,0xdd,
0x0,0x0,0x1,0x96,0x60,0xf1,0x87,0x3d,
  // :/qt/qml/chat/BubbleChatBox.qml
  0x0,0x0,0x0,0xcc,0x0,0x0,0x0,0x0,0x0,0x1,0x0,0x0,0x20,0x44,
0x0,0x0,0x1,0x96,0x5d,0xe9,0x61,0xd6,
  // :/qt/qml/chat/LeftNavBar.qml
  0x0,0x0,0x3,0xa4,0x0,0x0,0x0,0x0,0x0,0x1,0x0,0x0,0x99,0x32,
0x0,0x0,0x1,0x96,0x65,0x54,0x5b,0xf0,
  // :/qt/qml/chat/SearchArea.qml
  0x0,0x0,0x2,0xf6,0x0,0x1,0x0,0x0,0x0,0x1,0x0,0x0,0x83,0xb7,
0x0,0x0,0x1,0x96,0x65,0xa8,0xab,0x8e,

};

#ifdef QT_NAMESPACE
#  define QT_RCC_PREPEND_NAMESPACE(name) ::QT_NAMESPACE::name
#  define QT_RCC_MANGLE_NAMESPACE0(x) x
#  define QT_RCC_MANGLE_NAMESPACE1(a, b) a##_##b
#  define QT_RCC_MANGLE_NAMESPACE2(a, b) QT_RCC_MANGLE_NAMESPACE1(a,b)
#  define QT_RCC_MANGLE_NAMESPACE(name) QT_RCC_MANGLE_NAMESPACE2( \
        QT_RCC_MANGLE_NAMESPACE0(name), QT_RCC_MANGLE_NAMESPACE0(QT_NAMESPACE))
#else
#   define QT_RCC_PREPEND_NAMESPACE(name) name
#   define QT_RCC_MANGLE_NAMESPACE(name) name
#endif

#if defined(QT_INLINE_NAMESPACE)
inline namespace QT_NAMESPACE {
#elif defined(QT_NAMESPACE)
namespace QT_NAMESPACE {
#endif

bool qRegisterResourceData(int, const unsigned char *, const unsigned char *, const unsigned char *);
bool qUnregisterResourceData(int, const unsigned char *, const unsigned char *, const unsigned char *);

#if defined(__ELF__) || defined(__APPLE__)
static inline unsigned char qResourceFeatureZlib()
{
    extern const unsigned char qt_resourceFeatureZlib;
    return qt_resourceFeatureZlib;
}
#else
unsigned char qResourceFeatureZlib();
#endif

#ifdef QT_NAMESPACE
}
#endif

int QT_RCC_MANGLE_NAMESPACE(qInitResources_appchat_raw_qml_0)();
int QT_RCC_MANGLE_NAMESPACE(qInitResources_appchat_raw_qml_0)()
{
    int version = 3;
    QT_RCC_PREPEND_NAMESPACE(qRegisterResourceData)
        (version, qt_resource_struct, qt_resource_name, qt_resource_data);
    return 1;
}

int QT_RCC_MANGLE_NAMESPACE(qCleanupResources_appchat_raw_qml_0)();
int QT_RCC_MANGLE_NAMESPACE(qCleanupResources_appchat_raw_qml_0)()
{
    int version = 3;
    version += QT_RCC_PREPEND_NAMESPACE(qResourceFeatureZlib());
    QT_RCC_PREPEND_NAMESPACE(qUnregisterResourceData)
       (version, qt_resource_struct, qt_resource_name, qt_resource_data);
    return 1;
}

#ifdef __clang__
#   pragma clang diagnostic push
#   pragma clang diagnostic ignored "-Wexit-time-destructors"
#endif

namespace {
   struct initializer {
       initializer() { QT_RCC_MANGLE_NAMESPACE(qInitResources_appchat_raw_qml_0)(); }
       ~initializer() { QT_RCC_MANGLE_NAMESPACE(qCleanupResources_appchat_raw_qml_0)(); }
   } dummy;
}

#ifdef __clang__
#   pragma clang diagnostic pop
#endif
